station_id,country,region,station_name,lat,lon,elevation,year,Tem1,Tem2,Tem3,Tem4,Tem5,Tem6,Tem7,Tem8,Tem9,Tem10,Tem11,Tem12,Os1,Os2,Os3,Os4,Os5,Os6,Os7,Os8,Os9,Os10,Os11,Os12
17150,Турция,Турция,,,,,1937,,,,,,,,,,,,,56.0,68.0,13.0,59.0,15.0,0.8,16.0,34.0,10.0,91.0,122.0,99.0
17150,Турция,Турция,,,,,1938,,,,,,,,,,,,,62.0,67.0,38.0,45.0,68.0,5.0,7.0,0.0,43.0,59.0,22.0,96.0
17150,Турция,Турция,,,,,1939,,,,,,,,,,,,,66.0,17.0,132.0,1.0,27.0,54.0,5.0,11.0,31.0,40.0,120.0,208.0
17150,Турция,Турция,,,,,1940,,,,,,,,,,,,,71.0,65.0,72.0,166.0,39.0,100.0,33.0,-999.9,8.0,55.0,62.0,238.0
17150,Турция,Турция,,,,,1941,,,,,,,,,,,,,120.0,128.0,17.0,44.0,40.0,16.0,4.0,-999.9,9.0,83.0,28.0,68.0
17150,Турция,Турция,,,,,1942,,,,,,,,,,,,,157.0,95.0,30.0,30.0,46.0,6.0,23.0,19.0,18.0,60.0,136.0,36.0
17150,Турция,Турция,,,,,1943,,,,,,,,,,,,,156.0,20.0,11.0,73.0,102.0,19.0,0.6,-999.9,43.0,15.0,89.0,98.0
17150,Турция,Турция,,,,,1944,,,,,,,,,,,,,60.0,215.0,204.0,24.0,50.0,6.0,14.0,15.0,18.0,107.0,69.0,26.0
17150,Турция,Турция,,,,,1945,,,,,,,,,,,,,216.0,34.0,40.0,52.0,2.0,0.0,0.2,-999.9,1.0,32.0,37.0,131.0
17150,Турция,Турция,,,,,1946,,,,,,,,,,,,,37.0,102.0,89.0,16.0,30.0,6.0,0.3,-999.9,1.0,58.0,93.0,104.0
17150,Турция,Турция,,,,,1947,,,,,,,,,,,,,80.0,73.0,50.0,13.0,6.0,6.0,5.0,42.0,5.0,80.0,82.0,148.0
17150,Турция,Турция,,,,,1948,,,,,,,,,,,,,88.0,107.0,56.0,51.0,54.0,63.0,-999.9,-999.9,0.0,17.0,9.0,14.0
17150,Турция,Турция,,,,,1949,,,,,,,,,,,,,39.0,14.0,118.0,59.0,26.0,48.0,49.0,10.0,28.0,-999.9,47.0,82.0
17150,Турция,Турция,,,,,1950,1.4,5.0,7.8,15.6,17.2,22.1,24.9,23.7,22.1,13.5,9.0,8.7,112.0,39.0,35.0,36.0,65.0,13.0,2.0,8.0,21.0,21.0,65.0,107.0
17150,Турция,Турция,,,,,1951,6.7,8.1,10.5,13.7,19.0,21.2,24.3,25.3,21.8,13.5,11.8,5.1,69.0,80.0,70.0,23.0,69.0,3.0,28.0,4.0,5.0,55.0,45.0,62.0
17150,Турция,Турция,,,,,1952,7.0,7.0,8.4,13.4,16.3,20.4,23.1,26.2,24.6,17.4,13.3,11.7,126.0,194.0,27.0,5.0,55.0,15.0,-999.9,-999.9,11.0,111.0,138.0,39.0
17150,Турция,Турция,,,,,1953,7.4,6.9,4.6,12.9,16.6,22.0,24.8,24.7,19.9,15.5,7.5,2.8,107.0,114.0,43.0,29.0,52.0,78.0,-999.9,-999.9,17.0,58.0,21.0,43.0
17150,Турция,Турция,,,,,1954,1.4,2.9,9.1,10.7,17.8,24.1,26.0,26.0,21.9,17.2,11.3,7.2,90.0,88.0,45.0,57.0,42.0,4.0,11.0,0.3,12.0,10.0,72.0,103.0
17150,Турция,Турция,,,,,1955,8.7,11.2,9.5,10.6,17.9,21.6,24.8,23.7,21.6,18.3,10.6,8.0,77.0,82.0,47.0,80.0,1.0,6.0,9.0,6.0,0.5,53.0,293.0,49.0
17150,Турция,Турция,,,,,1956,6.6,4.8,5.2,13.2,17.1,21.3,24.4,25.5,20.4,14.5,10.0,5.1,63.0,102.0,78.0,32.0,26.0,17.0,13.0,7.0,0.7,10.0,61.0,42.0
17150,Турция,Турция,,,,,1957,4.1,7.9,7.5,12.2,16.4,22.3,24.1,25.6,22.2,17.8,11.1,6.4,47.0,29.0,24.0,21.0,42.0,30.0,0.3,-999.9,18.0,7.0,83.0,59.0
17150,Турция,Турция,,,,,1958,5.7,9.4,9.1,12.8,19.2,21.8,24.5,24.4,19.5,14.8,11.1,8.9,89.0,18.0,124.0,61.0,23.0,15.0,0.4,6.0,30.0,68.0,45.0,103.0
17150,Турция,Турция,,,,,1959,5.8,3.0,7.5,12.9,16.7,20.8,24.5,24.6,18.4,13.1,10.0,9.4,143.0,11.0,44.0,28.0,29.0,42.0,45.0,0.0,4.0,37.0,55.0,121.0
17150,Турция,Турция,,,,,1960,6.9,6.8,8.0,11.8,17.3,20.6,23.5,24.4,20.1,18.7,13.1,11.1,122.0,93.0,45.0,37.0,84.0,74.0,4.0,0.0,26.0,24.0,63.0,144.0
17150,Турция,Турция,,,,,1961,5.1,5.2,8.6,14.6,17.7,21.9,23.5,24.5,18.9,15.7,13.6,8.3,62.0,64.0,15.0,53.0,29.0,45.0,3.0,5.0,8.0,23.0,54.0,60.0
17150,Турция,Турция,,,,,1962,6.5,5.1,10.7,12.1,18.2,21.1,23.8,25.6,21.4,17.0,15.3,8.4,62.0,95.0,103.0,42.0,22.0,13.0,4.0,-999.9,7.0,59.0,112.0,294.0
17150,Турция,Турция,,,,,1963,5.6,8.7,7.0,10.9,16.7,21.7,25.1,25.7,22.4,16.5,11.4,7.8,187.0,78.0,47.0,48.0,30.0,31.0,10.0,-999.9,7.0,66.0,49.0,177.0
17150,Турция,Турция,,,,,1964,0.3,4.5,8.1,12.6,15.9,22.0,23.6,22.7,19.1,16.5,10.0,8.1,16.0,73.0,116.0,8.0,45.0,2.0,0.0,10.0,65.0,0.0,74.0,153.0
17150,Турция,Турция,,,,,1965,5.3,2.9,8.3,11.5,16.7,22.4,24.4,22.4,21.2,13.6,11.4,9.0,43.0,200.0,33.0,148.0,48.0,3.0,0.0,13.0,0.0,16.0,111.0,89.0
17150,Турция,Турция,,,,,1966,6.5,9.6,8.6,13.9,16.6,20.4,24.9,25.2,20.0,18.8,13.7,8.2,137.0,13.0,139.0,120.0,55.0,24.0,0.0,20.0,36.0,12.0,53.0,115.0
17150,Турция,Турция,,,,,1967,3.3,3.2,8.1,13.1,17.4,20.3,24.3,24.6,20.7,16.2,10.9,7.8,161.0,21.0,46.0,69.0,18.0,48.0,0.0,0.3,59.0,66.0,16.0,97.0
17150,Турция,Турция,,,,,1968,3.8,6.3,7.4,13.9,20.4,21.7,24.3,22.7,19.9,14.3,10.7,7.9,264.0,63.0,56.0,17.0,60.0,24.0,-999.9,49.0,67.0,14.0,43.0,59.0
17150,Турция,Турция,,,,,1969,3.6,8.2,7.6,10.9,19.5,23.3,22.0,24.1,22.0,15.7,12.5,9.5,120.0,70.0,56.0,46.0,10.0,64.0,53.0,4.0,0.9,2.0,5.0,150.0
17150,Турция,Турция,,,,,1970,7.7,9.5,10.2,15.5,16.8,21.9,24.7,24.3,20.0,14.4,10.8,6.4,72.0,156.0,59.0,56.0,44.0,10.0,6.0,4.0,19.0,35.0,72.0,65.0
17150,Турция,Турция,,,,,1971,8.6,6.1,8.8,12.0,18.5,21.7,23.0,24.3,20.5,13.7,10.8,5.2,76.0,70.0,93.0,20.0,30.0,13.0,11.0,3.0,16.0,20.0,94.0,99.0
17150,Турция,Турция,,,,,1972,2.8,5.2,8.6,15.9,17.6,22.5,24.8,24.0,21.3,14.5,10.7,4.6,35.0,27.0,22.0,76.0,66.0,29.0,11.0,52.0,52.0,88.0,36.0,0.2
17150,Турция,Турция,,,,,1973,4.0,8.2,7.0,12.2,18.0,20.4,24.8,22.6,21.1,16.3,8.2,6.9,29.0,123.0,49.0,100.0,16.0,34.0,7.0,27.0,16.0,66.0,132.0,111.0
17150,Турция,Турция,,,,,1974,1.5,6.0,8.2,11.3,16.9,21.8,23.7,23.5,20.6,18.9,10.5,5.2,36.0,66.0,53.0,52.0,86.0,5.0,8.0,5.0,18.0,4.0,88.0,81.0
17150,Турция,Турция,,,,,1975,3.6,4.0,10.4,14.3,17.4,21.8,24.7,23.7,21.0,15.7,9.4,3.2,119.0,37.0,65.0,60.0,79.0,25.0,0.0,0.0,11.0,15.0,88.0,29.0
17150,Турция,Турция,,,,,1976,3.4,2.8,6.8,12.6,16.3,20.3,23.5,20.8,19.1,15.9,11.2,5.6,42.0,35.0,12.0,193.0,41.0,18.0,7.0,62.0,5.0,98.0,19.0,71.0
17150,Турция,Турция,,,,,1977,5.2,9.2,8.4,12.1,17.5,22.1,24.0,25.0,19.9,12.8,12.0,5.5,40.0,23.0,45.0,41.0,5.0,2.0,4.0,0.0,155.0,16.0,111.0,84.0
17150,Турция,Турция,,,,,1978,4.6,8.4,9.7,12.4,17.7,22.0,23.7,22.0,18.4,15.1,8.6,7.6,201.0,135.0,330.0,71.0,59.0,0.3,0.0,50.0,120.0,56.0,73.0,15.0
17150,Турция,Турция,,,,,1979,6.2,7.7,10.4,12.2,17.1,22.7,23.6,24.1,20.4,15.8,10.7,7.0,110.0,57.0,26.0,55.0,42.0,20.0,4.0,9.0,9.0,28.0,110.0,74.0
17150,Турция,Турция,,,,,1980,3.3,5.1,7.1,11.7,16.7,21.0,23.7,23.8,18.5,17.2,11.9,6.8,148.0,27.0,308.0,65.0,59.0,73.0,28.0,0.0,7.0,9.0,126.0,111.0
17150,Турция,Турция,,,,,1981,4.3,5.1,10.0,12.6,15.5,22.6,23.1,23.4,20.5,18.3,8.3,10.5,146.0,28.0,51.0,5.0,75.0,0.0,11.0,28.0,16.0,32.0,98.0,300.0
17150,Турция,Турция,,,,,1982,5.5,3.3,6.6,12.7,16.0,21.5,22.0,22.8,21.7,15.7,8.7,7.9,49.0,30.0,26.0,77.0,66.0,2.0,25.0,0.0,0.0,39.0,3.0,104.0
17150,Турция,Турция,,,,,1983,3.3,4.2,8.6,14.2,18.2,21.0,24.7,22.6,20.1,14.3,9.8,7.1,48.0,50.0,13.0,45.0,30.0,11.0,52.0,0.0,0.0,38.0,108.0,58.0
17150,Турция,Турция,,,,,1984,6.4,7.0,7.8,10.6,19.0,21.0,23.0,22.0,21.4,17.0,10.7,4.7,76.0,70.0,63.0,103.0,10.0,5.0,27.0,5.0,0.0,22.0,71.0,13.0
17150,Турция,Турция,,,,,1985,7.9,1.6,7.4,14.6,19.4,21.7,22.9,24.1,19.5,13.1,11.5,7.3,125.0,38.0,52.0,8.0,48.0,5.0,0.0,0.0,0.0,9.0,107.0,40.0
17150,Турция,Турция,,,,,1986,7.7,7.5,7.8,14.3,15.7,22.6,24.1,25.6,21.7,14.7,7.4,4.8,119.0,105.0,17.0,21.0,11.0,19.0,0.0,0.0,0.0,21.0,25.0,86.0
17150,Турция,Турция,,,,,1987,6.4,6.7,4.1,10.8,16.6,21.6,24.8,23.1,21.2,14.2,9.6,5.7,165.0,44.0,31.0,24.0,39.0,17.0,3.0,0.0,0.0,31.0,114.0,136.0
17150,Турция,Турция,,,,,1988,5.3,5.0,8.6,12.3,17.0,22.3,25.7,24.5,20.1,14.5,6.8,6.1,18.0,46.0,107.0,41.0,11.0,23.0,0.0,0.0,5.0,20.0,167.0,112.0
17150,Турция,Турция,,,,,1989,1.7,5.3,9.5,15.9,16.2,20.2,23.4,23.9,20.1,13.9,8.6,5.5,11.0,4.0,45.0,10.0,32.0,35.0,2.0,0.0,10.0,60.0,65.0,121.0
17150,Турция,Турция,,,,,1990,3.0,6.3,8.5,13.3,16.0,20.7,23.8,23.2,19.1,15.3,11.5,7.2,5.0,37.0,31.0,67.0,21.0,17.0,0.3,0.0,13.0,31.0,166.0,119.0
17150,Турция,Турция,,,,,1991,4.3,4.2,7.5,11.5,15.8,21.1,23.6,23.9,19.6,15.1,10.1,2.2,18.0,106.0,16.0,69.0,123.0,0.3,6.0,0.0,8.0,23.0,26.0,27.0
17150,Турция,Турция,,,,,1992,1.8,1.7,7.2,12.2,14.9,21.5,22.6,25.1,19.5,17.7,8.0,3.5,3.0,26.0,64.0,46.0,18.0,38.0,26.0,0.0,0.0,40.0,73.0,65.0
17150,Турция,Турция,,,,,1993,1.7,2.9,7.2,11.5,15.7,21.2,23.2,24.5,20.3,16.7,8.1,7.8,26.0,73.0,40.0,53.0,60.0,1.0,8.0,15.0,15.0,12.0,65.0,58.0
17150,Турция,Турция,,,,,1994,6.1,5.0,8.1,13.9,17.8,21.1,24.3,24.8,23.5,17.6,7.9,3.7,36.0,83.0,26.0,20.0,29.0,23.0,137.0,0.0,0.0,50.0,84.0,62.0
17150,Турция,Турция,,,,,1995,6.0,6.9,7.8,11.0,17.2,24.2,24.3,24.0,20.5,13.2,5.9,6.9,114.0,15.0,114.0,65.0,3.0,9.0,4.0,8.0,18.0,20.0,100.0,62.0
17150,Турция,Турция,,,,,1996,2.9,5.8,5.2,10.0,19.3,21.4,23.8,23.7,19.2,13.1,10.2,9.3,106.0,74.0,104.0,20.0,12.0,0.0,0.0,9.0,59.0,19.0,12.0,108.0
17150,Турция,Турция,,,,,1997,5.3,4.0,5.7,9.3,17.8,22.3,24.9,22.7,18.4,14.4,10.1,6.7,76.0,34.0,76.0,102.0,3.0,8.0,3.0,3.0,0.0,111.0,51.0,180.0
17150,Турция,Турция,,,,,1998,3.8,5.6,5.9,14.0,16.6,21.9,25.4,25.2,20.1,15.7,10.8,5.6,49.0,70.0,67.0,22.0,106.0,0.0,0.0,0.0,16.0,97.0,117.0,78.0
17150,Турция,Турция,,,,,1999,5.3,5.6,8.4,13.1,18.0,23.2,25.8,25.0,20.9,16.7,10.4,8.7,42.0,158.0,73.0,40.0,1.0,6.0,19.0,0.8,5.0,10.0,69.0,56.0
17150,Турция,Турция,,,,,2000,1.8,4.9,7.0,14.8,17.0,21.3,25.5,24.0,20.7,14.5,10.4,7.2,45.0,103.0,85.0,69.0,32.0,20.0,0.0,2.0,4.0,52.0,34.0,26.0
17150,Турция,Турция,,,,,2001,6.8,6.6,12.6,13.3,17.2,22.5,26.7,25.7,21.4,16.5,9.7,4.6,22.0,83.0,22.0,76.0,102.0,27.0,0.0,2.0,29.0,0.0,110.0,136.0
17150,Турция,Турция,,,,,2002,2.3,7.9,9.3,11.9,17.2,23.2,27.1,25.9,20.5,15.2,9.3,4.3,57.0,45.0,76.0,77.0,42.0,1.0,12.0,3.0,54.0,60.0,79.0,54.0
17150,Турция,Турция,,,,,2003,7.9,2.3,4.5,9.9,18.9,23.4,25.4,25.3,19.6,16.3,8.6,5.6,71.0,79.0,31.0,70.0,22.0,0.0,0.0,0.0,40.0,54.0,44.0,66.0
17150,Турция,Турция,,,,,2004,4.1,4.8,9.0,12.2,17.1,22.3,25.0,24.1,21.1,17.5,10.4,7.0,138.0,34.0,24.0,49.0,17.0,22.0,1.0,7.0,0.0,7.0,173.0,34.0
17150,Турция,Турция,,,,,2005,5.5,5.8,8.2,13.2,18.0,21.5,25.7,26.2,21.1,13.9,9.5,7.5,87.0,90.0,89.0,34.0,34.0,28.0,10.0,1.0,13.0,17.0,99.0,60.0
17150,Турция,Турция,,,,,2006,2.5,4.7,9.0,13.4,17.5,22.2,23.8,26.4,19.6,15.9,7.3,3.4,46.0,71.0,71.0,21.0,14.0,71.0,3.0,0.0,69.0,47.0,32.0,29.0
17150,Турция,Турция,,,,,2007,5.5,6.5,8.8,11.0,19.5,24.9,26.4,26.7,21.1,16.3,8.8,4.3,29.0,18.0,44.0,15.0,44.0,7.0,0.0,0.0,0.0,90.0,102.0,120.0
17150,Турция,Турция,,,,,2008,1.3,3.6,11.4,14.1,17.2,23.5,25.0,26.2,20.4,15.9,11.2,6.4,37.0,13.0,54.0,42.0,5.0,14.0,0.0,4.0,33.0,39.0,53.0,60.0
17150,Турция,Турция,,,,,2009,5.2,7.0,8.3,12.0,17.6,22.8,25.5,24.3,20.0,17.4,9.3,8.9,120.0,120.0,121.0,54.0,52.0,35.0,2.0,0.0,29.0,31.0,93.0,118.0
17150,Турция,Турция,,,,,2010,6.1,9.3,9.0,13.0,18.5,22.5,25.5,27.5,21.4,14.6,13.3,8.5,165.0,167.0,39.0,37.0,44.0,96.0,1.0,2.0,58.0,202.0,31.0,155.0
17150,Турция,Турция,,,,,2011,4.2,5.0,7.6,10.3,16.1,21.7,26.1,24.1,21.8,12.9,5.8,5.3,37.0,34.0,40.0,65.0,36.0,4.0,4.0,0.0,91.0,94.0,1.0,153.0
17150,Турция,Турция,,,,,2012,2.6,2.2,7.1,14.2,17.4,24.1,27.1,25.3,22.3,18.4,12.4,6.8,78.0,119.0,40.0,68.0,87.0,0.0,0.0,14.0,7.0,26.0,33.0,141.0
17150,Турция,Турция,,,,,2013,6.2,8.0,10.7,13.1,19.7,22.7,24.9,25.8,20.7,13.4,11.0,1.6,132.0,111.0,90.0,43.0,5.0,17.0,0.0,0.0,12.0,64.0,115.0,22.0
17150,Турция,Турция,,,,,2014,7.3,7.3,9.5,13.6,17.4,21.8,25.5,25.6,20.4,15.8,10.5,8.5,41.0,10.0,46.0,114.0,40.0,94.0,5.0,25.0,99.0,83.0,38.0,115.0
17150,Турция,Турция,,,,,2015,4.5,6.3,8.8,11.0,18.7,21.1,25.0,26.1,23.1,16.0,11.6,3.0,97.0,64.0,62.0,69.0,36.0,93.0,0.0,0.0,49.0,108.0,73.0,2.0
17150,Турция,Турция,,,,,2016,3.9,10.2,10.3,15.6,17.5,24.0,26.0,25.8,21.1,15.5,9.6,2.7,178.0,49.0,132.0,12.0,50.0,18.0,0.0,0.0,3.0,16.0,126.0,42.0
17150,Турция,Турция,,,,,2017,1.9,6.7,9.5,12.3,17.2,22.9,25.3,25.0,21.9,14.3,9.4,8.6,172.0,52.0,59.0,35.0,40.0,13.0,7.0,11.0,3.0,37.0,50.0,85.0
17150,Турция,Турция,,,,,2018,4.9,8.4,11.8,14.9,19.4,22.9,25.8,26.3,21.4,16.5,11.9,5.0,37.0,70.0,101.0,18.0,33.0,69.0,46.0,0.5,19.0,10.0,50.0,63.0
17150,Турция,Турция,,,,,2019,5.8,6.4,9.4,12.3,19.0,24.4,24.4,25.4,21.5,17.3,12.6,6.5,106.0,45.0,26.0,76.0,37.0,15.0,37.0,0.0,3.0,51.0,49.0,55.0
17150,Турция,Турция,,,,,2020,4.4,7.0,9.4,11.6,17.7,21.8,25.2,25.3,23.6,18.2,9.8,9.3,55.0,68.0,43.0,52.0,61.0,72.0,0.6,0.0,0.0,25.0,29.0,37.0
17150,Турция,Турция,,,,,2021,6.8,6.5,6.8,12.6,18.6,21.4,26.4,26.3,20.6,14.7,12.0,8.2,175.0,79.0,94.0,99.0,18.0,54.0,0.4,0.0,8.0,48.0,75.0,62.0
17150,Турция,Турция,,,,,2022,3.8,6.1,4.4,13.7,18.1,23.2,24.8,25.7,21.3,16.1,12.3,8.8,40.0,124.0,32.0,52.0,6.0,30.0,50.0,15.0,10.0,1.0,52.0,67.0
17150,Турция,Турция,,,,,2023,6.8,5.2,9.8,12.3,16.3,21.7,26.2,26.7,22.6,17.4,13.1,9.0,90.0,20.0,69.0,128.0,107.0,32.0,0.0,0.6,21.0,18.0,166.0,83.0
17150,Турция,Турция,,,,,2024,6.7,8.3,9.9,15.8,16.7,25.8,27.7,26.4,22.5,16.4,9.7,8.0,111.0,24.0,80.0,43.0,26.0,0.0,15.0,0.0,21.0,4.0,76.0,131.0
17150,Турция,Турция,,,,,2025,6.7,4.6,11.1,11.6,18.0,23.6,27.6,26.0,22.0,14.9,12.0,6.0,75.0,44.0,33.0,51.0,34.0,0.0,0.0,5.0,10.0,115.0,68.0,22.0
17150,Турция,Турция,,,,,2026,6.9,8.4,8.0,999.9,999.9,999.9,999.9,999.9,999.9,999.9,999.9,999.9,121.0,179.0,61.0,-999.9,-999.9,-999.9,-999.9,-999.9,-999.9,-999.9,-999.9,-999.9
17234,Турция,Турция,,,,,1961,8.6,8.9,12.3,18.3,20.8,25.6,28.4,28.5,23.2,19.5,16.0,10.8,112.0,67.0,31.0,57.0,17.0,46.0,0.1,-999.9,-999.9,21.0,36.0,147.0
17234,Турция,Турция,,,,,1962,10.3,8.9,14.3,16.0,22.3,26.2,28.6,29.3,24.9,20.2,17.4,11.2,81.0,142.0,55.0,66.0,3.0,2.0,0.2,-999.9,15.0,44.0,67.0,214.0
17234,Турция,Турция,,,,,1963,9.5,12.0,10.4,15.6,19.9,25.5,28.3,28.6,24.6,19.1,15.2,10.9,135.0,129.0,68.0,60.0,35.0,16.0,1.0,-999.9,-999.9,81.0,23.0,66.0
17234,Турция,Турция,,,,,1964,5.4,8.4,12.4,15.7,19.5,25.4,27.2,26.5,22.4,20.4,14.2,11.0,11.0,89.0,39.0,3.0,13.0,24.0,-999.9,-999.9,69.0,0.4,53.0,217.0
17234,Турция,Турция,,,,,1965,8.6,7.8,11.9,14.4,18.7,25.3,27.3,25.6,24.6,16.7,13.8,10.9,47.0,131.0,85.0,148.0,137.0,1.0,-999.9,-999.9,-999.9,29.0,80.0,158.0
17234,Турция,Турция,,,,,1966,9.4,12.1,11.7,16.4,19.2,24.1,27.4,27.6,23.0,21.5,16.9,9.9,204.0,65.0,109.0,58.0,17.0,2.0,-999.9,0.3,33.0,4.0,88.0,191.0
17234,Турция,Турция,,,,,1967,8.0,7.0,10.6,15.3,20.2,23.6,27.3,27.8,23.4,19.0,12.9,10.4,119.0,34.0,50.0,88.0,30.0,0.0,5.0,-999.9,20.0,30.0,40.0,176.0
17234,Турция,Турция,,,,,1968,7.3,10.5,10.9,17.6,23.6,24.8,27.5,25.4,23.1,18.1,14.2,10.6,172.0,51.0,68.0,10.0,7.0,7.0,-999.9,1.0,25.0,64.0,80.0,134.0
17234,Турция,Турция,,,,,1969,7.0,10.6,12.1,13.2,22.2,25.6,26.1,27.1,24.9,18.6,14.8,11.4,177.0,114.0,60.0,35.0,27.0,0.1,0.1,-999.9,0.0,0.0,34.0,217.0
17234,Турция,Турция,,,,,1970,10.6,11.3,13.1,17.2,19.3,25.4,27.3,27.1,23.2,17.0,14.0,8.4,97.0,203.0,77.0,20.0,14.0,0.8,2.0,-999.9,5.0,78.0,61.0,58.0
17234,Турция,Турция,,,,,1971,11.7,9.0,12.0,14.8,21.5,25.3,26.6,27.6,23.2,17.0,13.8,8.2,134.0,165.0,100.0,13.0,12.0,7.0,10.0,7.0,-999.9,22.0,108.0,85.0
17234,Турция,Турция,,,,,1972,7.6,9.0,12.7,17.7,21.6,25.9,27.0,27.2,24.3,17.0,13.7,7.6,29.0,61.0,32.0,41.0,36.0,16.0,17.0,-999.9,13.0,80.0,27.0,8.0
17234,Турция,Турция,,,,,1973,7.4,10.9,10.9,14.9,22.0,24.9,28.7,27.5,25.0,19.9,12.0,10.7,84.0,111.0,34.0,56.0,1.0,11.0,-999.9,-999.9,30.0,23.0,35.0,76.0
17234,Турция,Турция,,,,,1974,5.6,10.5,13.5,14.4,19.9,25.3,27.8,26.8,23.6,21.0,13.7,8.1,25.0,167.0,105.0,39.0,29.0,0.9,-999.9,13.0,11.0,30.0,68.0,133.0
17234,Турция,Турция,,,,,1975,8.0,8.4,13.2,16.5,20.3,24.4,27.9,26.6,24.1,18.9,13.4,8.2,122.0,68.0,63.0,61.0,60.0,98.0,-999.9,0.1,4.0,35.0,97.0,79.0
17234,Турция,Турция,,,,,1976,8.0,7.8,12.5,15.7,20.9,24.1,26.0,24.5,22.2,19.5,13.9,9.5,53.0,54.0,13.0,100.0,32.0,27.0,31.0,-999.9,-999.9,132.0,69.0,74.0
17234,Турция,Турция,,,,,1977,8.5,12.0,11.7,15.9,21.7,25.1,27.8,27.3,22.7,16.8,16.3,8.6,92.0,99.0,50.0,68.0,0.1,26.0,0.1,-999.9,34.0,25.0,38.0,77.0
17234,Турция,Турция,,,,,1978,8.6,11.2,12.8,15.5,20.8,25.4,28.1,25.6,21.5,18.7,12.2,10.6,186.0,207.0,75.0,119.0,6.0,0.0,-999.9,-999.9,51.0,99.0,27.0,117.0
17234,Турция,Турция,,,,,1979,8.8,11.0,13.9,15.5,20.4,25.5,26.6,26.5,24.4,19.5,13.9,10.0,156.0,56.0,41.0,37.0,50.0,23.0,6.0,-999.9,-999.9,64.0,125.0,115.0
17234,Турция,Турция,,,,,1980,7.5,8.5,11.3,14.7,19.8,24.8,27.7,27.2,22.5,20.4,15.4,10.3,115.0,18.0,95.0,28.0,36.0,58.0,-999.9,-999.9,2.0,38.0,90.0,217.0
17234,Турция,Турция,,,,,1981,7.7,9.0,13.7,16.0,18.8,26.5,27.3,27.0,24.1,21.7,11.9,12.6,264.0,72.0,56.0,18.0,36.0,22.0,-999.9,0.8,8.0,4.0,172.0,280.0
17234,Турция,Турция,,,,,1982,9.9,7.9,11.1,15.7,20.2,25.1,26.3,26.8,25.3,19.3,11.7,8.5,68.0,47.0,115.0,73.0,34.0,24.0,2.0,-999.9,12.0,125.0,47.0,114.0
17234,Турция,Турция,,,,,1983,5.6,6.9,11.1,16.9,21.0,23.5,26.8,25.6,22.9,16.9,13.1,10.0,59.0,119.0,63.0,47.0,35.0,20.0,3.0,0.0,0.8,10.0,91.0,159.0
17234,Турция,Турция,,,,,1984,9.0,9.8,11.2,13.6,21.2,24.5,26.7,24.7,24.0,19.5,13.5,8.0,165.0,124.0,141.0,99.0,3.0,0.0,0.0,0.0,0.0,0.0,133.0,46.0
17234,Турция,Турция,,,,,1985,10.5,5.8,11.6,16.4,22.2,24.9,27.1,27.4,23.8,16.2,15.4,9.2,173.0,87.0,40.0,20.0,24.0,0.0,0.0,0.0,0.0,24.0,76.0,65.0
17234,Турция,Турция,,,,,1986,10.1,10.5,12.1,17.7,20.1,24.7,27.5,27.6,24.2,17.7,10.6,7.8,209.0,182.0,16.0,22.0,21.0,58.0,0.0,-999.9,5.0,11.0,30.0,153.0
17234,Турция,Турция,,,,,1987,9.2,9.8,7.9,14.4,19.1,25.3,28.5,26.5,25.1,17.5,12.3,8.5,162.0,58.0,37.0,59.0,8.0,2.0,0.0,-999.9,0.0,2.0,51.0,77.0
17234,Турция,Турция,,,,,1988,8.6,8.7,10.1,15.2,21.4,25.7,29.8,27.5,24.1,17.4,10.0,8.8,36.0,104.0,167.0,18.0,0.0,-999.9,-999.9,0.0,-999.9,13.0,116.0,133.0
17234,Турция,Турция,,,,,1989,6.0,8.9,13.5,19.1,20.0,23.9,27.4,26.8,23.5,16.7,12.6,8.6,18.0,11.0,77.0,0.0,44.0,7.0,0.0,0.0,0.1,49.0,114.0,60.0
17234,Турция,Турция,,,,,1990,6.0,9.3,13.2,16.0,20.4,25.2,28.5,26.6,22.5,18.9,15.2,10.2,6.0,40.0,19.0,98.0,23.0,2.0,0.0,0.0,0.0,8.0,15.0,123.0
17234,Турция,Турция,,,,,1991,7.4,8.9,13.5,15.6,18.3,26.0,27.2,26.9,22.9,18.8,13.5,5.8,48.0,51.0,23.0,29.0,74.0,0.0,31.0,0.0,0.0,23.0,20.0,96.0
17234,Турция,Турция,,,,,1992,5.6,5.9,10.3,15.7,20.3,25.3,26.7,27.5,22.6,20.9,12.0,6.2,0.0,12.0,60.0,50.0,3.0,0.3,23.0,18.0,0.0,36.0,168.0,60.0
17234,Турция,Турция,,,,,1993,7.1,6.8,11.0,15.0,19.5,25.5,27.3,26.9,23.7,20.8,12.3,10.7,51.0,67.0,106.0,26.0,-999.9,2.0,-999.9,-999.9,-999.9,6.0,-999.9,57.0
17234,Турция,Турция,,,,,1994,9.9,9.1,11.7,17.1,21.7,25.5,28.4,28.2,26.5,20.8,11.5,7.5,-999.9,-999.9,-999.9,30.0,48.0,-999.9,-999.9,35.0,101.0,73.0,119.0,105.0
17234,Турция,Турция,,,,,1995,9.1,10.7,11.7,14.4,20.7,26.8,27.8,26.1,23.8,17.1,10.4,10.5,145.0,132.0,103.0,35.0,31.0,0.0,0.0,0.3,5.0,0.0,47.0,43.0
17234,Турция,Турция,,,,,1996,7.4,10.2,9.8,13.9,22.6,26.6,28.1,27.0,21.8,16.2,14.5,11.8,23.0,166.0,-999.9,58.0,-999.9,0.0,0.0,0.0,61.0,9.0,-999.9,168.0
17234,Турция,Турция,,,,,1997,9.5,8.2,9.9,11.7,21.9,26.0,28.0,25.5,22.0,17.9,14.2,9.6,85.0,-999.9,83.0,107.0,6.0,0.0,0.0,3.0,-999.9,36.0,-999.9,268.0
17234,Турция,Турция,,,,,1998,8.4,10.3,9.5,16.7,19.7,25.8,28.7,28.7,23.1,19.2,14.5,9.5,-999.9,-999.9,-999.9,57.0,151.0,0.0,0.0,0.0,43.0,25.0,-999.9,114.0
17234,Турция,Турция,,,,,1999,9.4,9.1,12.3,16.4,22.5,26.5,28.5,28.3,23.9,19.9,13.6,11.2,91.0,139.0,64.0,-999.9,5.0,0.0,0.3,0.0,6.0,0.0,9.0,-999.9
17234,Турция,Турция,,,,,2000,4.9,8.1,10.3,17.1,21.4,26.7,29.2,27.9,23.7,18.1,14.9,9.3,-999.9,-999.9,-999.9,-999.9,-999.9,-999.9,-999.9,-999.9,-999.9,-999.9,-999.9,-999.9
17234,Турция,Турция,,,,,2001,10.2,9.7,16.2,16.3,21.2,26.2,29.6,28.8,24.1,19.6,13.0,8.0,-999.9,-999.9,-999.9,-999.9,-999.9,-999.9,-999.9,-999.9,-999.9,-999.9,-999.9,-999.9
17234,Турция,Турция,,,,,2002,6.8,11.6,13.2,14.9,20.9,26.2,27.8,27.1,22.5,18.0,13.5,7.5,-999.9,-999.9,-999.9,-999.9,-999.9,-999.9,-999.9,-999.9,43.0,-999.9,103.0,-999.9
17234,Турция,Турция,,,,,2003,11.5,5.7,9.7,14.1,22.4,26.8,28.2,28.0,23.3,19.6,13.3,9.2,-999.9,-999.9,-999.9,-999.9,-999.9,-999.9,0.0,-999.9,-999.9,-999.9,-999.9,-999.9
17234,Турция,Турция,,,,,2004,7.3,8.7,12.5,16.0,19.8,25.9,28.5,27.0,24.0,20.6,13.5,9.5,-999.9,-999.9,-999.9,-999.9,-999.9,-999.9,-999.9,0.0,-999.9,0.0,81.0,61.0
17234,Турция,Турция,,,,,2005,9.3,8.1,12.0,15.6,21.0,24.8,28.4,27.8,23.5,17.0,12.1,10.2,60.0,168.0,86.0,-999.9,66.0,0.5,10.0,12.0,0.5,40.0,160.0,46.0
17234,Турция,Турция,,,,,2006,6.7,8.9,12.1,17.0,21.4,25.8,28.0,28.7,24.0,18.9,12.1,8.7,71.0,113.0,112.0,19.0,1.0,0.0,4.0,0.0,14.0,82.0,77.0,6.0
17234,Турция,Турция,,,,,2007,9.0,10.0,13.4,16.2,22.5,27.7,30.3,29.4,24.3,19.6,12.9,8.1,29.0,31.0,26.0,16.0,44.0,9.0,0.0,0.0,0.0,118.0,160.0,184.0
17234,Турция,Турция,,,,,2008,6.6,8.3,14.5,16.9,21.2,27.5,29.0,29.4,23.8,18.6,14.9,10.2,26.0,20.0,64.0,70.0,17.0,0.0,0.0,0.0,23.0,27.0,75.0,98.0
17234,Турция,Турция,,,,,2009,9.2,9.4,11.3,16.1,21.3,26.7,29.3,27.7,23.2,20.4,13.2,11.6,267.0,161.0,88.0,67.0,19.0,1.0,0.0,10.0,37.0,21.0,99.0,177.0
17234,Турция,Турция,,,,,2010,10.0,11.8,13.4,17.1,22.0,24.9,28.7,29.8,24.6,17.8,16.4,11.4,139.0,157.0,23.0,16.0,30.0,32.0,0.0,0.0,1.0,96.0,38.0,144.0
17234,Турция,Турция,,,,,2011,7.7,9.6,11.4,14.5,19.6,25.0,28.5,27.8,24.9,16.3,10.3,9.2,147.0,69.0,26.0,52.0,45.0,15.0,0.0,0.0,32.0,70.0,0.0,88.0
17234,Турция,Турция,,,,,2012,5.6,7.2,11.6,17.3,20.6,27.5,30.4,29.2,25.6,20.9,15.5,9.6,182.0,158.0,38.0,68.0,56.0,45.0,0.0,0.0,0.0,36.0,24.0,217.0
17234,Турция,Турция,,,,,2013,8.6,10.6,13.5,17.0,22.7,25.9,28.4,28.6,23.7,17.0,14.1,7.4,169.0,159.0,96.0,51.0,49.0,5.0,0.0,0.0,6.0,72.0,111.0,12.0
17234,Турция,Турция,,,,,2014,10.9,11.2,13.0,16.8,20.9,25.0,28.0,28.7,23.7,19.2,13.4,11.7,75.0,41.0,64.0,76.0,15.0,52.0,0.0,0.0,5.0,43.0,126.0,230.0
17234,Турция,Турция,,,,,2015,8.2,9.2,12.1,15.1,21.5,24.3,29.1,29.0,25.8,20.0,15.0,8.2,135.0,126.0,107.0,28.0,101.0,9.0,3.0,0.0,27.0,69.0,86.0,0.0
17234,Турция,Турция,,,,,2016,7.9,13.6,13.3,19.4,20.6,27.9,29.7,29.0,24.3,19.7,13.9,6.2,146.0,39.0,112.0,8.0,38.0,4.0,0.0,0.0,23.0,0.0,51.0,12.0
17234,Турция,Турция,,,,,2017,6.4,10.2,13.2,16.5,20.9,26.3,29.4,28.0,24.7,18.5,12.5,11.0,222.0,22.0,112.0,46.0,45.0,16.0,0.0,24.0,0.0,51.0,85.0,99.0
17234,Турция,Турция,,,,,2018,8.6,12.3,15.1,19.8,23.2,25.8,29.2,28.5,25.3,19.2,14.5,8.4,119.0,113.0,90.0,8.0,71.0,28.0,6.0,16.0,33.0,4.0,85.0,57.0
17234,Турция,Турция,,,,,2019,8.5,10.6,13.4,16.0,21.6,26.9,28.4,29.3,24.3,21.3,16.5,10.4,154.0,40.0,31.0,61.0,13.0,31.0,1.0,0.0,17.0,38.0,62.0,122.0
17234,Турция,Турция,,,,,2020,7.7,10.4,13.4,16.9,22.1,25.3,29.8,29.1,26.9,21.2,14.0,12.1,94.0,97.0,71.0,42.0,37.0,21.0,0.0,0.0,0.0,45.0,1.0,107.0
17234,Турция,Турция,,,,,2021,10.2,11.7,11.3,17.0,23.7,26.3,30.8,30.4,25.4,19.2,16.3,10.4,103.0,22.0,85.0,6.0,108.0,1.0,0.1,0.0,0.5,46.0,34.0,139.0
17234,Турция,Турция,,,,,2022,7.4,9.9,8.6,18.0,22.6,27.1,30.0,28.9,25.1,20.5,15.5,12.2,113.0,75.0,56.0,17.0,16.0,76.0,0.0,2.0,0.0,0.7,82.0,59.0
17234,Турция,Турция,,,,,2023,10.9,9.0,13.6,16.0,20.4,26.1,31.2,29.1,27.2,21.5,16.7,12.3,134.0,7.0,86.0,60.0,89.0,50.0,9.0,3.0,34.0,6.0,137.0,116.0
17234,Турция,Турция,,,,,2024,10.6,12.4,14.5,20.7,22.4,31.2,31.5,30.5,26.8,20.7,14.1,11.4,130.0,31.0,60.0,24.0,2.0,0.8,0.0,0.0,0.8,0.0,73.0,178.0
17234,Турция,Турция,,,,,2025,11.5,8.1,15.4,16.0,22.1,29.2,31.1,29.6,26.0,19.0,16.5,10.4,76.0,19.0,22.0,127.0,18.0,0.0,0.0,0.0,6.0,126.0,52.0,76.0
17234,Турция,Турция,,,,,2026,10.1,11.9,12.5,999.9,999.9,999.9,999.9,999.9,999.9,999.9,999.9,999.9,102.0,207.0,112.0,-999.9,-999.9,-999.9,-999.9,-999.9,-999.9,-999.9,-999.9,-999.9
17237,Турция,Турция,,,,,1961,5.9,5.8,9.5,16.2,19.3,23.3,26.6,26.7,20.2,16.5,13.3,8.5,84.0,104.0,79.0,29.0,22.0,7.0,10.0,28.0,11.0,48.0,8.0,126.0
17237,Турция,Турция,,,,,1962,7.4,6.2,12.0,13.9,19.9,23.7,26.6,28.1,22.4,16.9,15.4,9.5,83.0,117.0,68.0,42.0,41.0,29.0,8.0,7.0,50.0,55.0,69.0,188.0
17237,Турция,Турция,,,,,1963,7.5,9.9,8.3,14.0,17.7,23.3,26.6,27.1,22.7,17.0,12.9,8.9,137.0,63.0,61.0,72.0,123.0,31.0,9.0,3.0,2.0,53.0,26.0,16.0
17237,Турция,Турция,,,,,1964,2.5,5.9,10.3,14.2,17.8,23.3,26.0,24.6,20.7,18.2,11.6,9.1,5.0,56.0,61.0,6.0,57.0,41.0,0.3,-999.9,12.0,-999.9,67.0,144.0
17237,Турция,Турция,,,,,1965,6.5,5.2,10.5,13.5,17.5,23.7,25.7,24.5,22.9,14.4,12.1,8.5,63.0,203.0,58.0,112.0,77.0,3.0,-999.9,0.0,-999.9,18.0,76.0,141.0
17237,Турция,Турция,,,,,1966,6.9,10.0,9.9,15.7,17.5,22.7,25.9,26.3,21.1,18.9,15.0,7.9,258.0,25.0,101.0,24.0,48.0,4.0,16.0,10.0,49.0,5.0,32.0,170.0
17237,Турция,Турция,,,,,1967,5.6,4.5,8.6,13.8,18.4,21.8,25.5,26.4,21.1,16.5,10.5,8.6,60.0,38.0,28.0,67.0,41.0,7.0,13.0,0.1,23.0,28.0,30.0,107.0
17237,Турция,Турция,,,,,1968,5.0,8.1,8.8,16.7,22.1,22.8,25.9,24.2,21.0,15.9,12.0,8.3,214.0,59.0,108.0,51.0,3.0,10.0,-999.9,8.0,46.0,45.0,47.0,125.0
17237,Турция,Турция,,,,,1969,4.9,8.3,10.2,11.1,20.3,24.1,24.1,26.2,23.0,15.9,12.4,9.5,89.0,75.0,80.0,77.0,53.0,14.0,10.0,-999.9,0.5,13.0,50.0,149.0
17237,Турция,Турция,,,,,1970,8.1,9.3,11.5,16.3,18.2,23.8,26.2,26.1,21.8,14.9,11.9,6.4,57.0,99.0,60.0,13.0,10.0,14.0,2.0,19.0,3.0,49.0,46.0,86.0
17237,Турция,Турция,,,,,1971,10.0,7.0,10.4,13.2,19.5,23.3,25.4,25.4,21.6,14.7,11.7,6.0,58.0,100.0,87.0,45.0,21.0,62.0,9.0,33.0,3.0,6.0,82.0,86.0
17237,Турция,Турция,,,,,1972,4.5,6.3,10.5,16.5,19.5,23.3,25.5,25.2,22.4,15.5,11.0,5.8,22.0,91.0,34.0,56.0,47.0,50.0,36.0,35.0,3.0,108.0,23.0,-999.9
17237,Турция,Турция,,,,,1973,4.6,8.1,8.6,13.0,19.9,23.0,26.4,25.3,23.0,16.9,8.5,8.0,29.0,159.0,25.0,37.0,16.0,8.0,58.0,-999.9,2.0,60.0,23.0,55.0
17237,Турция,Турция,,,,,1974,1.3,7.4,10.8,11.9,19.0,24.3,26.8,25.6,21.7,19.3,10.7,6.0,62.0,68.0,54.0,49.0,23.0,5.0,-999.9,11.0,5.0,19.0,22.0,54.0
17237,Турция,Турция,,,,,1975,4.3,5.4,11.5,15.5,18.4,23.0,27.1,26.0,22.3,16.5,10.9,5.5,57.0,47.0,72.0,99.0,54.0,18.0,0.4,0.4,10.0,22.0,108.0,90.0
17237,Турция,Турция,,,,,1976,5.0,4.4,9.9,13.3,18.9,22.9,25.0,23.4,20.7,17.7,11.9,7.5,84.0,52.0,47.0,84.0,39.0,8.0,38.0,6.0,-999.9,46.0,50.0,156.0
17237,Турция,Турция,,,,,1977,5.9,10.3,9.8,14.3,20.2,24.1,27.2,26.8,21.7,14.7,14.5,6.3,29.0,32.0,35.0,79.0,2.0,26.0,19.0,0.3,32.0,30.0,5.0,50.0
17237,Турция,Турция,,,,,1978,6.6,10.0,10.7,13.8,19.8,23.9,27.2,24.8,20.5,17.1,10.1,8.0,151.0,211.0,104.0,41.0,13.0,7.0,0.1,-999.9,30.0,98.0,43.0,75.0
17237,Турция,Турция,,,,,1979,7.0,9.0,12.2,14.1,18.8,23.7,25.6,26.0,23.1,17.6,12.0,7.4,204.0,30.0,40.0,20.0,126.0,19.0,-999.9,-999.9,-999.9,53.0,114.0,65.0
17237,Турция,Турция,,,,,1980,5.1,5.8,8.9,13.0,18.5,23.8,27.3,26.5,21.0,18.3,13.3,8.4,147.0,35.0,96.0,59.0,50.0,7.0,-999.9,-999.9,35.0,30.0,75.0,103.0
17237,Турция,Турция,,,,,1981,6.4,6.6,12.0,14.7,17.5,25.1,26.2,25.9,23.1,19.9,10.1,11.1,206.0,77.0,50.0,21.0,41.0,35.0,-999.9,1.0,0.2,2.0,76.0,156.0
17237,Турция,Турция,,,,,1982,7.6,5.3,9.2,14.5,18.9,23.6,24.6,25.8,23.7,17.2,9.8,8.5,68.0,44.0,31.0,79.0,25.0,30.0,19.0,2.0,2.0,53.0,16.0,66.0
17237,Турция,Турция,,,,,1983,3.5,5.4,10.0,15.7,19.3,22.1,25.1,24.4,21.8,15.5,11.3,8.4,90.0,88.0,56.0,63.0,16.0,46.0,54.0,11.0,8.0,8.0,112.0,126.0
17237,Турция,Турция,,,,,1984,7.4,8.5,9.7,12.3,20.6,23.4,25.1,23.3,23.1,18.4,11.8,6.1,122.0,76.0,102.0,104.0,4.0,0.3,28.0,2.0,0.3,-999.9,64.0,18.0
17237,Турция,Турция,,,,,1985,8.6,4.3,10.5,15.8,21.4,23.8,25.8,27.0,22.5,15.0,14.2,7.8,175.0,100.0,65.0,23.0,32.0,43.0,1.0,8.0,1.0,39.0,35.0,39.0
17237,Турция,Турция,,,,,1986,8.3,9.1,11.2,17.4,18.2,23.8,27.2,27.9,23.0,16.2,9.2,6.6,82.0,98.0,6.0,13.0,19.0,32.0,3.0,20.0,83.0,19.0,5.0,104.0
17237,Турция,Турция,,,,,1987,7.9,8.8,6.2,13.2,18.4,23.9,27.9,25.8,23.9,16.3,11.0,7.5,94.0,43.0,95.0,51.0,47.0,49.0,11.0,-999.9,0.1,7.0,63.0,68.0
17237,Турция,Турция,,,,,1988,7.4,7.3,8.6,14.8,20.3,24.4,28.6,27.0,22.7,15.8,8.8,7.9,14.0,96.0,115.0,48.0,45.0,8.0,18.0,19.0,3.0,52.0,107.0,81.0
17237,Турция,Турция,,,,,1989,4.2,7.3,12.7,19.5,19.3,23.5,27.1,27.4,22.6,15.4,10.9,7.2,8.0,11.0,41.0,3.0,36.0,5.0,8.0,0.7,2.0,83.0,114.0,36.0
17237,Турция,Турция,,,,,1990,4.3,7.4,12.2,15.4,19.4,23.8,28.4,26.8,21.9,18.2,13.8,9.0,23.0,48.0,39.0,35.0,18.0,8.0,-999.9,3.0,-999.9,24.0,42.0,127.0
17237,Турция,Турция,,,,,1991,5.7,6.9,12.2,14.5,17.0,24.6,26.3,26.4,22.6,17.6,11.6,4.3,-999.9,-999.9,-999.9,-999.9,-999.9,-999.9,-999.9,-999.9,-999.9,-999.9,-999.9,-999.9
17237,Турция,Турция,,,,,1992,4.1,4.0,8.3,14.4,19.3,23.8,25.7,27.1,22.1,19.0,10.9,4.5,-999.9,-999.9,-999.9,-999.9,-999.9,-999.9,-999.9,-999.9,-999.9,-999.9,-999.9,-999.9
17237,Турция,Турция,,,,,1993,5.1,5.1,9.5,14.2,18.4,24.4,27.1,27.8,22.9,19.6,10.9,8.7,-999.9,-999.9,-999.9,-999.9,-999.9,-999.9,-999.9,-999.9,-999.9,-999.9,-999.9,-999.9
17237,Турция,Турция,,,,,1994,7.8,7.4,10.5,16.1,20.7,24.6,27.5,28.1,25.8,19.3,10.5,6.1,-999.9,-999.9,-999.9,-999.9,-999.9,-999.9,-999.9,-999.9,-999.9,-999.9,-999.9,-999.9
17237,Турция,Турция,,,,,1995,7.1,9.1,10.2,13.5,20.0,25.9,27.1,26.7,22.9,16.0,8.6,8.7,-999.9,-999.9,-999.9,-999.9,-999.9,-999.9,-999.9,-999.9,-999.9,-999.9,-999.9,-999.9
17237,Турция,Турция,,,,,1996,5.6,8.4,8.7,13.1,21.6,25.4,28.0,27.3,21.0,15.3,12.9,10.0,-999.9,-999.9,-999.9,-999.9,-999.9,-999.9,-999.9,-999.9,-999.9,-999.9,-999.9,-999.9
17237,Турция,Турция,,,,,1997,7.7,6.6,9.0,10.9,21.0,25.0,27.8,25.3,21.7,16.6,12.4,8.3,-999.9,-999.9,-999.9,-999.9,-999.9,-999.9,-999.9,-999.9,-999.9,-999.9,-999.9,-999.9
17237,Турция,Турция,,,,,1998,6.7,9.0,6.9,17.1,19.4,24.3,28.5,29.5,22.9,18.4,13.1,7.8,-999.9,-999.9,-999.9,-999.9,-999.9,-999.9,-999.9,-999.9,-999.9,-999.9,-999.9,-999.9
17237,Турция,Турция,,,,,1999,7.3,7.6,10.8,15.6,21.8,24.7,27.9,27.6,22.7,18.4,12.0,8.8,145.0,108.0,-999.9,-999.9,-999.9,42.0,18.0,81.0,-999.9,-999.9,4.0,-999.9
17237,Турция,Турция,,,,,2000,2.5,6.0,8.2,15.8,19.6,24.8,29.1,27.4,23.1,16.7,13.3,7.6,-999.9,-999.9,-999.9,-999.9,-999.9,-999.9,-999.9,-999.9,-999.9,-999.9,-999.9,-999.9
17237,Турция,Турция,,,,,2001,8.3,7.6,14.7,15.1,19.9,25.9,29.4,28.6,23.7,18.0,11.1,6.3,-999.9,-999.9,-999.9,-999.9,-999.9,-999.9,-999.9,-999.9,-999.9,-999.9,-999.9,-999.9
17237,Турция,Турция,,,,,2002,3.6,9.7,11.6,14.0,20.2,25.4,28.2,26.8,21.5,17.0,12.1,5.3,-999.9,-999.9,-999.9,-999.9,-999.9,-999.9,-999.9,-999.9,-999.9,30.0,57.0,89.0
17237,Турция,Турция,,,,,2003,9.4,3.1,7.5,12.3,21.8,25.5,27.8,28.3,22.5,19.1,12.2,7.6,-999.9,-999.9,-999.9,-999.9,-999.9,-999.9,-999.9,1.0,-999.9,-999.9,-999.9,-999.9
17237,Турция,Турция,,,,,2004,5.4,7.0,11.6,15.1,19.5,25.5,28.3,27.1,23.9,19.1,11.9,8.3,-999.9,-999.9,-999.9,77.0,-999.9,2.0,7.0,0.0,0.0,18.0,70.0,18.0
17237,Турция,Турция,,,,,2005,8.3,7.2,9.8,14.9,20.8,24.5,29.0,28.4,22.6,15.9,10.8,8.6,34.0,86.0,-999.9,-999.9,67.0,16.0,21.0,0.0,-999.9,34.0,103.0,67.0
17237,Турция,Турция,,,,,2006,4.7,7.3,11.0,16.2,20.1,24.7,27.6,29.8,22.8,17.6,10.1,6.7,-999.9,68.0,104.0,44.0,-999.9,47.0,-999.9,0.0,16.0,50.0,32.0,5.0
17237,Турция,Турция,,,,,2007,7.2,8.2,11.8,14.4,22.5,27.2,30.7,29.7,24.0,18.7,11.8,7.3,93.0,77.0,25.0,39.0,17.0,14.0,2.0,3.0,15.0,53.0,98.0,99.0
17237,Турция,Турция,,,,,2008,4.8,6.0,13.5,16.5,20.7,27.2,29.4,30.1,23.5,17.2,13.8,8.5,16.0,34.0,52.0,48.0,0.0,3.0,6.0,17.0,19.0,25.0,78.0,25.0
17237,Турция,Турция,,,,,2009,7.5,7.7,9.9,15.2,20.3,26.4,28.9,28.2,22.6,19.7,11.9,10.4,171.0,166.0,94.0,58.0,66.0,3.0,0.0,0.0,15.0,15.0,119.0,94.0
17237,Турция,Турция,,,,,2010,8.7,10.8,12.4,15.9,21.4,23.6,28.3,30.4,24.7,16.4,15.9,10.3,86.0,112.0,35.0,71.0,34.0,128.0,13.0,7.0,0.0,92.0,14.0,161.0
17237,Турция,Турция,,,,,2011,6.2,7.6,9.9,13.2,17.8,24.2,29.1,28.0,24.9,15.0,8.7,7.7,77.0,63.0,44.0,84.0,121.0,14.0,0.0,0.3,7.0,97.0,0.0,68.0
17237,Турция,Турция,,,,,2012,3.2,5.1,9.7,17.0,19.2,27.6,30.3,28.2,25.2,19.7,13.7,8.7,289.0,101.0,30.0,51.0,56.0,3.0,6.0,15.0,0.0,27.0,51.0,154.0
17237,Турция,Турция,,,,,2013,7.4,9.3,12.3,16.1,22.8,25.8,28.1,28.7,23.1,15.7,13.1,5.7,125.0,113.0,34.0,59.0,22.0,9.0,8.0,3.0,0.0,57.0,79.0,21.0
17237,Турция,Турция,,,,,2014,9.6,9.8,11.6,16.3,19.7,23.6,28.3,28.9,22.6,17.4,12.1,10.4,60.0,12.0,42.0,34.0,67.0,101.0,3.0,9.0,48.0,74.0,30.0,137.0
17237,Турция,Турция,,,,,2015,6.0,7.2,10.2,13.3,20.6,22.2,28.2,28.2,25.7,18.7,13.7,6.7,209.0,112.0,156.0,46.0,66.0,72.0,6.0,18.0,21.0,32.0,26.0,0.0
17237,Турция,Турция,,,,,2016,6.1,12.3,11.9,19.0,19.2,27.6,29.4,28.8,23.0,18.5,11.9,4.0,94.0,15.0,78.0,5.0,68.0,12.0,4.0,23.0,72.0,0.0,64.0,48.0
17237,Турция,Турция,,,,,2017,4.2,8.3,11.9,15.1,19.7,25.1,29.7,27.7,25.2,16.8,10.9,9.3,169.0,0.0,42.0,58.0,56.0,15.0,0.0,25.0,0.3,73.0,46.0,43.0
17237,Турция,Турция,,,,,2018,7.2,10.5,14.0,19.3,21.9,24.3,28.2,28.1,24.7,17.8,12.9,6.8,62.0,44.0,72.0,2.0,61.0,154.0,13.0,15.0,0.5,40.0,51.0,48.0
17237,Турция,Турция,,,,,2019,7.0,8.6,11.8,14.8,21.3,25.1,27.6,29.0,23.8,20.0,14.9,8.9,84.0,16.0,19.0,29.0,10.0,35.0,9.0,0.4,25.0,16.0,22.0,100.0
17237,Турция,Турция,,,,,2020,5.8,8.5,11.9,15.8,21.0,24.6,30.0,29.1,26.6,20.0,11.7,10.1,41.0,60.0,47.0,59.0,64.0,17.0,0.2,7.0,36.0,44.0,24.0,31.0
17237,Турция,Турция,,,,,2021,8.3,9.9,9.4,16.4,23.8,24.3,30.4,30.5,23.3,17.5,14.6,9.0,88.0,12.0,77.0,11.0,0.0,20.0,2.0,0.0,4.0,32.0,36.0,143.0
17237,Турция,Турция,,,,,2022,4.4,8.0,6.3,17.5,21.3,25.1,29.1,29.5,24.5,18.5,14.1,10.8,66.0,101.0,78.0,28.0,17.0,70.0,0.6,14.0,6.0,11.0,61.0,61.0
17237,Турция,Турция,,,,,2023,9.2,6.6,12.1,14.4,18.4,23.3,29.8,30.2,25.2,20.2,15.3,11.1,105.0,29.0,63.0,69.0,158.0,104.0,0.7,8.0,26.0,5.0,74.0,37.0
17237,Турция,Турция,,,,,2024,8.6,10.6,12.8,20.1,20.8,31.1,30.9,30.7,24.9,19.0,12.3,10.1,60.0,54.0,61.0,15.0,45.0,0.6,45.0,10.0,6.0,1.0,52.0,98.0
17237,Турция,Турция,,,,,2025,9.8,6.1,14.6,14.7,21.5,27.8,31.5,29.9,25.6,17.9,15.2,8.9,40.0,12.0,20.0,115.0,59.0,15.0,9.0,39.0,11.0,49.0,39.0,66.0
17237,Турция,Турция,,,,,2026,8.3,10.3,11.0,999.9,999.9,999.9,999.9,999.9,999.9,999.9,999.9,999.9,128.0,168.0,54.0,-999.9,-999.9,-999.9,-999.9,-999.9,-999.9,-999.9,-999.9,-999.9
