station_id,country,region,Name,Name2,lat,lon,elevation,year,Tem1,Tem2,Tem3,Tem4,Tem5,Tem6,Tem7,Tem8,Tem9,Tem10,Tem11,Tem12,Os1,Os2,Os3,Os4,Os5,Os6,Os7,Os8,Os9,Os10,Os11,Os12
17150,TR,BAL,LTBF,Balikesir,39.6167,27.9167,101,1937,,,,,,,,,,,,,56,68,13,59.0,15.0,0.8,16.0,34.0,10.0,91.0,122.0,99.0
17150,TR,BAL,LTBF,Balikesir,39.6167,27.9167,101,1938,,,,,,,,,,,,,62,67,38,45.0,68.0,5.0,7.0,0.0,43.0,59.0,22.0,96.0
17150,TR,BAL,LTBF,Balikesir,39.6167,27.9167,101,1939,,,,,,,,,,,,,66,17,132,1.0,27.0,54.0,5.0,11.0,31.0,40.0,120.0,208.0
17150,TR,BAL,LTBF,Balikesir,39.6167,27.9167,101,1940,,,,,,,,,,,,,71,65,72,166.0,39.0,100.0,33.0,,8.0,55.0,62.0,238.0
17150,TR,BAL,LTBF,Balikesir,39.6167,27.9167,101,1941,,,,,,,,,,,,,120,128,17,44.0,40.0,16.0,4.0,,9.0,83.0,28.0,68.0
17150,TR,BAL,LTBF,Balikesir,39.6167,27.9167,101,1942,,,,,,,,,,,,,157,95,30,30.0,46.0,6.0,23.0,19.0,18.0,60.0,136.0,36.0
17150,TR,BAL,LTBF,Balikesir,39.6167,27.9167,101,1943,,,,,,,,,,,,,156,20,11,73.0,102.0,19.0,0.6,,43.0,15.0,89.0,98.0
17150,TR,BAL,LTBF,Balikesir,39.6167,27.9167,101,1944,,,,,,,,,,,,,60,215,204,24.0,50.0,6.0,14.0,15.0,18.0,107.0,69.0,26.0
17150,TR,BAL,LTBF,Balikesir,39.6167,27.9167,101,1945,,,,,,,,,,,,,216,34,40,52.0,2.0,0.0,0.2,,1.0,32.0,37.0,131.0
17150,TR,BAL,LTBF,Balikesir,39.6167,27.9167,101,1946,,,,,,,,,,,,,37,102,89,16.0,30.0,6.0,0.3,,1.0,58.0,93.0,104.0
17150,TR,BAL,LTBF,Balikesir,39.6167,27.9167,101,1947,,,,,,,,,,,,,80,73,50,13.0,6.0,6.0,5.0,42.0,5.0,80.0,82.0,148.0
17150,TR,BAL,LTBF,Balikesir,39.6167,27.9167,101,1948,,,,,,,,,,,,,88,107,56,51.0,54.0,63.0,,,0.0,17.0,9.0,14.0
17150,TR,BAL,LTBF,Balikesir,39.6167,27.9167,101,1949,,,,,,,,,,,,,39,14,118,59.0,26.0,48.0,49.0,10.0,28.0,,47.0,82.0
17150,TR,BAL,LTBF,Balikesir,39.6167,27.9167,101,1950,1.4,5.0,7.8,15.6,17.2,22.1,24.9,23.7,22.1,13.5,9.0,8.7,112,39,35,36.0,65.0,13.0,2.0,8.0,21.0,21.0,65.0,107.0
17150,TR,BAL,LTBF,Balikesir,39.6167,27.9167,101,1951,6.7,8.1,10.5,13.7,19.0,21.2,24.3,25.3,21.8,13.5,11.8,5.1,69,80,70,23.0,69.0,3.0,28.0,4.0,5.0,55.0,45.0,62.0
17150,TR,BAL,LTBF,Balikesir,39.6167,27.9167,101,1952,7.0,7.0,8.4,13.4,16.3,20.4,23.1,26.2,24.6,17.4,13.3,11.7,126,194,27,5.0,55.0,15.0,,,11.0,111.0,138.0,39.0
17150,TR,BAL,LTBF,Balikesir,39.6167,27.9167,101,1953,7.4,6.9,4.6,12.9,16.6,22.0,24.8,24.7,19.9,15.5,7.5,2.8,107,114,43,29.0,52.0,78.0,,,17.0,58.0,21.0,43.0
17150,TR,BAL,LTBF,Balikesir,39.6167,27.9167,101,1954,1.4,2.9,9.1,10.7,17.8,24.1,26.0,26.0,21.9,17.2,11.3,7.2,90,88,45,57.0,42.0,4.0,11.0,0.3,12.0,10.0,72.0,103.0
17150,TR,BAL,LTBF,Balikesir,39.6167,27.9167,101,1955,8.7,11.2,9.5,10.6,17.9,21.6,24.8,23.7,21.6,18.3,10.6,8.0,77,82,47,80.0,1.0,6.0,9.0,6.0,0.5,53.0,293.0,49.0
17150,TR,BAL,LTBF,Balikesir,39.6167,27.9167,101,1956,6.6,4.8,5.2,13.2,17.1,21.3,24.4,25.5,20.4,14.5,10.0,5.1,63,102,78,32.0,26.0,17.0,13.0,7.0,0.7,10.0,61.0,42.0
17150,TR,BAL,LTBF,Balikesir,39.6167,27.9167,101,1957,4.1,7.9,7.5,12.2,16.4,22.3,24.1,25.6,22.2,17.8,11.1,6.4,47,29,24,21.0,42.0,30.0,0.3,,18.0,7.0,83.0,59.0
17150,TR,BAL,LTBF,Balikesir,39.6167,27.9167,101,1958,5.7,9.4,9.1,12.8,19.2,21.8,24.5,24.4,19.5,14.8,11.1,8.9,89,18,124,61.0,23.0,15.0,0.4,6.0,30.0,68.0,45.0,103.0
17150,TR,BAL,LTBF,Balikesir,39.6167,27.9167,101,1959,5.8,3.0,7.5,12.9,16.7,20.8,24.5,24.6,18.4,13.1,10.0,9.4,143,11,44,28.0,29.0,42.0,45.0,0.0,4.0,37.0,55.0,121.0
17150,TR,BAL,LTBF,Balikesir,39.6167,27.9167,101,1960,6.9,6.8,8.0,11.8,17.3,20.6,23.5,24.4,20.1,18.7,13.1,11.1,122,93,45,37.0,84.0,74.0,4.0,0.0,26.0,24.0,63.0,144.0
17150,TR,BAL,LTBF,Balikesir,39.6167,27.9167,101,1961,5.1,5.2,8.6,14.6,17.7,21.9,23.5,24.5,18.9,15.7,13.6,8.3,62,64,15,53.0,29.0,45.0,3.0,5.0,8.0,23.0,54.0,60.0
17150,TR,BAL,LTBF,Balikesir,39.6167,27.9167,101,1962,6.5,5.1,10.7,12.1,18.2,21.1,23.8,25.6,21.4,17.0,15.3,8.4,62,95,103,42.0,22.0,13.0,4.0,,7.0,59.0,112.0,294.0
17150,TR,BAL,LTBF,Balikesir,39.6167,27.9167,101,1963,5.6,8.7,7.0,10.9,16.7,21.7,25.1,25.7,22.4,16.5,11.4,7.8,187,78,47,48.0,30.0,31.0,10.0,,7.0,66.0,49.0,177.0
17150,TR,BAL,LTBF,Balikesir,39.6167,27.9167,101,1964,0.3,4.5,8.1,12.6,15.9,22.0,23.6,22.7,19.1,16.5,10.0,8.1,16,73,116,8.0,45.0,2.0,0.0,10.0,65.0,0.0,74.0,153.0
17150,TR,BAL,LTBF,Balikesir,39.6167,27.9167,101,1965,5.3,2.9,8.3,11.5,16.7,22.4,24.4,22.4,21.2,13.6,11.4,9.0,43,200,33,148.0,48.0,3.0,0.0,13.0,0.0,16.0,111.0,89.0
17150,TR,BAL,LTBF,Balikesir,39.6167,27.9167,101,1966,6.5,9.6,8.6,13.9,16.6,20.4,24.9,25.2,20.0,18.8,13.7,8.2,137,13,139,120.0,55.0,24.0,0.0,20.0,36.0,12.0,53.0,115.0
17150,TR,BAL,LTBF,Balikesir,39.6167,27.9167,101,1967,3.3,3.2,8.1,13.1,17.4,20.3,24.3,24.6,20.7,16.2,10.9,7.8,161,21,46,69.0,18.0,48.0,0.0,0.3,59.0,66.0,16.0,97.0
17150,TR,BAL,LTBF,Balikesir,39.6167,27.9167,101,1968,3.8,6.3,7.4,13.9,20.4,21.7,24.3,22.7,19.9,14.3,10.7,7.9,264,63,56,17.0,60.0,24.0,,49.0,67.0,14.0,43.0,59.0
17150,TR,BAL,LTBF,Balikesir,39.6167,27.9167,101,1969,3.6,8.2,7.6,10.9,19.5,23.3,22.0,24.1,22.0,15.7,12.5,9.5,120,70,56,46.0,10.0,64.0,53.0,4.0,0.9,2.0,5.0,150.0
17150,TR,BAL,LTBF,Balikesir,39.6167,27.9167,101,1970,7.7,9.5,10.2,15.5,16.8,21.9,24.7,24.3,20.0,14.4,10.8,6.4,72,156,59,56.0,44.0,10.0,6.0,4.0,19.0,35.0,72.0,65.0
17150,TR,BAL,LTBF,Balikesir,39.6167,27.9167,101,1971,8.6,6.1,8.8,12.0,18.5,21.7,23.0,24.3,20.5,13.7,10.8,5.2,76,70,93,20.0,30.0,13.0,11.0,3.0,16.0,20.0,94.0,99.0
17150,TR,BAL,LTBF,Balikesir,39.6167,27.9167,101,1972,2.8,5.2,8.6,15.9,17.6,22.5,24.8,24.0,21.3,14.5,10.7,4.6,35,27,22,76.0,66.0,29.0,11.0,52.0,52.0,88.0,36.0,0.2
17150,TR,BAL,LTBF,Balikesir,39.6167,27.9167,101,1973,4.0,8.2,7.0,12.2,18.0,20.4,24.8,22.6,21.1,16.3,8.2,6.9,29,123,49,100.0,16.0,34.0,7.0,27.0,16.0,66.0,132.0,111.0
17150,TR,BAL,LTBF,Balikesir,39.6167,27.9167,101,1974,1.5,6.0,8.2,11.3,16.9,21.8,23.7,23.5,20.6,18.9,10.5,5.2,36,66,53,52.0,86.0,5.0,8.0,5.0,18.0,4.0,88.0,81.0
17150,TR,BAL,LTBF,Balikesir,39.6167,27.9167,101,1975,3.6,4.0,10.4,14.3,17.4,21.8,24.7,23.7,21.0,15.7,9.4,3.2,119,37,65,60.0,79.0,25.0,0.0,0.0,11.0,15.0,88.0,29.0
17150,TR,BAL,LTBF,Balikesir,39.6167,27.9167,101,1976,3.4,2.8,6.8,12.6,16.3,20.3,23.5,20.8,19.1,15.9,11.2,5.6,42,35,12,193.0,41.0,18.0,7.0,62.0,5.0,98.0,19.0,71.0
17150,TR,BAL,LTBF,Balikesir,39.6167,27.9167,101,1977,5.2,9.2,8.4,12.1,17.5,22.1,24.0,25.0,19.9,12.8,12.0,5.5,40,23,45,41.0,5.0,2.0,4.0,0.0,155.0,16.0,111.0,84.0
17150,TR,BAL,LTBF,Balikesir,39.6167,27.9167,101,1978,4.6,8.4,9.7,12.4,17.7,22.0,23.7,22.0,18.4,15.1,8.6,7.6,201,135,330,71.0,59.0,0.3,0.0,50.0,120.0,56.0,73.0,15.0
17150,TR,BAL,LTBF,Balikesir,39.6167,27.9167,101,1979,6.2,7.7,10.4,12.2,17.1,22.7,23.6,24.1,20.4,15.8,10.7,7.0,110,57,26,55.0,42.0,20.0,4.0,9.0,9.0,28.0,110.0,74.0
17150,TR,BAL,LTBF,Balikesir,39.6167,27.9167,101,1980,3.3,5.1,7.1,11.7,16.7,21.0,23.7,23.8,18.5,17.2,11.9,6.8,148,27,308,65.0,59.0,73.0,28.0,0.0,7.0,9.0,126.0,111.0
17150,TR,BAL,LTBF,Balikesir,39.6167,27.9167,101,1981,4.3,5.1,10.0,12.6,15.5,22.6,23.1,23.4,20.5,18.3,8.3,10.5,146,28,51,5.0,75.0,0.0,11.0,28.0,16.0,32.0,98.0,300.0
17150,TR,BAL,LTBF,Balikesir,39.6167,27.9167,101,1982,5.5,3.3,6.6,12.7,16.0,21.5,22.0,22.8,21.7,15.7,8.7,7.9,49,30,26,77.0,66.0,2.0,25.0,0.0,0.0,39.0,3.0,104.0
17150,TR,BAL,LTBF,Balikesir,39.6167,27.9167,101,1983,3.3,4.2,8.6,14.2,18.2,21.0,24.7,22.6,20.1,14.3,9.8,7.1,48,50,13,45.0,30.0,11.0,52.0,0.0,0.0,38.0,108.0,58.0
17150,TR,BAL,LTBF,Balikesir,39.6167,27.9167,101,1984,6.4,7.0,7.8,10.6,19.0,21.0,23.0,22.0,21.4,17.0,10.7,4.7,76,70,63,103.0,10.0,5.0,27.0,5.0,0.0,22.0,71.0,13.0
17150,TR,BAL,LTBF,Balikesir,39.6167,27.9167,101,1985,7.9,1.6,7.4,14.6,19.4,21.7,22.9,24.1,19.5,13.1,11.5,7.3,125,38,52,8.0,48.0,5.0,0.0,0.0,0.0,9.0,107.0,40.0
17150,TR,BAL,LTBF,Balikesir,39.6167,27.9167,101,1986,7.7,7.5,7.8,14.3,15.7,22.6,24.1,25.6,21.7,14.7,7.4,4.8,119,105,17,21.0,11.0,19.0,0.0,0.0,0.0,21.0,25.0,86.0
17150,TR,BAL,LTBF,Balikesir,39.6167,27.9167,101,1987,6.4,6.7,4.1,10.8,16.6,21.6,24.8,23.1,21.2,14.2,9.6,5.7,165,44,31,24.0,39.0,17.0,3.0,0.0,0.0,31.0,114.0,136.0
17150,TR,BAL,LTBF,Balikesir,39.6167,27.9167,101,1988,5.3,5.0,8.6,12.3,17.0,22.3,25.7,24.5,20.1,14.5,6.8,6.1,18,46,107,41.0,11.0,23.0,0.0,0.0,5.0,20.0,167.0,112.0
17150,TR,BAL,LTBF,Balikesir,39.6167,27.9167,101,1989,1.7,5.3,9.5,15.9,16.2,20.2,23.4,23.9,20.1,13.9,8.6,5.5,11,4,45,10.0,32.0,35.0,2.0,0.0,10.0,60.0,65.0,121.0
17150,TR,BAL,LTBF,Balikesir,39.6167,27.9167,101,1990,3.0,6.3,8.5,13.3,16.0,20.7,23.8,23.2,19.1,15.3,11.5,7.2,5,37,31,67.0,21.0,17.0,0.3,0.0,13.0,31.0,166.0,119.0
17150,TR,BAL,LTBF,Balikesir,39.6167,27.9167,101,1991,4.3,4.2,7.5,11.5,15.8,21.1,23.6,23.9,19.6,15.1,10.1,2.2,18,106,16,69.0,123.0,0.3,6.0,0.0,8.0,23.0,26.0,27.0
17150,TR,BAL,LTBF,Balikesir,39.6167,27.9167,101,1992,1.8,1.7,7.2,12.2,14.9,21.5,22.6,25.1,19.5,17.7,8.0,3.5,3,26,64,46.0,18.0,38.0,26.0,0.0,0.0,40.0,73.0,65.0
17150,TR,BAL,LTBF,Balikesir,39.6167,27.9167,101,1993,1.7,2.9,7.2,11.5,15.7,21.2,23.2,24.5,20.3,16.7,8.1,7.8,26,73,40,53.0,60.0,1.0,8.0,15.0,15.0,12.0,65.0,58.0
17150,TR,BAL,LTBF,Balikesir,39.6167,27.9167,101,1994,6.1,5.0,8.1,13.9,17.8,21.1,24.3,24.8,23.5,17.6,7.9,3.7,36,83,26,20.0,29.0,23.0,137.0,0.0,0.0,50.0,84.0,62.0
17150,TR,BAL,LTBF,Balikesir,39.6167,27.9167,101,1995,6.0,6.9,7.8,11.0,17.2,24.2,24.3,24.0,20.5,13.2,5.9,6.9,114,15,114,65.0,3.0,9.0,4.0,8.0,18.0,20.0,100.0,62.0
17150,TR,BAL,LTBF,Balikesir,39.6167,27.9167,101,1996,2.9,5.8,5.2,10.0,19.3,21.4,23.8,23.7,19.2,13.1,10.2,9.3,106,74,104,20.0,12.0,0.0,0.0,9.0,59.0,19.0,12.0,108.0
17150,TR,BAL,LTBF,Balikesir,39.6167,27.9167,101,1997,5.3,4.0,5.7,9.3,17.8,22.3,24.9,22.7,18.4,14.4,10.1,6.7,76,34,76,102.0,3.0,8.0,3.0,3.0,0.0,111.0,51.0,180.0
17150,TR,BAL,LTBF,Balikesir,39.6167,27.9167,101,1998,3.8,5.6,5.9,14.0,16.6,21.9,25.4,25.2,20.1,15.7,10.8,5.6,49,70,67,22.0,106.0,0.0,0.0,0.0,16.0,97.0,117.0,78.0
17150,TR,BAL,LTBF,Balikesir,39.6167,27.9167,101,1999,5.3,5.6,8.4,13.1,18.0,23.2,25.8,25.0,20.9,16.7,10.4,8.7,42,158,73,40.0,1.0,6.0,19.0,0.8,5.0,10.0,69.0,56.0
17150,TR,BAL,LTBF,Balikesir,39.6167,27.9167,101,2000,1.8,4.9,7.0,14.8,17.0,21.3,25.5,24.0,20.7,14.5,10.4,7.2,45,103,85,69.0,32.0,20.0,0.0,2.0,4.0,52.0,34.0,26.0
17150,TR,BAL,LTBF,Balikesir,39.6167,27.9167,101,2001,6.8,6.6,12.6,13.3,17.2,22.5,26.7,25.7,21.4,16.5,9.7,4.6,22,83,22,76.0,102.0,27.0,0.0,2.0,29.0,0.0,110.0,136.0
17150,TR,BAL,LTBF,Balikesir,39.6167,27.9167,101,2002,2.3,7.9,9.3,11.9,17.2,23.2,27.1,25.9,20.5,15.2,9.3,4.3,57,45,76,77.0,42.0,1.0,12.0,3.0,54.0,60.0,79.0,54.0
17150,TR,BAL,LTBF,Balikesir,39.6167,27.9167,101,2003,7.9,2.3,4.5,9.9,18.9,23.4,25.4,25.3,19.6,16.3,8.6,5.6,71,79,31,70.0,22.0,0.0,0.0,0.0,40.0,54.0,44.0,66.0
17150,TR,BAL,LTBF,Balikesir,39.6167,27.9167,101,2004,4.1,4.8,9.0,12.2,17.1,22.3,25.0,24.1,21.1,17.5,10.4,7.0,138,34,24,49.0,17.0,22.0,1.0,7.0,0.0,7.0,173.0,34.0
17150,TR,BAL,LTBF,Balikesir,39.6167,27.9167,101,2005,5.5,5.8,8.2,13.2,18.0,21.5,25.7,26.2,21.1,13.9,9.5,7.5,87,90,89,34.0,34.0,28.0,10.0,1.0,13.0,17.0,99.0,60.0
17150,TR,BAL,LTBF,Balikesir,39.6167,27.9167,101,2006,2.5,4.7,9.0,13.4,17.5,22.2,23.8,26.4,19.6,15.9,7.3,3.4,46,71,71,21.0,14.0,71.0,3.0,0.0,69.0,47.0,32.0,29.0
17150,TR,BAL,LTBF,Balikesir,39.6167,27.9167,101,2007,5.5,6.5,8.8,11.0,19.5,24.9,26.4,26.7,21.1,16.3,8.8,4.3,29,18,44,15.0,44.0,7.0,0.0,0.0,0.0,90.0,102.0,120.0
17150,TR,BAL,LTBF,Balikesir,39.6167,27.9167,101,2008,1.3,3.6,11.4,14.1,17.2,23.5,25.0,26.2,20.4,15.9,11.2,6.4,37,13,54,42.0,5.0,14.0,0.0,4.0,33.0,39.0,53.0,60.0
17150,TR,BAL,LTBF,Balikesir,39.6167,27.9167,101,2009,5.2,7.0,8.3,12.0,17.6,22.8,25.5,24.3,20.0,17.4,9.3,8.9,120,120,121,54.0,52.0,35.0,2.0,0.0,29.0,31.0,93.0,118.0
17150,TR,BAL,LTBF,Balikesir,39.6167,27.9167,101,2010,6.1,9.3,9.0,13.0,18.5,22.5,25.5,27.5,21.4,14.6,13.3,8.5,165,167,39,37.0,44.0,96.0,1.0,2.0,58.0,202.0,31.0,155.0
17150,TR,BAL,LTBF,Balikesir,39.6167,27.9167,101,2011,4.2,5.0,7.6,10.3,16.1,21.7,26.1,24.1,21.8,12.9,5.8,5.3,37,34,40,65.0,36.0,4.0,4.0,0.0,91.0,94.0,1.0,153.0
17150,TR,BAL,LTBF,Balikesir,39.6167,27.9167,101,2012,2.6,2.2,7.1,14.2,17.4,24.1,27.1,25.3,22.3,18.4,12.4,6.8,78,119,40,68.0,87.0,0.0,0.0,14.0,7.0,26.0,33.0,141.0
17150,TR,BAL,LTBF,Balikesir,39.6167,27.9167,101,2013,6.2,8.0,10.7,13.1,19.7,22.7,24.9,25.8,20.7,13.4,11.0,1.6,132,111,90,43.0,5.0,17.0,0.0,0.0,12.0,64.0,115.0,22.0
17150,TR,BAL,LTBF,Balikesir,39.6167,27.9167,101,2014,7.3,7.3,9.5,13.6,17.4,21.8,25.5,25.6,20.4,15.8,10.5,8.5,41,10,46,114.0,40.0,94.0,5.0,25.0,99.0,83.0,38.0,115.0
17150,TR,BAL,LTBF,Balikesir,39.6167,27.9167,101,2015,4.5,6.3,8.8,11.0,18.7,21.1,25.0,26.1,23.1,16.0,11.6,3.0,97,64,62,69.0,36.0,93.0,0.0,0.0,49.0,108.0,73.0,2.0
17150,TR,BAL,LTBF,Balikesir,39.6167,27.9167,101,2016,3.9,10.2,10.3,15.6,17.5,24.0,26.0,25.8,21.1,15.5,9.6,2.7,178,49,132,12.0,50.0,18.0,0.0,0.0,3.0,16.0,126.0,42.0
17150,TR,BAL,LTBF,Balikesir,39.6167,27.9167,101,2017,1.9,6.7,9.5,12.3,17.2,22.9,25.3,25.0,21.9,14.3,9.4,8.6,172,52,59,35.0,40.0,13.0,7.0,11.0,3.0,37.0,50.0,85.0
17150,TR,BAL,LTBF,Balikesir,39.6167,27.9167,101,2018,4.9,8.4,11.8,14.9,19.4,22.9,25.8,26.3,21.4,16.5,11.9,5.0,37,70,101,18.0,33.0,69.0,46.0,0.5,19.0,10.0,50.0,63.0
17150,TR,BAL,LTBF,Balikesir,39.6167,27.9167,101,2019,5.8,6.4,9.4,12.3,19.0,24.4,24.4,25.4,21.5,17.3,12.6,6.5,106,45,26,76.0,37.0,15.0,37.0,0.0,3.0,51.0,49.0,55.0
17150,TR,BAL,LTBF,Balikesir,39.6167,27.9167,101,2020,4.4,7.0,9.4,11.6,17.7,21.8,25.2,25.3,23.6,18.2,9.8,9.3,55,68,43,52.0,61.0,72.0,0.6,0.0,0.0,25.0,29.0,37.0
17150,TR,BAL,LTBF,Balikesir,39.6167,27.9167,101,2021,6.8,6.5,6.8,12.6,18.6,21.4,26.4,26.3,20.6,14.7,12.0,8.2,175,79,94,99.0,18.0,54.0,0.4,0.0,8.0,48.0,75.0,62.0
17150,TR,BAL,LTBF,Balikesir,39.6167,27.9167,101,2022,3.8,6.1,4.4,13.7,18.1,23.2,24.8,25.7,21.3,16.1,12.3,8.8,40,124,32,52.0,6.0,30.0,50.0,15.0,10.0,1.0,52.0,67.0
17150,TR,BAL,LTBF,Balikesir,39.6167,27.9167,101,2023,6.8,5.2,9.8,12.3,16.3,21.7,26.2,26.7,22.6,17.4,13.1,9.0,90,20,69,128.0,107.0,32.0,0.0,0.6,21.0,18.0,166.0,83.0
17150,TR,BAL,LTBF,Balikesir,39.6167,27.9167,101,2024,6.7,8.3,9.9,15.8,16.7,25.8,27.7,26.4,22.5,16.4,9.7,8.0,111,24,80,43.0,26.0,0.0,15.0,0.0,21.0,4.0,76.0,131.0
17150,TR,BAL,LTBF,Balikesir,39.6167,27.9167,101,2025,6.7,4.6,11.1,11.6,18.0,23.6,27.6,26.0,22.0,14.9,12.0,6.0,75,44,33,51.0,34.0,0.0,0.0,5.0,10.0,115.0,68.0,22.0
17150,TR,BAL,LTBF,Balikesir,39.6167,27.9167,101,2026,6.9,8.4,8.0,,,,,,,,,,121,179,61,,,,,,,,,
17115,TR,BAL,LTBG,Bandirma,40.3167,27.9667,51,1950,1.8,5.6,7.3,14.7,16.5,21.7,24.1,23.3,21.6,14.5,10.5,9.8,106.0,57.0,74.0,20.0,27.0,0.7,1.0,13.0,137.0,45.0,61.0,83.0
17115,TR,BAL,LTBG,Bandirma,40.3167,27.9667,51,1951,7.6,8.0,10.2,14.0,18.2,21.1,24.0,24.8,21.4,13.9,12.3,5.7,91.0,69.0,105.0,40.0,35.0,16.0,12.0,48.0,11.0,69.0,95.0,62.0
17115,TR,BAL,LTBG,Bandirma,40.3167,27.9667,51,1952,7.0,6.9,7.9,12.2,15.7,20.1,22.8,25.2,23.2,16.8,13.0,11.0,101.0,95.0,59.0,2.0,16.0,72.0,0.0,,24.0,105.0,111.0,113.0
17115,TR,BAL,LTBG,Bandirma,40.3167,27.9667,51,1953,7.4,7.0,4.5,11.8,15.4,21.1,23.8,24.0,20.2,16.2,8.5,3.7,135.0,127.0,86.0,32.0,59.0,80.0,,0.9,19.0,139.0,13.0,36.0
17115,TR,BAL,LTBG,Bandirma,40.3167,27.9667,51,1954,1.4,2.7,7.8,9.9,17.1,22.9,24.6,24.9,22.6,16.4,11.9,7.6,131.0,73.0,55.0,41.0,47.0,4.0,,0.3,29.0,40.0,68.0,104.0
17115,TR,BAL,LTBG,Bandirma,40.3167,27.9667,51,1955,9.0,11.2,8.9,9.8,16.6,20.4,24.2,23.0,21.3,18.9,11.0,8.5,79.0,106.0,48.0,72.0,2.0,3.0,20.0,36.0,16.0,101.0,359.0,60.0
17115,TR,BAL,LTBG,Bandirma,40.3167,27.9667,51,1956,6.8,4.6,4.6,12.8,16.2,20.6,23.6,24.7,19.8,14.8,10.1,5.9,120.0,142.0,63.0,26.0,28.0,44.0,0.0,0.3,12.0,21.0,95.0,55.0
17115,TR,BAL,LTBG,Bandirma,40.3167,27.9667,51,1957,4.4,7.7,6.7,11.3,15.5,21.3,23.7,25.0,22.7,17.7,11.7,6.6,40.0,32.0,62.0,33.0,73.0,2.0,5.0,0.0,15.0,11.0,71.0,112.0
17115,TR,BAL,LTBG,Bandirma,40.3167,27.9667,51,1958,5.9,9.3,8.2,11.8,18.2,21.3,23.5,23.9,19.0,14.8,11.5,9.2,124.0,35.0,118.0,39.0,27.0,13.0,0.9,2.0,84.0,108.0,25.0,91.0
17115,TR,BAL,LTBG,Bandirma,40.3167,27.9667,51,1959,6.5,3.2,6.6,12.3,15.5,19.9,23.8,24.0,17.8,12.8,10.2,9.5,165.0,46.0,42.0,13.0,45.0,21.0,68.0,0.0,28.0,46.0,105.0,95.0
17115,TR,BAL,LTBG,Bandirma,40.3167,27.9667,51,1960,7.2,6.2,7.4,10.7,16.1,19.8,22.6,23.3,19.6,18.9,13.5,11.7,93.0,83.0,72.0,59.0,56.0,109.0,3.0,3.0,25.0,32.0,50.0,124.0
17115,TR,BAL,LTBG,Bandirma,40.3167,27.9667,51,1961,5.8,5.5,8.6,14.0,17.5,21.4,23.2,24.1,19.5,15.6,13.9,8.7,101.0,87.0,33.0,57.0,65.0,27.0,0.2,7.0,37.0,75.0,43.0,113.0
17115,TR,BAL,LTBG,Bandirma,40.3167,27.9667,51,1962,6.8,5.0,9.9,11.8,17.8,20.1,23.0,24.8,20.8,17.2,15.5,7.9,48.0,90.0,124.0,62.0,4.0,10.0,33.0,,15.0,159.0,101.0,227.0
17115,TR,BAL,LTBG,Bandirma,40.3167,27.9667,51,1963,4.9,7.9,6.8,10.6,15.7,21.4,24.7,25.1,22.6,16.9,12.0,8.1,179.0,89.0,88.0,39.0,22.0,5.0,1.0,,9.0,49.0,26.0,349.0
17115,TR,BAL,LTBG,Bandirma,40.3167,27.9667,51,1964,2.8,4.2,7.1,12.1,14.6,21.6,22.8,22.6,19.3,17.3,11.2,9.1,32.0,105.0,92.0,8.0,40.0,4.0,0.8,23.0,94.0,0.5,65.0,128.0
17115,TR,BAL,LTBG,Bandirma,40.3167,27.9667,51,1965,6.0,3.7,7.5,10.9,15.9,21.4,23.3,21.8,20.7,14.2,11.8,9.5,40.0,212.0,96.0,213.0,44.0,1.0,3.0,6.0,,35.0,150.0,123.0
17115,TR,BAL,LTBG,Bandirma,40.3167,27.9667,51,1966,6.1,10.1,8.6,13.7,16.6,20.3,24.5,25.2,20.1,19.1,14.7,8.0,191.0,6.0,164.0,57.0,16.0,15.0,0.2,32.0,31.0,12.0,103.0,186.0
17115,TR,BAL,LTBG,Bandirma,40.3167,27.9667,51,1967,3.9,3.4,8.0,11.9,17.1,20.4,23.7,24.1,20.7,16.4,10.9,7.5,154.0,40.0,43.0,78.0,20.0,17.0,16.0,31.0,8.0,71.0,24.0,133.0
17115,TR,BAL,LTBG,Bandirma,40.3167,27.9667,51,1968,3.8,6.3,7.7,13.1,18.6,20.8,23.5,22.6,19.8,14.5,12.0,7.6,190.0,39.0,99.0,21.0,10.0,32.0,0.0,50.0,154.0,28.0,123.0,121.0
17115,TR,BAL,LTBG,Bandirma,40.3167,27.9667,51,1969,3.3,7.7,6.2,10.8,17.8,22.0,21.7,23.4,21.8,15.9,12.0,9.3,121.0,85.0,50.0,130.0,22.0,52.0,11.0,,0.5,4.0,28.0,169.0
17115,TR,BAL,LTBG,Bandirma,40.3167,27.9667,51,1970,7.4,8.8,9.5,14.9,16.2,20.8,24.2,24.0,20.0,14.5,11.3,7.1,117.0,170.0,68.0,73.0,25.0,4.0,2.0,2.0,36.0,75.0,108.0,76.0
17115,TR,BAL,LTBG,Bandirma,40.3167,27.9667,51,1971,8.6,6.3,8.0,11.3,17.3,21.2,22.4,23.8,20.4,13.5,10.9,6.1,75.0,67.0,169.0,27.0,18.0,17.0,18.0,10.0,20.0,90.0,110.0,52.0
17115,TR,BAL,LTBG,Bandirma,40.3167,27.9667,51,1972,3.4,4.4,7.3,14.4,16.4,22.0,23.9,23.5,20.3,14.4,10.9,5.9,32.0,36.0,19.0,67.0,38.0,23.0,55.0,90.0,86.0,140.0,85.0,11.0
17115,TR,BAL,LTBG,Bandirma,40.3167,27.9667,51,1973,4.1,7.8,6.7,11.7,17.0,19.6,23.9,22.6,20.5,16.6,8.8,7.4,44.0,88.0,64.0,77.0,7.0,42.0,,32.0,24.0,95.0,52.0,74.0
17115,TR,BAL,LTBG,Bandirma,40.3167,27.9667,51,1974,2.6,6.0,7.0,10.5,16.4,20.6,22.6,22.8,20.6,19.5,11.2,6.4,60.0,70.0,73.0,28.0,122.0,2.0,7.0,0.3,20.0,35.0,85.0,88.0
17115,TR,BAL,LTBG,Bandirma,40.3167,27.9667,51,1975,4.6,4.6,10.2,13.4,16.8,21.0,24.1,23.2,21.2,15.5,10.7,4.7,161.0,112.0,64.0,62.0,55.0,95.0,5.0,25.0,5.0,53.0,85.0,150.0
17115,TR,BAL,LTBG,Bandirma,40.3167,27.9667,51,1976,4.5,3.5,5.8,11.9,15.6,19.7,22.9,21.0,18.9,15.8,12.1,7.2,62.0,43.0,24.0,34.0,20.0,17.0,84.0,36.0,17.0,100.0,77.0,109.0
17115,TR,BAL,LTBG,Bandirma,40.3167,27.9667,51,1977,6.5,9.9,7.7,11.6,16.6,21.1,23.3,24.2,19.4,13.0,13.0,6.1,68.0,50.0,115.0,48.0,11.0,8.0,69.0,0.3,55.0,25.0,100.0,191.0
17115,TR,BAL,LTBG,Bandirma,40.3167,27.9667,51,1978,5.5,8.1,8.9,12.2,17.6,21.3,23.1,22.3,18.4,15.6,10.3,8.2,334.0,129.0,91.0,93.0,33.0,0.1,1.0,0.5,137.0,69.0,76.0,122.0
17115,TR,BAL,LTBG,Bandirma,40.3167,27.9667,51,1979,6.0,7.3,10.3,11.9,16.6,22.4,22.8,23.3,20.2,15.2,11.2,8.0,147.0,60.0,23.0,40.0,20.0,7.0,19.0,118.0,34.0,66.0,111.0,92.0
17115,TR,BAL,LTBG,Bandirma,40.3167,27.9667,51,1980,3.4,4.5,6.7,11.1,16.0,20.2,23.1,23.6,18.6,17.1,12.2,7.8,119.0,68.0,128.0,63.0,54.0,38.0,23.0,1.0,14.0,13.0,115.0,128.0
17115,TR,BAL,LTBG,Bandirma,40.3167,27.9667,51,1981,4.6,5.1,9.8,11.5,14.6,21.5,22.7,22.7,20.0,17.9,8.6,10.9,284.0,122.0,60.0,14.0,78.0,22.0,16.0,0.3,13.0,86.0,113.0,242.0
17115,TR,BAL,LTBG,Bandirma,40.3167,27.9667,51,1982,6.1,3.8,6.5,10.8,15.2,20.1,22.1,22.9,21.8,16.6,10.0,9.7,115.0,26.0,40.0,99.0,75.0,3.0,19.0,6.0,2.0,37.0,33.0,85.0
17115,TR,BAL,LTBG,Bandirma,40.3167,27.9667,51,1983,4.3,6.2,8.8,13.6,17.9,20.1,23.1,22.7,19.8,15.0,10.3,8.6,136.0,94.0,8.0,75.0,22.0,62.0,29.0,4.0,79.0,38.0,92.0,58.0
17115,TR,BAL,LTBG,Bandirma,40.3167,27.9667,51,1984,7.5,6.6,7.6,9.5,17.8,20.5,22.3,22.4,21.4,18.1,12.8,6.7,94.0,51.0,100.0,84.0,16.0,12.0,15.0,13.0,0.2,17.0,65.0,16.0
17115,TR,BAL,LTBG,Bandirma,40.3167,27.9667,51,1985,8.2,1.5,6.6,14.0,18.4,20.7,22.2,23.6,19.3,13.9,12.9,8.9,164.0,73.0,28.0,32.0,13.0,3.0,5.0,1.0,2.0,109.0,157.0,59.0
17115,TR,BAL,LTBG,Bandirma,40.3167,27.9667,51,1986,7.9,7.2,6.9,13.4,15.7,22.0,23.7,24.9,20.8,14.9,8.7,6.1,189.0,136.0,34.0,78.0,10.0,68.0,,0.0,4.0,58.0,57.0,68.0
17115,TR,BAL,LTBG,Bandirma,40.3167,27.9667,51,1987,6.4,7.4,4.3,10.2,14.7,20.1,23.9,21.7,20.1,14.1,10.2,6.6,146.0,37.0,138.0,42.0,36.0,14.0,21.0,7.0,1.0,61.0,132.0,122.0
17115,TR,BAL,LTBG,Bandirma,40.3167,27.9667,51,1988,6.5,5.1,7.5,10.0,15.3,20.6,24.3,23.6,19.2,14.8,7.0,6.4,12.0,57.0,80.0,69.0,4.0,48.0,15.0,8.0,12.0,30.0,363.0,168.0
17115,TR,BAL,LTBG,Bandirma,40.3167,27.9667,51,1989,3.0,5.7,8.6,15.2,15.8,18.9,22.8,23.6,19.8,14.2,8.7,6.5,15.0,13.0,40.0,14.0,72.0,25.0,0.0,3.0,12.0,158.0,126.0,137.0
17115,TR,BAL,LTBG,Bandirma,40.3167,27.9667,51,1990,3.8,6.3,9.0,12.9,15.3,20.4,23.6,23.1,18.7,15.3,13.8,9.0,27.0,24.0,43.0,44.0,51.0,68.0,6.0,0.4,47.0,58.0,87.0,175.0
17115,TR,BAL,LTBG,Bandirma,40.3167,27.9667,51,1991,5.6,5.2,6.7,11.1,15.4,20.4,23.7,24.0,19.9,16.4,11.4,3.5,42.0,45.0,28.0,87.0,104.0,15.0,7.0,0.8,51.0,205.0,77.0,134.0
17115,TR,BAL,LTBG,Bandirma,40.3167,27.9667,51,1992,3.9,2.8,7.5,11.7,14.1,21.0,21.8,24.9,19.7,18.6,10.2,4.9,,,,,,,,,,,,
17115,TR,BAL,LTBG,Bandirma,40.3167,27.9667,51,1993,4.0,3.0,6.9,11.8,15.2,20.5,22.4,23.5,19.3,17.5,9.4,8.9,,,,,,,,,,,,
17115,TR,BAL,LTBG,Bandirma,40.3167,27.9667,51,1994,7.5,5.7,8.7,13.7,16.6,19.8,24.0,24.4,23.3,18.0,9.5,5.6,,,,,,,,,,,,
17115,TR,BAL,LTBG,Bandirma,40.3167,27.9667,51,1995,6.4,7.9,9.0,11.3,16.6,22.8,24.2,23.7,20.3,14.2,7.5,7.5,,,,,,,,,,,,
17115,TR,BAL,LTBG,Bandirma,40.3167,27.9667,51,1996,3.6,5.2,4.9,9.7,18.2,20.5,23.2,23.8,19.3,14.2,11.4,9.4,,,,,,,,,,,,
17115,TR,BAL,LTBG,Bandirma,40.3167,27.9667,51,1997,6.1,4.8,5.5,9.2,16.6,21.2,23.8,22.2,18.3,14.8,11.2,7.6,,,,,,,,,,,,
17115,TR,BAL,LTBG,Bandirma,40.3167,27.9667,51,1998,5.5,6.2,6.8,14.6,16.4,22.0,24.3,25.1,20.2,17.0,12.1,6.6,,,,,,,,,,,,
17115,TR,BAL,LTBG,Bandirma,40.3167,27.9667,51,1999,7.1,6.2,8.9,13.8,17.3,22.6,25.8,25.3,20.9,16.8,11.5,10.1,,,,,,,,,,,,
17115,TR,BAL,LTBG,Bandirma,40.3167,27.9667,51,2000,3.4,6.3,8.2,14.8,16.7,20.9,24.7,24.3,21.2,15.9,13.1,8.8,,,,,,,,,,,,
17115,TR,BAL,LTBG,Bandirma,40.3167,27.9667,51,2001,8.1,7.6,13.1,13.1,16.6,20.9,26.1,25.8,20.8,17.3,10.8,4.8,,,,,,,,,,,,
17115,TR,BAL,LTBG,Bandirma,40.3167,27.9667,51,2002,4.2,9.3,10.1,11.1,16.8,22.4,26.2,24.6,20.3,15.8,11.2,5.8,,,,,,,,,,,,
17115,TR,BAL,LTBG,Bandirma,40.3167,27.9667,51,2003,7.8,2.5,4.7,9.1,17.1,22.3,24.3,25.0,19.6,16.4,10.2,6.8,,,,,,,,,,,,
17115,TR,BAL,LTBG,Bandirma,40.3167,27.9667,51,2004,4.7,5.5,9.1,12.3,15.9,21.0,23.4,23.4,20.6,17.5,11.1,8.3,,,,,,,,,,,,
17115,TR,BAL,LTBG,Bandirma,40.3167,27.9667,51,2005,6.3,6.0,7.3,12.2,16.6,20.2,24.1,25.1,20.8,14.8,10.1,8.3,,,,,,,,,,,,
17115,TR,BAL,LTBG,Bandirma,40.3167,27.9667,51,2006,3.2,4.9,9.0,12.6,17.0,21.5,23.8,25.9,20.4,16.6,9.3,6.4,,,,,,,,,,,,
17115,TR,BAL,LTBG,Bandirma,40.3167,27.9667,51,2007,7.2,6.6,8.7,10.7,18.4,23.7,25.3,25.8,20.2,16.7,10.0,5.8,,,,,,,,,,,,
17115,TR,BAL,LTBG,Bandirma,40.3167,27.9667,51,2008,3.2,5.2,11.5,14.3,16.6,22.6,23.9,25.9,20.9,16.5,12.3,7.6,,,,,,,,,,,,
17115,TR,BAL,LTBG,Bandirma,40.3167,27.9667,51,2009,6.2,7.1,8.3,11.5,17.1,22.1,25.0,24.5,19.8,17.2,11.2,9.6,,,,,,,,,,,,
17115,TR,BAL,LTBG,Bandirma,40.3167,27.9667,51,2010,6.3,8.9,8.9,12.8,17.7,22.1,24.9,27.0,21.3,15.1,15.0,9.7,,,,,,,,,,,,
17115,TR,BAL,LTBG,Bandirma,40.3167,27.9667,51,2011,5.3,5.5,8.0,10.3,15.9,21.5,25.4,24.2,22.4,13.9,8.2,7.6,,,,,,,,,,,,
17115,TR,BAL,LTBG,Bandirma,40.3167,27.9667,51,2012,3.6,3.0,7.2,14.2,17.2,23.2,26.6,25.2,21.9,19.1,13.8,7.2,,,,,,,,,,,,
17115,TR,BAL,LTBG,Bandirma,40.3167,27.9667,51,2013,6.7,7.9,10.2,13.1,19.0,22.0,24.2,26.0,20.2,13.8,12.4,4.6,,,,,,,,,,,,
17115,TR,BAL,LTBG,Bandirma,40.3167,27.9667,51,2014,8.6,8.1,9.4,12.9,17.2,21.5,24.9,25.3,20.8,15.9,11.0,9.0,,,,,,,,,,,,
17115,TR,BAL,LTBG,Bandirma,40.3167,27.9667,51,2015,5.5,6.4,7.9,10.6,17.3,20.6,24.5,25.8,22.8,16.6,12.5,5.3,,,,,,,,,,,,
17115,TR,BAL,LTBG,Bandirma,40.3167,27.9667,51,2016,5.0,10.0,10.2,14.8,17.5,23.0,25.3,25.5,21.4,15.9,10.8,3.7,,,,,,,,,,,,
17115,TR,BAL,LTBG,Bandirma,40.3167,27.9667,51,2017,2.4,6.8,9.1,11.3,16.8,22.4,24.4,25.0,21.6,14.3,10.6,9.5,,,,,,,,,,,,
17115,TR,BAL,LTBG,Bandirma,40.3167,27.9667,51,2018,5.9,7.9,10.8,13.4,18.0,22.2,25.5,25.9,21.4,16.7,12.7,6.0,23.0,50.0,45.0,2.0,35.0,14.0,4.0,0.0,82.0,1.0,98.0,54.0
17115,TR,BAL,LTBG,Bandirma,40.3167,27.9667,51,2019,6.2,6.4,9.4,11.9,18.2,24.0,24.1,24.9,21.3,17.5,14.3,7.7,53.0,94.0,27.0,43.0,42.0,2.0,19.0,12.0,5.0,27.0,20.0,93.0
17115,TR,BAL,LTBG,Bandirma,40.3167,27.9667,51,2020,5.8,7.7,9.8,11.0,16.5,21.5,24.7,25.1,23.2,17.9,11.3,9.8,141.0,60.0,44.0,53.0,67.0,22.0,0.0,0.2,6.0,54.0,31.0,42.0
17115,TR,BAL,LTBG,Bandirma,40.3167,27.9667,51,2021,7.4,7.4,6.8,11.3,17.6,21.2,25.9,25.9,20.7,15.7,12.4,8.7,153.0,54.0,88.0,51.0,66.0,22.0,0.6,2.0,13.0,59.0,1036.0,100.0
17115,TR,BAL,LTBG,Bandirma,40.3167,27.9667,51,2022,4.9,6.4,5.3,12.8,16.8,22.5,24.3,25.6,21.1,16.6,13.6,9.7,62.0,137.0,39.0,26.0,12.0,16.0,31.0,13.0,2.0,12.0,28.0,22.0
17115,TR,BAL,LTBG,Bandirma,40.3167,27.9667,51,2023,7.9,5.9,9.3,12.0,15.7,21.3,25.5,25.8,22.7,18.0,13.4,9.9,40.0,38.0,79.0,75.0,54.0,29.0,0.0,0.8,21.0,12.0,171.0,69.0
17115,TR,BAL,LTBG,Bandirma,40.3167,27.9667,51,2024,7.7,9.0,9.6,15.4,16.0,24.2,26.6,25.9,22.2,16.9,10.9,8.9,184.0,44.0,79.0,42.0,52.0,0.0,1.0,0.2,30.0,12.0,77.0,118.0
17115,TR,BAL,LTBG,Bandirma,40.3167,27.9667,51,2025,7.4,4.8,10.9,10.8,16.5,22.4,26.1,25.2,22.2,15.3,13.4,7.4,73.0,40.0,42.0,23.0,105.0,0.0,0.0,7.0,21.0,58.0,62.0,37.0
17115,TR,BAL,LTBG,Bandirma,40.3167,27.9667,51,2026,7.6,8.7,8.4,,,,,,,,,,105.0,94.0,82.0,,,,,,,,,
17234,TR,AYI,LTBD,Aydin,37.85,27.85,57,1961,8.6,8.9,12.3,18.3,20.8,25.6,28.4,28.5,23.2,19.5,16.0,10.8,112.0,67.0,31.0,57.0,17.0,46.0,0.1,,,21.0,36.0,147.0
17234,TR,AYI,LTBD,Aydin,37.85,27.85,57,1962,10.3,8.9,14.3,16.0,22.3,26.2,28.6,29.3,24.9,20.2,17.4,11.2,81.0,142.0,55.0,66.0,3.0,2.0,0.2,,15.0,44.0,67.0,214.0
17234,TR,AYI,LTBD,Aydin,37.85,27.85,57,1963,9.5,12.0,10.4,15.6,19.9,25.5,28.3,28.6,24.6,19.1,15.2,10.9,135.0,129.0,68.0,60.0,35.0,16.0,1.0,,,81.0,23.0,66.0
17234,TR,AYI,LTBD,Aydin,37.85,27.85,57,1964,5.4,8.4,12.4,15.7,19.5,25.4,27.2,26.5,22.4,20.4,14.2,11.0,11.0,89.0,39.0,3.0,13.0,24.0,,,69.0,0.4,53.0,217.0
17234,TR,AYI,LTBD,Aydin,37.85,27.85,57,1965,8.6,7.8,11.9,14.4,18.7,25.3,27.3,25.6,24.6,16.7,13.8,10.9,47.0,131.0,85.0,148.0,137.0,1.0,,,,29.0,80.0,158.0
17234,TR,AYI,LTBD,Aydin,37.85,27.85,57,1966,9.4,12.1,11.7,16.4,19.2,24.1,27.4,27.6,23.0,21.5,16.9,9.9,204.0,65.0,109.0,58.0,17.0,2.0,,0.3,33.0,4.0,88.0,191.0
17234,TR,AYI,LTBD,Aydin,37.85,27.85,57,1967,8.0,7.0,10.6,15.3,20.2,23.6,27.3,27.8,23.4,19.0,12.9,10.4,119.0,34.0,50.0,88.0,30.0,0.0,5.0,,20.0,30.0,40.0,176.0
17234,TR,AYI,LTBD,Aydin,37.85,27.85,57,1968,7.3,10.5,10.9,17.6,23.6,24.8,27.5,25.4,23.1,18.1,14.2,10.6,172.0,51.0,68.0,10.0,7.0,7.0,,1.0,25.0,64.0,80.0,134.0
17234,TR,AYI,LTBD,Aydin,37.85,27.85,57,1969,7.0,10.6,12.1,13.2,22.2,25.6,26.1,27.1,24.9,18.6,14.8,11.4,177.0,114.0,60.0,35.0,27.0,0.1,0.1,,0.0,0.0,34.0,217.0
17234,TR,AYI,LTBD,Aydin,37.85,27.85,57,1970,10.6,11.3,13.1,17.2,19.3,25.4,27.3,27.1,23.2,17.0,14.0,8.4,97.0,203.0,77.0,20.0,14.0,0.8,2.0,,5.0,78.0,61.0,58.0
17234,TR,AYI,LTBD,Aydin,37.85,27.85,57,1971,11.7,9.0,12.0,14.8,21.5,25.3,26.6,27.6,23.2,17.0,13.8,8.2,134.0,165.0,100.0,13.0,12.0,7.0,10.0,7.0,,22.0,108.0,85.0
17234,TR,AYI,LTBD,Aydin,37.85,27.85,57,1972,7.6,9.0,12.7,17.7,21.6,25.9,27.0,27.2,24.3,17.0,13.7,7.6,29.0,61.0,32.0,41.0,36.0,16.0,17.0,,13.0,80.0,27.0,8.0
17234,TR,AYI,LTBD,Aydin,37.85,27.85,57,1973,7.4,10.9,10.9,14.9,22.0,24.9,28.7,27.5,25.0,19.9,12.0,10.7,84.0,111.0,34.0,56.0,1.0,11.0,,,30.0,23.0,35.0,76.0
17234,TR,AYI,LTBD,Aydin,37.85,27.85,57,1974,5.6,10.5,13.5,14.4,19.9,25.3,27.8,26.8,23.6,21.0,13.7,8.1,25.0,167.0,105.0,39.0,29.0,0.9,,13.0,11.0,30.0,68.0,133.0
17234,TR,AYI,LTBD,Aydin,37.85,27.85,57,1975,8.0,8.4,13.2,16.5,20.3,24.4,27.9,26.6,24.1,18.9,13.4,8.2,122.0,68.0,63.0,61.0,60.0,98.0,,0.1,4.0,35.0,97.0,79.0
17234,TR,AYI,LTBD,Aydin,37.85,27.85,57,1976,8.0,7.8,12.5,15.7,20.9,24.1,26.0,24.5,22.2,19.5,13.9,9.5,53.0,54.0,13.0,100.0,32.0,27.0,31.0,,,132.0,69.0,74.0
17234,TR,AYI,LTBD,Aydin,37.85,27.85,57,1977,8.5,12.0,11.7,15.9,21.7,25.1,27.8,27.3,22.7,16.8,16.3,8.6,92.0,99.0,50.0,68.0,0.1,26.0,0.1,,34.0,25.0,38.0,77.0
17234,TR,AYI,LTBD,Aydin,37.85,27.85,57,1978,8.6,11.2,12.8,15.5,20.8,25.4,28.1,25.6,21.5,18.7,12.2,10.6,186.0,207.0,75.0,119.0,6.0,0.0,,,51.0,99.0,27.0,117.0
17234,TR,AYI,LTBD,Aydin,37.85,27.85,57,1979,8.8,11.0,13.9,15.5,20.4,25.5,26.6,26.5,24.4,19.5,13.9,10.0,156.0,56.0,41.0,37.0,50.0,23.0,6.0,,,64.0,125.0,115.0
17234,TR,AYI,LTBD,Aydin,37.85,27.85,57,1980,7.5,8.5,11.3,14.7,19.8,24.8,27.7,27.2,22.5,20.4,15.4,10.3,115.0,18.0,95.0,28.0,36.0,58.0,,,2.0,38.0,90.0,217.0
17234,TR,AYI,LTBD,Aydin,37.85,27.85,57,1981,7.7,9.0,13.7,16.0,18.8,26.5,27.3,27.0,24.1,21.7,11.9,12.6,264.0,72.0,56.0,18.0,36.0,22.0,,0.8,8.0,4.0,172.0,280.0
17234,TR,AYI,LTBD,Aydin,37.85,27.85,57,1982,9.9,7.9,11.1,15.7,20.2,25.1,26.3,26.8,25.3,19.3,11.7,8.5,68.0,47.0,115.0,73.0,34.0,24.0,2.0,,12.0,125.0,47.0,114.0
17234,TR,AYI,LTBD,Aydin,37.85,27.85,57,1983,5.6,6.9,11.1,16.9,21.0,23.5,26.8,25.6,22.9,16.9,13.1,10.0,59.0,119.0,63.0,47.0,35.0,20.0,3.0,0.0,0.8,10.0,91.0,159.0
17234,TR,AYI,LTBD,Aydin,37.85,27.85,57,1984,9.0,9.8,11.2,13.6,21.2,24.5,26.7,24.7,24.0,19.5,13.5,8.0,165.0,124.0,141.0,99.0,3.0,0.0,0.0,0.0,0.0,0.0,133.0,46.0
17234,TR,AYI,LTBD,Aydin,37.85,27.85,57,1985,10.5,5.8,11.6,16.4,22.2,24.9,27.1,27.4,23.8,16.2,15.4,9.2,173.0,87.0,40.0,20.0,24.0,0.0,0.0,0.0,0.0,24.0,76.0,65.0
17234,TR,AYI,LTBD,Aydin,37.85,27.85,57,1986,10.1,10.5,12.1,17.7,20.1,24.7,27.5,27.6,24.2,17.7,10.6,7.8,209.0,182.0,16.0,22.0,21.0,58.0,0.0,,5.0,11.0,30.0,153.0
17234,TR,AYI,LTBD,Aydin,37.85,27.85,57,1987,9.2,9.8,7.9,14.4,19.1,25.3,28.5,26.5,25.1,17.5,12.3,8.5,162.0,58.0,37.0,59.0,8.0,2.0,0.0,,0.0,2.0,51.0,77.0
17234,TR,AYI,LTBD,Aydin,37.85,27.85,57,1988,8.6,8.7,10.1,15.2,21.4,25.7,29.8,27.5,24.1,17.4,10.0,8.8,36.0,104.0,167.0,18.0,0.0,,,0.0,,13.0,116.0,133.0
17234,TR,AYI,LTBD,Aydin,37.85,27.85,57,1989,6.0,8.9,13.5,19.1,20.0,23.9,27.4,26.8,23.5,16.7,12.6,8.6,18.0,11.0,77.0,0.0,44.0,7.0,0.0,0.0,0.1,49.0,114.0,60.0
17234,TR,AYI,LTBD,Aydin,37.85,27.85,57,1990,6.0,9.3,13.2,16.0,20.4,25.2,28.5,26.6,22.5,18.9,15.2,10.2,6.0,40.0,19.0,98.0,23.0,2.0,0.0,0.0,0.0,8.0,15.0,123.0
17234,TR,AYI,LTBD,Aydin,37.85,27.85,57,1991,7.4,8.9,13.5,15.6,18.3,26.0,27.2,26.9,22.9,18.8,13.5,5.8,48.0,51.0,23.0,29.0,74.0,0.0,31.0,0.0,0.0,23.0,20.0,96.0
17234,TR,AYI,LTBD,Aydin,37.85,27.85,57,1992,5.6,5.9,10.3,15.7,20.3,25.3,26.7,27.5,22.6,20.9,12.0,6.2,0.0,12.0,60.0,50.0,3.0,0.3,23.0,18.0,0.0,36.0,168.0,60.0
17234,TR,AYI,LTBD,Aydin,37.85,27.85,57,1993,7.1,6.8,11.0,15.0,19.5,25.5,27.3,26.9,23.7,20.8,12.3,10.7,51.0,67.0,106.0,26.0,,2.0,,,,6.0,,57.0
17234,TR,AYI,LTBD,Aydin,37.85,27.85,57,1994,9.9,9.1,11.7,17.1,21.7,25.5,28.4,28.2,26.5,20.8,11.5,7.5,,,,30.0,48.0,,,35.0,101.0,73.0,119.0,105.0
17234,TR,AYI,LTBD,Aydin,37.85,27.85,57,1995,9.1,10.7,11.7,14.4,20.7,26.8,27.8,26.1,23.8,17.1,10.4,10.5,145.0,132.0,103.0,35.0,31.0,0.0,0.0,0.3,5.0,0.0,47.0,43.0
17234,TR,AYI,LTBD,Aydin,37.85,27.85,57,1996,7.4,10.2,9.8,13.9,22.6,26.6,28.1,27.0,21.8,16.2,14.5,11.8,23.0,166.0,,58.0,,0.0,0.0,0.0,61.0,9.0,,168.0
17234,TR,AYI,LTBD,Aydin,37.85,27.85,57,1997,9.5,8.2,9.9,11.7,21.9,26.0,28.0,25.5,22.0,17.9,14.2,9.6,85.0,,83.0,107.0,6.0,0.0,0.0,3.0,,36.0,,268.0
17234,TR,AYI,LTBD,Aydin,37.85,27.85,57,1998,8.4,10.3,9.5,16.7,19.7,25.8,28.7,28.7,23.1,19.2,14.5,9.5,,,,57.0,151.0,0.0,0.0,0.0,43.0,25.0,,114.0
17234,TR,AYI,LTBD,Aydin,37.85,27.85,57,1999,9.4,9.1,12.3,16.4,22.5,26.5,28.5,28.3,23.9,19.9,13.6,11.2,91.0,139.0,64.0,,5.0,0.0,0.3,0.0,6.0,0.0,9.0,
17234,TR,AYI,LTBD,Aydin,37.85,27.85,57,2000,4.9,8.1,10.3,17.1,21.4,26.7,29.2,27.9,23.7,18.1,14.9,9.3,,,,,,,,,,,,
17234,TR,AYI,LTBD,Aydin,37.85,27.85,57,2001,10.2,9.7,16.2,16.3,21.2,26.2,29.6,28.8,24.1,19.6,13.0,8.0,,,,,,,,,,,,
17234,TR,AYI,LTBD,Aydin,37.85,27.85,57,2002,6.8,11.6,13.2,14.9,20.9,26.2,27.8,27.1,22.5,18.0,13.5,7.5,,,,,,,,,43.0,,103.0,
17234,TR,AYI,LTBD,Aydin,37.85,27.85,57,2003,11.5,5.7,9.7,14.1,22.4,26.8,28.2,28.0,23.3,19.6,13.3,9.2,,,,,,,0.0,,,,,
17234,TR,AYI,LTBD,Aydin,37.85,27.85,57,2004,7.3,8.7,12.5,16.0,19.8,25.9,28.5,27.0,24.0,20.6,13.5,9.5,,,,,,,,0.0,,0.0,81.0,61.0
17234,TR,AYI,LTBD,Aydin,37.85,27.85,57,2005,9.3,8.1,12.0,15.6,21.0,24.8,28.4,27.8,23.5,17.0,12.1,10.2,60.0,168.0,86.0,,66.0,0.5,10.0,12.0,0.5,40.0,160.0,46.0
17234,TR,AYI,LTBD,Aydin,37.85,27.85,57,2006,6.7,8.9,12.1,17.0,21.4,25.8,28.0,28.7,24.0,18.9,12.1,8.7,71.0,113.0,112.0,19.0,1.0,0.0,4.0,0.0,14.0,82.0,77.0,6.0
17234,TR,AYI,LTBD,Aydin,37.85,27.85,57,2007,9.0,10.0,13.4,16.2,22.5,27.7,30.3,29.4,24.3,19.6,12.9,8.1,29.0,31.0,26.0,16.0,44.0,9.0,0.0,0.0,0.0,118.0,160.0,184.0
17234,TR,AYI,LTBD,Aydin,37.85,27.85,57,2008,6.6,8.3,14.5,16.9,21.2,27.5,29.0,29.4,23.8,18.6,14.9,10.2,26.0,20.0,64.0,70.0,17.0,0.0,0.0,0.0,23.0,27.0,75.0,98.0
17234,TR,AYI,LTBD,Aydin,37.85,27.85,57,2009,9.2,9.4,11.3,16.1,21.3,26.7,29.3,27.7,23.2,20.4,13.2,11.6,267.0,161.0,88.0,67.0,19.0,1.0,0.0,10.0,37.0,21.0,99.0,177.0
17234,TR,AYI,LTBD,Aydin,37.85,27.85,57,2010,10.0,11.8,13.4,17.1,22.0,24.9,28.7,29.8,24.6,17.8,16.4,11.4,139.0,157.0,23.0,16.0,30.0,32.0,0.0,0.0,1.0,96.0,38.0,144.0
17234,TR,AYI,LTBD,Aydin,37.85,27.85,57,2011,7.7,9.6,11.4,14.5,19.6,25.0,28.5,27.8,24.9,16.3,10.3,9.2,147.0,69.0,26.0,52.0,45.0,15.0,0.0,0.0,32.0,70.0,0.0,88.0
17234,TR,AYI,LTBD,Aydin,37.85,27.85,57,2012,5.6,7.2,11.6,17.3,20.6,27.5,30.4,29.2,25.6,20.9,15.5,9.6,182.0,158.0,38.0,68.0,56.0,45.0,0.0,0.0,0.0,36.0,24.0,217.0
17234,TR,AYI,LTBD,Aydin,37.85,27.85,57,2013,8.6,10.6,13.5,17.0,22.7,25.9,28.4,28.6,23.7,17.0,14.1,7.4,169.0,159.0,96.0,51.0,49.0,5.0,0.0,0.0,6.0,72.0,111.0,12.0
17234,TR,AYI,LTBD,Aydin,37.85,27.85,57,2014,10.9,11.2,13.0,16.8,20.9,25.0,28.0,28.7,23.7,19.2,13.4,11.7,75.0,41.0,64.0,76.0,15.0,52.0,0.0,0.0,5.0,43.0,126.0,230.0
17234,TR,AYI,LTBD,Aydin,37.85,27.85,57,2015,8.2,9.2,12.1,15.1,21.5,24.3,29.1,29.0,25.8,20.0,15.0,8.2,135.0,126.0,107.0,28.0,101.0,9.0,3.0,0.0,27.0,69.0,86.0,0.0
17234,TR,AYI,LTBD,Aydin,37.85,27.85,57,2016,7.9,13.6,13.3,19.4,20.6,27.9,29.7,29.0,24.3,19.7,13.9,6.2,146.0,39.0,112.0,8.0,38.0,4.0,0.0,0.0,23.0,0.0,51.0,12.0
17234,TR,AYI,LTBD,Aydin,37.85,27.85,57,2017,6.4,10.2,13.2,16.5,20.9,26.3,29.4,28.0,24.7,18.5,12.5,11.0,222.0,22.0,112.0,46.0,45.0,16.0,0.0,24.0,0.0,51.0,85.0,99.0
17234,TR,AYI,LTBD,Aydin,37.85,27.85,57,2018,8.6,12.3,15.1,19.8,23.2,25.8,29.2,28.5,25.3,19.2,14.5,8.4,119.0,113.0,90.0,8.0,71.0,28.0,6.0,16.0,33.0,4.0,85.0,57.0
17234,TR,AYI,LTBD,Aydin,37.85,27.85,57,2019,8.5,10.6,13.4,16.0,21.6,26.9,28.4,29.3,24.3,21.3,16.5,10.4,154.0,40.0,31.0,61.0,13.0,31.0,1.0,0.0,17.0,38.0,62.0,122.0
17234,TR,AYI,LTBD,Aydin,37.85,27.85,57,2020,7.7,10.4,13.4,16.9,22.1,25.3,29.8,29.1,26.9,21.2,14.0,12.1,94.0,97.0,71.0,42.0,37.0,21.0,0.0,0.0,0.0,45.0,1.0,107.0
17234,TR,AYI,LTBD,Aydin,37.85,27.85,57,2021,10.2,11.7,11.3,17.0,23.7,26.3,30.8,30.4,25.4,19.2,16.3,10.4,103.0,22.0,85.0,6.0,108.0,1.0,0.1,0.0,0.5,46.0,34.0,139.0
17234,TR,AYI,LTBD,Aydin,37.85,27.85,57,2022,7.4,9.9,8.6,18.0,22.6,27.1,30.0,28.9,25.1,20.5,15.5,12.2,113.0,75.0,56.0,17.0,16.0,76.0,0.0,2.0,0.0,0.7,82.0,59.0
17234,TR,AYI,LTBD,Aydin,37.85,27.85,57,2023,10.9,9.0,13.6,16.0,20.4,26.1,31.2,29.1,27.2,21.5,16.7,12.3,134.0,7.0,86.0,60.0,89.0,50.0,9.0,3.0,34.0,6.0,137.0,116.0
17234,TR,AYI,LTBD,Aydin,37.85,27.85,57,2024,10.6,12.4,14.5,20.7,22.4,31.2,31.5,30.5,26.8,20.7,14.1,11.4,130.0,31.0,60.0,24.0,2.0,0.8,0.0,0.0,0.8,0.0,73.0,178.0
17234,TR,AYI,LTBD,Aydin,37.85,27.85,57,2025,11.5,8.1,15.4,16.0,22.1,29.2,31.1,29.6,26.0,19.0,16.5,10.4,76.0,19.0,22.0,127.0,18.0,0.0,0.0,0.0,6.0,126.0,52.0,76.0
17234,TR,AYI,LTBD,Aydin,37.85,27.85,57,2026,10.1,11.9,12.5,,,,,,,,,,102.0,207.0,112.0,,,,,,,,,
17237,TR,DEN,,Denizli,37.7667,29.0833,428,1961,5.9,5.8,9.5,16.2,19.3,23.3,26.6,26.7,20.2,16.5,13.3,8.5,84.0,104.0,79.0,29.0,22.0,7.0,10.0,28.0,11.0,48.0,8.0,126.0
17237,TR,DEN,,Denizli,37.7667,29.0833,428,1962,7.4,6.2,12.0,13.9,19.9,23.7,26.6,28.1,22.4,16.9,15.4,9.5,83.0,117.0,68.0,42.0,41.0,29.0,8.0,7.0,50.0,55.0,69.0,188.0
17237,TR,DEN,,Denizli,37.7667,29.0833,428,1963,7.5,9.9,8.3,14.0,17.7,23.3,26.6,27.1,22.7,17.0,12.9,8.9,137.0,63.0,61.0,72.0,123.0,31.0,9.0,3.0,2.0,53.0,26.0,16.0
17237,TR,DEN,,Denizli,37.7667,29.0833,428,1964,2.5,5.9,10.3,14.2,17.8,23.3,26.0,24.6,20.7,18.2,11.6,9.1,5.0,56.0,61.0,6.0,57.0,41.0,0.3,,12.0,,67.0,144.0
17237,TR,DEN,,Denizli,37.7667,29.0833,428,1965,6.5,5.2,10.5,13.5,17.5,23.7,25.7,24.5,22.9,14.4,12.1,8.5,63.0,203.0,58.0,112.0,77.0,3.0,,0.0,,18.0,76.0,141.0
17237,TR,DEN,,Denizli,37.7667,29.0833,428,1966,6.9,10.0,9.9,15.7,17.5,22.7,25.9,26.3,21.1,18.9,15.0,7.9,258.0,25.0,101.0,24.0,48.0,4.0,16.0,10.0,49.0,5.0,32.0,170.0
17237,TR,DEN,,Denizli,37.7667,29.0833,428,1967,5.6,4.5,8.6,13.8,18.4,21.8,25.5,26.4,21.1,16.5,10.5,8.6,60.0,38.0,28.0,67.0,41.0,7.0,13.0,0.1,23.0,28.0,30.0,107.0
17237,TR,DEN,,Denizli,37.7667,29.0833,428,1968,5.0,8.1,8.8,16.7,22.1,22.8,25.9,24.2,21.0,15.9,12.0,8.3,214.0,59.0,108.0,51.0,3.0,10.0,,8.0,46.0,45.0,47.0,125.0
17237,TR,DEN,,Denizli,37.7667,29.0833,428,1969,4.9,8.3,10.2,11.1,20.3,24.1,24.1,26.2,23.0,15.9,12.4,9.5,89.0,75.0,80.0,77.0,53.0,14.0,10.0,,0.5,13.0,50.0,149.0
17237,TR,DEN,,Denizli,37.7667,29.0833,428,1970,8.1,9.3,11.5,16.3,18.2,23.8,26.2,26.1,21.8,14.9,11.9,6.4,57.0,99.0,60.0,13.0,10.0,14.0,2.0,19.0,3.0,49.0,46.0,86.0
17237,TR,DEN,,Denizli,37.7667,29.0833,428,1971,10.0,7.0,10.4,13.2,19.5,23.3,25.4,25.4,21.6,14.7,11.7,6.0,58.0,100.0,87.0,45.0,21.0,62.0,9.0,33.0,3.0,6.0,82.0,86.0
17237,TR,DEN,,Denizli,37.7667,29.0833,428,1972,4.5,6.3,10.5,16.5,19.5,23.3,25.5,25.2,22.4,15.5,11.0,5.8,22.0,91.0,34.0,56.0,47.0,50.0,36.0,35.0,3.0,108.0,23.0,
17237,TR,DEN,,Denizli,37.7667,29.0833,428,1973,4.6,8.1,8.6,13.0,19.9,23.0,26.4,25.3,23.0,16.9,8.5,8.0,29.0,159.0,25.0,37.0,16.0,8.0,58.0,,2.0,60.0,23.0,55.0
17237,TR,DEN,,Denizli,37.7667,29.0833,428,1974,1.3,7.4,10.8,11.9,19.0,24.3,26.8,25.6,21.7,19.3,10.7,6.0,62.0,68.0,54.0,49.0,23.0,5.0,,11.0,5.0,19.0,22.0,54.0
17237,TR,DEN,,Denizli,37.7667,29.0833,428,1975,4.3,5.4,11.5,15.5,18.4,23.0,27.1,26.0,22.3,16.5,10.9,5.5,57.0,47.0,72.0,99.0,54.0,18.0,0.4,0.4,10.0,22.0,108.0,90.0
17237,TR,DEN,,Denizli,37.7667,29.0833,428,1976,5.0,4.4,9.9,13.3,18.9,22.9,25.0,23.4,20.7,17.7,11.9,7.5,84.0,52.0,47.0,84.0,39.0,8.0,38.0,6.0,,46.0,50.0,156.0
17237,TR,DEN,,Denizli,37.7667,29.0833,428,1977,5.9,10.3,9.8,14.3,20.2,24.1,27.2,26.8,21.7,14.7,14.5,6.3,29.0,32.0,35.0,79.0,2.0,26.0,19.0,0.3,32.0,30.0,5.0,50.0
17237,TR,DEN,,Denizli,37.7667,29.0833,428,1978,6.6,10.0,10.7,13.8,19.8,23.9,27.2,24.8,20.5,17.1,10.1,8.0,151.0,211.0,104.0,41.0,13.0,7.0,0.1,,30.0,98.0,43.0,75.0
17237,TR,DEN,,Denizli,37.7667,29.0833,428,1979,7.0,9.0,12.2,14.1,18.8,23.7,25.6,26.0,23.1,17.6,12.0,7.4,204.0,30.0,40.0,20.0,126.0,19.0,,,,53.0,114.0,65.0
17237,TR,DEN,,Denizli,37.7667,29.0833,428,1980,5.1,5.8,8.9,13.0,18.5,23.8,27.3,26.5,21.0,18.3,13.3,8.4,147.0,35.0,96.0,59.0,50.0,7.0,,,35.0,30.0,75.0,103.0
17237,TR,DEN,,Denizli,37.7667,29.0833,428,1981,6.4,6.6,12.0,14.7,17.5,25.1,26.2,25.9,23.1,19.9,10.1,11.1,206.0,77.0,50.0,21.0,41.0,35.0,,1.0,0.2,2.0,76.0,156.0
17237,TR,DEN,,Denizli,37.7667,29.0833,428,1982,7.6,5.3,9.2,14.5,18.9,23.6,24.6,25.8,23.7,17.2,9.8,8.5,68.0,44.0,31.0,79.0,25.0,30.0,19.0,2.0,2.0,53.0,16.0,66.0
17237,TR,DEN,,Denizli,37.7667,29.0833,428,1983,3.5,5.4,10.0,15.7,19.3,22.1,25.1,24.4,21.8,15.5,11.3,8.4,90.0,88.0,56.0,63.0,16.0,46.0,54.0,11.0,8.0,8.0,112.0,126.0
17237,TR,DEN,,Denizli,37.7667,29.0833,428,1984,7.4,8.5,9.7,12.3,20.6,23.4,25.1,23.3,23.1,18.4,11.8,6.1,122.0,76.0,102.0,104.0,4.0,0.3,28.0,2.0,0.3,,64.0,18.0
17237,TR,DEN,,Denizli,37.7667,29.0833,428,1985,8.6,4.3,10.5,15.8,21.4,23.8,25.8,27.0,22.5,15.0,14.2,7.8,175.0,100.0,65.0,23.0,32.0,43.0,1.0,8.0,1.0,39.0,35.0,39.0
17237,TR,DEN,,Denizli,37.7667,29.0833,428,1986,8.3,9.1,11.2,17.4,18.2,23.8,27.2,27.9,23.0,16.2,9.2,6.6,82.0,98.0,6.0,13.0,19.0,32.0,3.0,20.0,83.0,19.0,5.0,104.0
17237,TR,DEN,,Denizli,37.7667,29.0833,428,1987,7.9,8.8,6.2,13.2,18.4,23.9,27.9,25.8,23.9,16.3,11.0,7.5,94.0,43.0,95.0,51.0,47.0,49.0,11.0,,0.1,7.0,63.0,68.0
17237,TR,DEN,,Denizli,37.7667,29.0833,428,1988,7.4,7.3,8.6,14.8,20.3,24.4,28.6,27.0,22.7,15.8,8.8,7.9,14.0,96.0,115.0,48.0,45.0,8.0,18.0,19.0,3.0,52.0,107.0,81.0
17237,TR,DEN,,Denizli,37.7667,29.0833,428,1989,4.2,7.3,12.7,19.5,19.3,23.5,27.1,27.4,22.6,15.4,10.9,7.2,8.0,11.0,41.0,3.0,36.0,5.0,8.0,0.7,2.0,83.0,114.0,36.0
17237,TR,DEN,,Denizli,37.7667,29.0833,428,1990,4.3,7.4,12.2,15.4,19.4,23.8,28.4,26.8,21.9,18.2,13.8,9.0,23.0,48.0,39.0,35.0,18.0,8.0,,3.0,,24.0,42.0,127.0
17237,TR,DEN,,Denizli,37.7667,29.0833,428,1991,5.7,6.9,12.2,14.5,17.0,24.6,26.3,26.4,22.6,17.6,11.6,4.3,,,,,,,,,,,,
17237,TR,DEN,,Denizli,37.7667,29.0833,428,1992,4.1,4.0,8.3,14.4,19.3,23.8,25.7,27.1,22.1,19.0,10.9,4.5,,,,,,,,,,,,
17237,TR,DEN,,Denizli,37.7667,29.0833,428,1993,5.1,5.1,9.5,14.2,18.4,24.4,27.1,27.8,22.9,19.6,10.9,8.7,,,,,,,,,,,,
17237,TR,DEN,,Denizli,37.7667,29.0833,428,1994,7.8,7.4,10.5,16.1,20.7,24.6,27.5,28.1,25.8,19.3,10.5,6.1,,,,,,,,,,,,
17237,TR,DEN,,Denizli,37.7667,29.0833,428,1995,7.1,9.1,10.2,13.5,20.0,25.9,27.1,26.7,22.9,16.0,8.6,8.7,,,,,,,,,,,,
17237,TR,DEN,,Denizli,37.7667,29.0833,428,1996,5.6,8.4,8.7,13.1,21.6,25.4,28.0,27.3,21.0,15.3,12.9,10.0,,,,,,,,,,,,
17237,TR,DEN,,Denizli,37.7667,29.0833,428,1997,7.7,6.6,9.0,10.9,21.0,25.0,27.8,25.3,21.7,16.6,12.4,8.3,,,,,,,,,,,,
17237,TR,DEN,,Denizli,37.7667,29.0833,428,1998,6.7,9.0,6.9,17.1,19.4,24.3,28.5,29.5,22.9,18.4,13.1,7.8,,,,,,,,,,,,
17237,TR,DEN,,Denizli,37.7667,29.0833,428,1999,7.3,7.6,10.8,15.6,21.8,24.7,27.9,27.6,22.7,18.4,12.0,8.8,145.0,108.0,,,,42.0,18.0,81.0,,,4.0,
17237,TR,DEN,,Denizli,37.7667,29.0833,428,2000,2.5,6.0,8.2,15.8,19.6,24.8,29.1,27.4,23.1,16.7,13.3,7.6,,,,,,,,,,,,
17237,TR,DEN,,Denizli,37.7667,29.0833,428,2001,8.3,7.6,14.7,15.1,19.9,25.9,29.4,28.6,23.7,18.0,11.1,6.3,,,,,,,,,,,,
17237,TR,DEN,,Denizli,37.7667,29.0833,428,2002,3.6,9.7,11.6,14.0,20.2,25.4,28.2,26.8,21.5,17.0,12.1,5.3,,,,,,,,,,30.0,57.0,89.0
17237,TR,DEN,,Denizli,37.7667,29.0833,428,2003,9.4,3.1,7.5,12.3,21.8,25.5,27.8,28.3,22.5,19.1,12.2,7.6,,,,,,,,1.0,,,,
17237,TR,DEN,,Denizli,37.7667,29.0833,428,2004,5.4,7.0,11.6,15.1,19.5,25.5,28.3,27.1,23.9,19.1,11.9,8.3,,,,77.0,,2.0,7.0,0.0,0.0,18.0,70.0,18.0
17237,TR,DEN,,Denizli,37.7667,29.0833,428,2005,8.3,7.2,9.8,14.9,20.8,24.5,29.0,28.4,22.6,15.9,10.8,8.6,34.0,86.0,,,67.0,16.0,21.0,0.0,,34.0,103.0,67.0
17237,TR,DEN,,Denizli,37.7667,29.0833,428,2006,4.7,7.3,11.0,16.2,20.1,24.7,27.6,29.8,22.8,17.6,10.1,6.7,,68.0,104.0,44.0,,47.0,,0.0,16.0,50.0,32.0,5.0
17237,TR,DEN,,Denizli,37.7667,29.0833,428,2007,7.2,8.2,11.8,14.4,22.5,27.2,30.7,29.7,24.0,18.7,11.8,7.3,93.0,77.0,25.0,39.0,17.0,14.0,2.0,3.0,15.0,53.0,98.0,99.0
17237,TR,DEN,,Denizli,37.7667,29.0833,428,2008,4.8,6.0,13.5,16.5,20.7,27.2,29.4,30.1,23.5,17.2,13.8,8.5,16.0,34.0,52.0,48.0,0.0,3.0,6.0,17.0,19.0,25.0,78.0,25.0
17237,TR,DEN,,Denizli,37.7667,29.0833,428,2009,7.5,7.7,9.9,15.2,20.3,26.4,28.9,28.2,22.6,19.7,11.9,10.4,171.0,166.0,94.0,58.0,66.0,3.0,0.0,0.0,15.0,15.0,119.0,94.0
17237,TR,DEN,,Denizli,37.7667,29.0833,428,2010,8.7,10.8,12.4,15.9,21.4,23.6,28.3,30.4,24.7,16.4,15.9,10.3,86.0,112.0,35.0,71.0,34.0,128.0,13.0,7.0,0.0,92.0,14.0,161.0
17237,TR,DEN,,Denizli,37.7667,29.0833,428,2011,6.2,7.6,9.9,13.2,17.8,24.2,29.1,28.0,24.9,15.0,8.7,7.7,77.0,63.0,44.0,84.0,121.0,14.0,0.0,0.3,7.0,97.0,0.0,68.0
17237,TR,DEN,,Denizli,37.7667,29.0833,428,2012,3.2,5.1,9.7,17.0,19.2,27.6,30.3,28.2,25.2,19.7,13.7,8.7,289.0,101.0,30.0,51.0,56.0,3.0,6.0,15.0,0.0,27.0,51.0,154.0
17237,TR,DEN,,Denizli,37.7667,29.0833,428,2013,7.4,9.3,12.3,16.1,22.8,25.8,28.1,28.7,23.1,15.7,13.1,5.7,125.0,113.0,34.0,59.0,22.0,9.0,8.0,3.0,0.0,57.0,79.0,21.0
17237,TR,DEN,,Denizli,37.7667,29.0833,428,2014,9.6,9.8,11.6,16.3,19.7,23.6,28.3,28.9,22.6,17.4,12.1,10.4,60.0,12.0,42.0,34.0,67.0,101.0,3.0,9.0,48.0,74.0,30.0,137.0
17237,TR,DEN,,Denizli,37.7667,29.0833,428,2015,6.0,7.2,10.2,13.3,20.6,22.2,28.2,28.2,25.7,18.7,13.7,6.7,209.0,112.0,156.0,46.0,66.0,72.0,6.0,18.0,21.0,32.0,26.0,0.0
17237,TR,DEN,,Denizli,37.7667,29.0833,428,2016,6.1,12.3,11.9,19.0,19.2,27.6,29.4,28.8,23.0,18.5,11.9,4.0,94.0,15.0,78.0,5.0,68.0,12.0,4.0,23.0,72.0,0.0,64.0,48.0
17237,TR,DEN,,Denizli,37.7667,29.0833,428,2017,4.2,8.3,11.9,15.1,19.7,25.1,29.7,27.7,25.2,16.8,10.9,9.3,169.0,0.0,42.0,58.0,56.0,15.0,0.0,25.0,0.3,73.0,46.0,43.0
17237,TR,DEN,,Denizli,37.7667,29.0833,428,2018,7.2,10.5,14.0,19.3,21.9,24.3,28.2,28.1,24.7,17.8,12.9,6.8,62.0,44.0,72.0,2.0,61.0,154.0,13.0,15.0,0.5,40.0,51.0,48.0
17237,TR,DEN,,Denizli,37.7667,29.0833,428,2019,7.0,8.6,11.8,14.8,21.3,25.1,27.6,29.0,23.8,20.0,14.9,8.9,84.0,16.0,19.0,29.0,10.0,35.0,9.0,0.4,25.0,16.0,22.0,100.0
17237,TR,DEN,,Denizli,37.7667,29.0833,428,2020,5.8,8.5,11.9,15.8,21.0,24.6,30.0,29.1,26.6,20.0,11.7,10.1,41.0,60.0,47.0,59.0,64.0,17.0,0.2,7.0,36.0,44.0,24.0,31.0
17237,TR,DEN,,Denizli,37.7667,29.0833,428,2021,8.3,9.9,9.4,16.4,23.8,24.3,30.4,30.5,23.3,17.5,14.6,9.0,88.0,12.0,77.0,11.0,0.0,20.0,2.0,0.0,4.0,32.0,36.0,143.0
17237,TR,DEN,,Denizli,37.7667,29.0833,428,2022,4.4,8.0,6.3,17.5,21.3,25.1,29.1,29.5,24.5,18.5,14.1,10.8,66.0,101.0,78.0,28.0,17.0,70.0,0.6,14.0,6.0,11.0,61.0,61.0
17237,TR,DEN,,Denizli,37.7667,29.0833,428,2023,9.2,6.6,12.1,14.4,18.4,23.3,29.8,30.2,25.2,20.2,15.3,11.1,105.0,29.0,63.0,69.0,158.0,104.0,0.7,8.0,26.0,5.0,74.0,37.0
17237,TR,DEN,,Denizli,37.7667,29.0833,428,2024,8.6,10.6,12.8,20.1,20.8,31.1,30.9,30.7,24.9,19.0,12.3,10.1,60.0,54.0,61.0,15.0,45.0,0.6,45.0,10.0,6.0,1.0,52.0,98.0
17237,TR,DEN,,Denizli,37.7667,29.0833,428,2025,9.8,6.1,14.6,14.7,21.5,27.8,31.5,29.9,25.6,17.9,15.2,8.9,40.0,12.0,20.0,115.0,59.0,15.0,9.0,39.0,11.0,49.0,39.0,66.0
17237,TR,DEN,,Denizli,37.7667,29.0833,428,2026,8.3,10.3,11.0,,,,,,,,,,128.0,168.0,54.0,,,,,,,,,
17220,TR,IZM,,Izmir,38.4333,27.1667,25,1843,6.5,11.1,13.1,14.5,18.6,23.2,27.8,24.6,20.4,17.4,12.9,6.6,,,,,,,,,,,,
17220,TR,IZM,,Izmir,38.4333,27.1667,25,1844,6.4,11.4,12.1,12.1,19.3,23.6,26.1,23.2,19.9,17.3,13.2,7.0,,,,,,,,,,,,
17220,TR,IZM,,Izmir,38.4333,27.1667,25,1857,10.6,6.9,11.2,17.1,20.2,22.7,27.5,26.3,20.9,19.4,12.2,7.0,,,,,,,,,,,,
17220,TR,IZM,,Izmir,38.4333,27.1667,25,1858,2.9,5.0,12.6,16.1,22.5,23.0,27.3,27.6,23.2,20.9,15.5,8.1,,,,,,,,,,,,
17220,TR,IZM,,Izmir,38.4333,27.1667,25,1859,3.6,6.6,10.9,17.0,22.9,24.1,26.4,26.2,22.4,20.1,14.0,10.4,,,,,,,,,,,,
17220,TR,IZM,,Izmir,38.4333,27.1667,25,1860,8.9,8.6,10.4,17.6,20.1,27.0,28.2,29.4,24.9,17.6,9.5,10.5,,,,,,,,,,,,
17220,TR,IZM,,Izmir,38.4333,27.1667,25,1861,6.6,10.4,11.3,15.2,18.2,27.9,29.3,27.2,25.8,20.1,10.4,8.6,,,,,,,,,,,,
17220,TR,IZM,,Izmir,38.4333,27.1667,25,1864,4.2,10.4,15.5,12.8,18.9,24.8,25.2,25.1,22.7,19.2,14.8,9.7,84.0,36.0,14.0,88.0,38.0,19.0,61.0,13.0,76.0,82.0,158.0,35.0
17220,TR,IZM,,Izmir,38.4333,27.1667,25,1865,11.8,10.1,13.7,13.7,19.3,22.5,25.9,26.4,21.2,21.6,13.8,7.9,164.0,210.0,102.0,34.0,6.0,9.0,3.0,0.0,0.0,30.0,63.0,3.0
17220,TR,IZM,,Izmir,38.4333,27.1667,25,1866,6.7,10.5,14.3,16.0,19.2,23.8,27.2,25.6,23.8,17.4,12.3,8.6,33.0,43.0,43.0,5.0,24.0,16.0,3.0,2.0,10.0,2.0,90.0,92.0
17220,TR,IZM,,Izmir,38.4333,27.1667,25,1867,7.7,5.8,7.3,11.7,20.4,19.3,22.7,21.7,19.3,17.3,8.2,6.5,62.0,75.0,27.0,9.0,32.0,17.0,0.0,0.0,0.0,37.0,134.0,165.0
17220,TR,IZM,,Izmir,38.4333,27.1667,25,1868,9.8,6.4,10.3,13.8,21.1,23.8,26.5,26.3,22.8,18.7,12.6,9.8,211.0,8.0,286.0,23.0,21.0,17.0,7.0,2.0,13.0,33.0,125.0,21.0
17220,TR,IZM,,Izmir,38.4333,27.1667,25,1869,5.3,9.3,12.5,14.2,21.7,25.1,25.9,26.4,22.8,17.8,12.9,10.8,82.0,19.0,307.0,45.0,5.0,15.0,1.0,0.0,2.0,46.0,88.0,20.0
17220,TR,IZM,,Izmir,38.4333,27.1667,25,1870,9.3,7.3,11.2,10.6,21.8,23.6,26.4,25.3,20.4,16.2,15.1,11.6,147.0,71.0,58.0,57.0,2.0,0.0,0.0,12.0,100.0,113.0,5.0,171.0
17220,TR,IZM,,Izmir,38.4333,27.1667,25,1871,10.4,7.6,10.1,14.7,18.4,23.1,26.8,26.2,21.2,17.7,14.3,9.4,282.0,30.0,33.0,17.0,28.0,10.0,0.0,0.0,2.0,35.0,179.0,116.0
17220,TR,IZM,,Izmir,38.4333,27.1667,25,1872,9.5,7.4,12.8,15.7,21.9,23.2,25.3,25.1,23.6,20.0,16.2,12.1,81.0,37.0,13.0,106.0,79.0,15.0,0.0,0.0,0.0,0.0,93.0,121.0
17220,TR,IZM,,Izmir,38.4333,27.1667,25,1873,10.5,9.8,12.8,16.4,19.4,21.9,26.7,26.0,21.2,17.8,13.6,8.7,61.0,143.0,53.0,13.0,61.0,4.0,0.0,0.0,72.0,64.0,74.0,67.0
17220,TR,IZM,,Izmir,38.4333,27.1667,25,1874,7.1,5.7,6.7,16.4,19.0,24.6,27.2,26.1,23.3,19.1,14.6,12.7,4.0,148.0,49.0,10.0,4.0,0.0,0.0,0.0,0.0,8.0,262.0,228.0
17220,TR,IZM,,Izmir,38.4333,27.1667,25,1875,4.9,5.1,4.7,11.1,16.3,23.8,24.8,23.5,17.8,16.8,11.7,5.5,116.0,241.0,147.0,35.0,0.0,0.0,0.0,0.0,0.5,73.0,123.0,101.0
17220,TR,IZM,,Izmir,38.4333,27.1667,25,1876,3.9,7.0,10.7,12.3,17.6,22.0,24.2,24.2,22.7,17.2,9.4,10.6,73.0,37.0,64.0,79.0,11.0,45.0,14.0,0.0,4.0,24.0,146.0,215.0
17220,TR,IZM,,Izmir,38.4333,27.1667,25,1877,7.4,6.5,9.9,13.2,16.8,20.8,24.9,24.5,21.9,16.6,11.9,8.1,78.0,74.0,123.0,28.0,88.0,24.0,3.0,9.0,2.0,102.0,155.0,152.0
17220,TR,IZM,,Izmir,38.4333,27.1667,25,1878,4.9,5.1,8.2,13.0,17.2,21.7,24.6,23.9,22.5,17.7,15.2,10.6,159.0,53.0,76.0,126.0,7.0,3.0,10.0,16.0,16.0,0.0,11.0,216.0
17220,TR,IZM,,Izmir,38.4333,27.1667,25,1879,6.2,10.5,8.6,15.4,18.5,23.4,25.9,25.4,22.7,16.7,11.1,5.2,109.0,68.0,41.0,9.0,60.0,0.3,0.0,0.0,31.0,69.0,103.0,46.0
17220,TR,IZM,,Izmir,38.4333,27.1667,25,1880,0.7,4.8,4.4,10.2,16.1,22.2,25.1,24.6,19.9,17.8,12.9,6.9,41.0,8.0,73.0,43.0,68.0,5.0,1.0,0.0,35.0,15.0,104.0,63.0
17220,TR,IZM,,Izmir,38.4333,27.1667,25,1881,,,,,,,,,,,,,156.0,100.0,44.0,20.0,37.0,0.0,3.0,0.0,34.0,139.0,4.0,120.0
17220,TR,IZM,,Izmir,38.4333,27.1667,25,1882,,,,,,,,,,,,,32.0,30.0,26.0,88.0,17.0,2.0,0.0,0.0,0.0,26.0,200.0,116.0
17220,TR,IZM,,Izmir,38.4333,27.1667,25,1883,,,,,,,,,,,,,121.0,66.0,128.0,68.0,52.0,47.0,2.0,13.0,62.0,12.0,36.0,179.0
17220,TR,IZM,,Izmir,38.4333,27.1667,25,1890,,,,,,,,,,,,,13.0,26.0,43.0,17.0,2.0,9.0,0.0,0.0,42.0,91.0,141.0,165.0
17220,TR,IZM,,Izmir,38.4333,27.1667,25,1891,,,,,,,,,,,,,213.0,31.0,34.0,68.0,8.0,8.0,0.0,5.0,0.0,18.0,61.0,113.0
17220,TR,IZM,,Izmir,38.4333,27.1667,25,1892,,,,,,,,,,,,,173.0,119.0,144.0,81.0,106.0,9.0,0.2,0.0,0.0,1.0,111.0,267.0
17220,TR,IZM,,Izmir,38.4333,27.1667,25,1893,,,,,,,,,,,,,351.0,96.0,80.0,75.0,23.0,2.0,0.0,0.5,0.0,28.0,47.0,46.0
17220,TR,IZM,,Izmir,38.4333,27.1667,25,1894,,,,,,,,,,,,,181.0,47.0,26.0,30.0,84.0,8.0,0.0,0.0,0.0,6.0,4.0,124.0
17220,TR,IZM,,Izmir,38.4333,27.1667,25,1895,,,,,,,,,,,,,261.0,223.0,106.0,5.0,7.0,25.0,0.0,0.0,3.0,105.0,61.0,283.0
17220,TR,IZM,,Izmir,38.4333,27.1667,25,1896,,,,,,,,,,,,,109.0,110.0,37.0,69.0,29.0,0.0,0.0,0.0,90.0,0.0,110.0,264.0
17220,TR,IZM,,Izmir,38.4333,27.1667,25,1897,,,,,,,,,,,,,67.0,154.0,45.0,37.0,71.0,15.0,0.0,0.0,0.0,196.0,21.0,54.0
17220,TR,IZM,,Izmir,38.4333,27.1667,25,1898,,,,,,,,,,,,,8.0,68.0,64.0,10.0,43.0,0.0,0.0,0.0,0.0,22.0,0.0,56.0
17220,TR,IZM,,Izmir,38.4333,27.1667,25,1899,,,,,,,,,,,,,64.0,46.0,37.0,87.0,2.0,5.0,0.0,0.0,27.0,49.0,30.0,131.0
17220,TR,IZM,,Izmir,38.4333,27.1667,25,1900,,,,,,,,,,,,,169.0,149.0,90.0,47.0,31.0,8.0,0.0,0.0,0.0,0.3,13.0,84.0
17220,TR,IZM,,Izmir,38.4333,27.1667,25,1901,,,,,,,,,,,,,17.0,32.0,37.0,9.0,39.0,47.0,0.0,0.0,0.0,40.0,129.0,86.0
17220,TR,IZM,,Izmir,38.4333,27.1667,25,1902,10.1,12.5,12.4,16.7,20.5,24.9,25.9,26.7,24.0,20.5,11.9,7.9,123.0,61.0,69.0,22.0,44.0,8.0,0.0,0.0,0.0,46.0,63.0,209.0
17220,TR,IZM,,Izmir,38.4333,27.1667,25,1903,7.4,8.6,11.5,16.1,20.6,22.8,26.4,26.2,22.0,16.8,12.7,10.9,,,,,,,,,,,,
17220,TR,IZM,,Izmir,38.4333,27.1667,25,1904,7.2,12.1,10.2,14.9,20.4,24.6,27.8,26.8,23.1,20.4,11.7,9.1,,,,,,,,,,,,
17220,TR,IZM,,Izmir,38.4333,27.1667,25,1905,6.2,7.2,10.7,15.9,21.1,24.0,27.7,27.0,24.0,18.8,15.9,8.8,,,,8.0,0.0,9.0,0.0,0.0,0.0,85.0,84.0,7.0
17220,TR,IZM,,Izmir,38.4333,27.1667,25,1906,8.2,9.8,12.4,15.7,19.4,24.7,27.2,26.9,22.8,16.6,13.5,11.0,106.0,145.0,72.0,28.0,25.0,0.0,0.0,,0.0,60.0,48.0,248.0
17220,TR,IZM,,Izmir,38.4333,27.1667,25,1907,6.3,8.0,7.0,14.7,22.0,24.6,27.1,26.5,21.9,19.6,12.6,10.2,64.0,91.0,188.0,48.0,8.0,9.0,0.0,54.0,0.0,0.0,38.0,165.0
17220,TR,IZM,,Izmir,38.4333,27.1667,25,1908,,,,,,,,,,,,,16.0,62.0,114.0,19.0,16.0,29.0,0.0,,90.0,0.0,,114.0
17220,TR,IZM,,Izmir,38.4333,27.1667,25,1909,,,,,,,,,,,,,78.0,124.0,122.0,19.0,5.0,13.0,0.0,,8.0,44.0,173.0,63.0
17220,TR,IZM,,Izmir,38.4333,27.1667,25,1910,,,,,,,,,,,,,80.0,79.0,52.0,27.0,91.0,0.0,11.0,,0.0,5.0,93.0,81.0
17220,TR,IZM,,Izmir,38.4333,27.1667,25,1929,6.9,5.0,7.7,15.0,22.0,25.0,27.2,28.4,20.7,17.8,15.3,10.7,183.0,196.0,121.0,62.0,8.0,1.0,0.0,3.0,105.0,35.0,27.0,78.0
17220,TR,IZM,,Izmir,38.4333,27.1667,25,1930,9.4,8.7,13.1,16.6,19.4,24.1,28.1,27.7,23.5,17.9,14.0,12.1,126.0,110.0,56.0,20.0,70.0,21.0,8.0,3.0,53.0,395.0,40.0,128.0
17220,TR,IZM,,Izmir,38.4333,27.1667,25,1931,9.8,9.6,12.3,13.6,20.0,25.4,28.7,28.0,22.8,18.7,11.8,8.0,183.0,96.0,85.0,123.0,48.0,0.5,0.3,0.0,35.0,17.0,102.0,85.0
17220,TR,IZM,,Izmir,38.4333,27.1667,25,1932,6.9,5.7,10.6,15.9,20.5,25.0,27.9,27.4,23.9,21.8,13.9,10.0,63.0,69.0,120.0,68.0,6.0,0.0,5.0,0.0,0.0,65.0,66.0,40.0
17220,TR,IZM,,Izmir,38.4333,27.1667,25,1933,7.3,9.0,9.0,12.5,17.5,22.2,25.5,26.0,20.7,17.1,17.0,8.4,134.0,134.0,43.0,42.0,110.0,19.0,16.0,0.0,2.0,28.0,77.0,121.0
17220,TR,IZM,,Izmir,38.4333,27.1667,25,1934,8.5,5.6,13.2,16.9,20.7,24.8,27.5,26.9,23.6,18.0,14.5,10.2,108.0,93.0,43.0,9.0,16.0,5.0,29.0,0.0,0.6,71.0,74.0,40.0
17220,TR,IZM,,Izmir,38.4333,27.1667,25,1935,7.6,9.2,9.9,15.5,21.1,26.0,27.0,27.1,22.7,19.2,13.0,12.3,189.0,60.0,87.0,43.0,13.0,0.0,0.0,0.0,85.0,110.0,87.0,211.0
17220,TR,IZM,,Izmir,38.4333,27.1667,25,1936,12.1,10.0,12.5,17.0,18.8,23.7,28.6,27.5,21.9,18.2,12.8,7.6,69.0,215.0,114.0,23.0,50.0,10.0,0.0,6.0,41.0,26.0,125.0,52.0
17220,TR,IZM,,Izmir,38.4333,27.1667,25,1937,6.5,10.6,14.2,16.2,21.1,25.4,28.5,27.0,24.6,18.3,14.4,11.3,79.0,73.0,21.0,28.0,7.0,0.0,3.0,0.0,6.0,77.0,161.0,127.0
17220,TR,IZM,,Izmir,38.4333,27.1667,25,1938,8.0,7.8,9.8,14.1,19.7,25.1,28.6,28.0,22.8,18.5,12.7,11.3,69.0,125.0,34.0,48.0,31.0,0.0,0.0,0.0,16.0,16.0,58.0,136.0
17220,TR,IZM,,Izmir,38.4333,27.1667,25,1939,10.6,8.1,10.3,15.9,20.4,23.6,28.3,27.0,23.3,20.5,13.8,11.2,103.0,43.0,193.0,3.0,25.0,38.0,0.0,0.0,37.0,4.0,43.0,246.0
17220,TR,IZM,,Izmir,38.4333,27.1667,25,1940,7.0,9.8,11.1,14.5,18.3,23.2,27.6,25.2,22.0,19.4,15.1,9.8,168.0,92.0,40.0,184.0,78.0,30.0,0.0,0.0,8.0,14.0,45.0,292.0
17220,TR,IZM,,Izmir,38.4333,27.1667,25,1941,10.4,12.1,11.3,16.3,20.5,24.8,27.1,26.9,21.0,17.2,11.8,6.5,114.0,102.0,42.0,55.0,12.0,1.0,0.0,0.0,3.0,51.0,30.0,96.0
17220,TR,IZM,,Izmir,38.4333,27.1667,25,1942,5.7,10.1,10.3,15.1,21.4,26.5,26.8,26.3,23.4,18.2,12.7,8.1,208.0,141.0,10.0,15.0,0.5,1.0,0.3,9.0,1.0,26.0,194.0,34.0
17220,TR,IZM,,Izmir,38.4333,27.1667,25,1943,6.6,7.5,8.8,13.9,19.2,24.3,26.9,27.6,23.5,19.9,17.0,10.5,182.0,18.0,31.0,77.0,72.0,6.0,0.0,12.0,8.0,26.0,94.0,100.0
17220,TR,IZM,,Izmir,38.4333,27.1667,25,1944,7.4,9.8,10.7,15.7,18.4,25.7,26.8,25.8,23.0,18.7,13.4,9.8,121.0,296.0,187.0,74.0,34.0,0.0,6.0,13.0,13.0,130.0,142.0,101.0
17220,TR,IZM,,Izmir,38.4333,27.1667,25,1945,8.0,6.2,9.2,14.5,23.1,24.9,28.0,28.2,23.4,16.3,13.9,10.0,397.0,30.0,50.0,21.0,0.0,0.0,0.3,20.0,3.0,30.0,99.0,306.0
17220,TR,IZM,,Izmir,38.4333,27.1667,25,1946,8.5,8.8,10.7,15.3,20.3,26.2,28.3,28.7,25.7,17.0,15.8,10.3,53.0,153.0,81.0,16.0,35.0,10.0,0.0,0.0,2.0,63.0,111.0,358.0
17220,TR,IZM,,Izmir,38.4333,27.1667,25,1947,6.5,11.5,14.7,17.0,21.0,25.4,28.1,27.0,23.2,16.7,14.1,12.6,136.0,91.0,36.0,0.0,7.0,6.0,0.4,10.0,11.0,41.0,81.0,222.0
17220,TR,IZM,,Izmir,38.4333,27.1667,25,1948,12.0,8.0,8.5,14.6,20.1,23.2,26.9,27.3,22.7,18.2,11.9,5.5,215.0,160.0,20.0,38.0,60.0,42.0,0.0,0.0,0.0,3.0,45.0,46.0
17220,TR,IZM,,Izmir,38.4333,27.1667,25,1949,7.4,6.6,9.2,13.1,21.3,24.0,26.0,25.2,21.7,18.1,16.2,11.7,115.0,43.0,153.0,28.0,23.0,3.0,8.0,2.0,1.0,46.0,64.0,80.0
17220,TR,IZM,,Izmir,38.4333,27.1667,25,1950,5.8,9.3,11.7,18.1,20.6,25.9,29.2,27.7,25.4,18.0,13.8,13.7,82.0,31.0,40.0,27.0,31.0,18.0,0.0,0.0,3.0,20.0,68.0,23.0
17220,TR,IZM,,Izmir,38.4333,27.1667,25,1951,10.5,11.7,13.6,16.7,21.8,24.8,27.4,28.2,23.9,16.0,14.0,9.0,104.0,7.0,45.0,7.0,0.0,0.0,0.0,0.0,10.0,0.0,67.0,89.0
17220,TR,IZM,,Izmir,38.4333,27.1667,25,1952,10.1,9.4,11.1,16.8,19.7,21.5,27.3,29.1,25.9,19.6,15.3,13.6,120.0,144.0,56.0,0.0,80.0,0.0,0.0,0.0,3.0,52.0,143.0,46.0
17220,TR,IZM,,Izmir,38.4333,27.1667,25,1953,9.4,9.8,7.9,15.7,19.1,24.5,28.2,27.3,23.0,18.4,11.0,6.9,228.0,47.0,5.0,12.0,53.0,37.0,0.0,0.0,10.0,42.0,48.0,109.0
17220,TR,IZM,,Izmir,38.4333,27.1667,25,1954,6.8,7.8,12.1,13.3,19.2,26.4,28.5,27.9,24.2,19.2,14.0,10.3,141.0,100.0,103.0,54.0,64.0,0.0,0.0,0.0,0.0,49.0,149.0,203.0
17220,TR,IZM,,Izmir,38.4333,27.1667,25,1955,11.8,14.0,13.0,13.9,21.3,25.2,27.8,26.0,23.5,20.3,14.2,11.2,167.0,85.0,59.0,55.0,15.0,0.0,0.0,3.0,4.0,63.0,311.0,135.0
17220,TR,IZM,,Izmir,38.4333,27.1667,25,1956,9.9,9.2,8.6,16.2,19.9,24.6,27.9,28.2,23.2,17.5,14.0,8.5,77.0,204.0,69.0,8.0,28.0,25.0,0.0,0.0,0.0,7.0,58.0,135.0
17220,TR,IZM,,Izmir,38.4333,27.1667,25,1957,7.7,11.1,11.2,15.3,19.0,25.9,27.2,28.3,23.7,20.6,14.4,9.8,184.0,28.0,93.0,20.0,119.0,1.0,3.0,0.0,10.0,18.0,84.0,98.0
17220,TR,IZM,,Izmir,38.4333,27.1667,25,1958,8.8,11.9,12.2,15.1,21.7,24.8,27.4,27.5,22.2,17.9,14.7,12.1,166.0,59.0,183.0,63.0,39.0,0.0,6.0,1.0,16.0,30.0,96.0,177.0
17220,TR,IZM,,Izmir,38.4333,27.1667,25,1959,9.1,6.1,11.3,15.7,20.2,24.0,27.4,27.2,21.4,16.1,13.2,12.3,238.0,14.0,71.0,14.0,24.0,16.0,2.0,0.0,0.0,72.0,73.0,254.0
17220,TR,IZM,,Izmir,38.4333,27.1667,25,1960,10.0,10.2,11.2,15.0,20.8,24.1,26.9,27.4,22.7,21.5,16.1,13.8,136.0,55.0,35.0,68.0,18.0,8.0,0.0,0.0,6.0,5.0,157.0,297.0
17220,TR,IZM,,Izmir,38.4333,27.1667,25,1961,8.7,8.4,12.0,17.5,20.6,24.8,27.2,27.6,22.0,18.2,16.2,11.2,127.0,88.0,12.0,100.0,17.0,24.0,0.0,8.0,4.0,30.0,59.0,110.0
17220,TR,IZM,,Izmir,38.4333,27.1667,25,1962,10.1,8.1,13.4,15.0,21.7,25.4,27.8,28.3,23.7,19.0,17.6,11.5,55.0,148.0,152.0,57.0,1.0,4.0,0.0,0.0,28.0,32.0,94.0,291.0
17220,TR,IZM,,Izmir,38.4333,27.1667,25,1963,9.7,11.7,10.4,15.0,19.9,25.8,28.6,28.8,24.7,19.0,15.1,11.7,168.0,121.0,50.0,23.0,42.0,1.0,0.0,0.0,0.0,83.0,37.0,46.0
17220,TR,IZM,,Izmir,38.4333,27.1667,25,1964,5.4,8.0,11.5,15.8,19.5,25.2,26.9,26.0,21.9,20.3,14.3,11.7,56.0,72.0,65.0,2.0,17.0,28.0,0.0,0.0,68.0,0.0,20.0,182.0
17220,TR,IZM,,Izmir,38.4333,27.1667,25,1965,8.9,7.8,11.6,14.5,18.7,25.8,27.3,25.5,23.6,16.6,14.2,11.9,73.0,220.0,73.0,143.0,86.0,0.0,0.0,0.0,0.0,10.0,87.0,202.0
17220,TR,IZM,,Izmir,38.4333,27.1667,25,1966,9.8,12.0,11.5,16.4,19.8,24.2,27.7,27.7,22.7,21.6,17.2,10.9,187.0,43.0,154.0,24.0,29.0,6.0,0.0,17.0,28.0,6.0,94.0,305.0
17220,TR,IZM,,Izmir,38.4333,27.1667,25,1967,7.9,7.0,10.6,14.9,20.6,24.2,27.6,28.0,23.0,18.5,13.1,11.6,142.0,20.0,17.0,39.0,10.0,3.0,0.0,0.0,9.0,12.0,15.0,147.0
17220,TR,IZM,,Izmir,38.4333,27.1667,25,1968,7.8,10.3,10.7,17.3,23.6,25.2,27.7,25.8,23.1,17.5,13.9,10.4,270.0,100.0,73.0,1.0,6.0,8.0,0.0,2.0,34.0,20.0,67.0,134.0
17220,TR,IZM,,Izmir,38.4333,27.1667,25,1969,7.2,11.2,10.8,13.4,22.1,25.5,25.9,26.6,24.4,18.1,14.5,11.9,136.0,106.0,57.0,35.0,30.0,6.0,6.0,0.0,0.0,0.0,36.0,380.0
17220,TR,IZM,,Izmir,38.4333,27.1667,25,1970,10.4,11.7,12.7,17.2,19.5,25.3,27.8,27.7,22.7,16.8,13.7,9.7,72.0,184.0,69.0,26.0,22.0,10.0,0.0,0.0,2.0,92.0,62.0,88.0
17220,TR,IZM,,Izmir,38.4333,27.1667,25,1971,11.6,8.6,11.7,14.6,21.3,25.2,26.1,27.5,22.9,16.3,13.8,8.7,80.0,196.0,121.0,32.0,4.0,3.0,9.0,18.0,0.0,23.0,107.0,132.0
17220,TR,IZM,,Izmir,38.4333,27.1667,25,1972,7.4,8.8,11.8,17.5,21.0,25.8,27.0,26.9,23.6,16.7,13.2,7.8,25.0,62.0,36.0,41.0,38.0,0.0,0.0,3.0,9.0,86.0,34.0,5.0
17220,TR,IZM,,Izmir,38.4333,27.1667,25,1973,7.7,11.0,10.5,14.7,21.5,24.5,27.9,26.1,24.0,19.0,12.3,11.3,135.0,187.0,39.0,45.0,10.0,21.0,0.0,0.0,8.0,30.0,40.0,112.0
17220,TR,IZM,,Izmir,38.4333,27.1667,25,1974,5.6,10.0,11.9,14.6,20.2,25.4,28.2,27.1,23.6,20.7,13.3,8.8,13.0,148.0,127.0,23.0,29.0,1.0,0.0,2.0,12.0,60.0,118.0,168.0
17220,TR,IZM,,Izmir,38.4333,27.1667,25,1975,7.4,7.9,13.7,16.6,20.7,24.4,27.7,26.3,24.4,18.6,13.1,8.2,175.0,76.0,53.0,58.0,17.0,48.0,0.0,0.0,5.0,31.0,128.0,123.0
17220,TR,IZM,,Izmir,38.4333,27.1667,25,1976,8.3,7.0,10.5,14.9,20.5,24.5,26.2,24.4,22.0,18.7,13.6,9.9,72.0,83.0,64.0,94.0,34.0,10.0,24.0,5.0,28.0,243.0,75.0,142.0
17220,TR,IZM,,Izmir,38.4333,27.1667,25,1977,9.1,12.5,11.5,15.9,21.4,25.5,28.0,27.7,22.6,15.9,15.9,8.9,74.0,65.0,25.0,38.0,2.0,1.0,0.0,0.0,17.0,72.0,72.0,103.0
17220,TR,IZM,,Izmir,38.4333,27.1667,25,1978,8.7,11.4,12.5,15.1,20.5,25.6,28.1,25.8,21.5,18.2,12.5,11.4,248.0,179.0,124.0,75.0,41.0,4.0,0.0,0.0,52.0,66.0,80.0,28.0
17220,TR,IZM,,Izmir,38.4333,27.1667,25,1979,9.3,10.6,13.3,15.3,20.6,26.5,27.2,26.8,23.7,18.7,13.8,10.9,239.0,78.0,31.0,21.0,64.0,9.0,0.0,0.0,0.0,39.0,183.0,127.0
17220,TR,IZM,,Izmir,38.4333,27.1667,25,1980,7.4,8.3,10.7,14.7,19.8,24.6,27.6,27.0,22.2,20.1,15.6,10.5,206.0,42.0,78.0,52.0,33.0,14.0,0.0,0.0,0.0,9.0,150.0,198.0
17220,TR,IZM,,Izmir,38.4333,27.1667,25,1981,8.0,8.2,13.2,16.1,18.9,26.7,26.7,26.8,23.4,21.1,11.7,13.1,338.0,52.0,84.0,13.0,23.0,0.0,0.0,0.0,0.0,21.0,21.0,355.0
17220,TR,IZM,,Izmir,38.4333,27.1667,25,1982,9.6,6.8,9.7,14.8,19.4,25.4,26.2,26.3,24.6,18.6,12.8,10.6,64.0,53.0,11.0,98.0,52.0,0.0,0.7,0.0,0.0,78.0,76.0,129.0
17220,TR,IZM,,Izmir,38.4333,27.1667,25,1983,6.9,7.2,11.3,16.9,21.6,24.1,27.2,25.8,22.5,17.2,13.1,11.0,47.0,107.0,10.0,40.0,2.0,13.0,10.0,0.0,0.0,3.0,159.0,158.0
17220,TR,IZM,,Izmir,38.4333,27.1667,25,1984,9.6,9.7,11.0,13.8,21.7,24.5,26.6,25.2,24.3,19.8,14.2,8.9,243.0,100.0,104.0,72.0,0.0,0.0,16.0,2.0,0.0,0.0,90.0,59.0
17220,TR,IZM,,Izmir,38.4333,27.1667,25,1985,10.7,6.1,11.2,17.3,22.5,25.2,27.4,27.9,23.6,16.2,15.5,11.0,146.0,35.0,104.0,6.0,43.0,2.0,0.0,0.0,0.0,30.0,142.0,21.0
17220,TR,IZM,,Izmir,38.4333,27.1667,25,1986,10.4,10.6,11.5,17.8,20.4,25.6,27.4,28.4,24.5,18.0,11.2,9.2,283.0,152.0,32.0,44.0,7.0,21.0,0.0,0.0,1.0,22.0,23.0,122.0
17220,TR,IZM,,Izmir,38.4333,27.1667,25,1987,10.1,10.2,7.5,14.3,19.5,25.6,28.9,26.8,25.0,17.6,13.4,9.9,20.0,56.0,115.0,46.0,5.0,2.0,2.0,0.0,0.0,2.0,167.0,142.0
17220,TR,IZM,,Izmir,38.4333,27.1667,25,1988,9.8,9.3,11.0,15.4,21.3,25.9,30.1,28.2,24.0,17.9,10.8,9.9,56.0,104.0,164.0,22.0,8.0,0.0,0.0,0.0,0.0,5.0,118.0,150.0
17220,TR,IZM,,Izmir,38.4333,27.1667,25,1989,6.8,9.4,13.2,19.1,20.0,24.2,27.6,27.6,23.8,17.4,12.7,10.1,5.0,11.0,129.0,2.0,30.0,39.0,0.0,0.0,29.0,44.0,85.0,146.0
17220,TR,IZM,,Izmir,38.4333,27.1667,25,1990,7.0,9.7,13.7,16.5,20.6,25.3,28.8,27.4,23.1,19.3,16.6,11.4,31.0,86.0,22.0,65.0,4.0,3.0,0.0,2.0,8.0,20.0,24.0,279.0
17220,TR,IZM,,Izmir,38.4333,27.1667,25,1991,8.3,9.3,12.9,15.6,18.7,25.8,27.3,27.4,23.0,19.0,14.2,6.6,36.0,58.0,25.0,47.0,101.0,0.0,28.0,0.0,0.0,16.0,33.0,124.0
17220,TR,IZM,,Izmir,38.4333,27.1667,25,1992,7.0,6.5,10.7,16.0,19.6,25.3,26.7,28.6,23.2,22.1,13.3,7.4,0.0,18.0,76.0,37.0,10.0,4.0,0.0,2.0,0.0,10.0,111.0,93.0
17220,TR,IZM,,Izmir,38.4333,27.1667,25,1993,7.5,6.7,11.2,15.6,19.8,25.8,27.8,28.2,23.8,20.6,12.6,12.0,57.0,147.0,91.0,48.0,31.0,0.0,0.0,0.0,3.0,9.0,109.0,178.0
17220,TR,IZM,,Izmir,38.4333,27.1667,25,1994,10.9,9.6,11.9,17.7,21.9,25.4,28.5,29.0,26.8,21.2,12.3,9.2,71.0,95.0,78.0,49.0,33.0,1.0,0.0,0.0,0.0,69.0,85.0,154.0
17220,TR,IZM,,Izmir,38.4333,27.1667,25,1995,10.1,11.4,12.0,14.9,21.0,27.3,28.3,26.9,24.0,17.7,10.8,11.2,209.0,28.0,186.0,39.0,36.0,0.0,0.0,9.0,21.0,4.0,176.0,83.0
17220,TR,IZM,,Izmir,38.4333,27.1667,25,1996,7.6,9.9,9.4,14.0,22.5,26.6,28.3,27.3,22.3,17.3,14.8,12.6,31.0,210.0,37.0,91.0,18.0,1.0,0.0,0.0,112.0,40.0,70.0,195.0
17220,TR,IZM,,Izmir,38.4333,27.1667,25,1997,10.2,8.9,10.2,12.0,21.8,26.3,28.4,26.2,22.3,18.0,14.8,11.1,119.0,21.0,124.0,93.0,13.0,20.0,0.0,0.0,0.0,48.0,84.0,207.0
17220,TR,IZM,,Izmir,38.4333,27.1667,25,1998,9.6,10.4,9.7,17.6,20.1,26.5,29.2,29.3,23.6,19.7,15.2,9.9,172.0,70.0,134.0,34.0,122.0,0.0,3.0,0.0,40.0,84.0,272.0,157.0
17220,TR,IZM,,Izmir,38.4333,27.1667,25,1999,10.2,9.6,12.5,17.0,22.4,26.5,29.2,29.7,24.2,20.2,14.8,13.2,94.0,249.0,78.0,14.0,13.0,1.0,0.0,0.0,0.0,29.0,48.0,128.0
17220,TR,IZM,,Izmir,38.4333,27.1667,25,2000,6.1,9.2,11.1,17.8,21.7,26.6,29.9,28.6,24.4,18.2,15.7,11.0,96.0,92.0,78.0,48.0,5.0,0.0,0.0,0.0,0.0,92.0,108.0,36.0
17220,TR,IZM,,Izmir,38.4333,27.1667,25,2001,10.9,10.5,16.5,16.8,21.4,26.1,29.6,29.2,24.5,20.2,13.5,8.5,91.0,109.0,16.0,66.0,18.0,17.0,0.0,35.0,23.0,0.0,284.0,270.0
17220,TR,IZM,,Izmir,38.4333,27.1667,25,2002,7.8,12.5,13.4,15.5,21.0,27.2,28.9,28.0,23.2,19.1,14.6,8.8,35.0,34.0,91.0,51.0,10.0,0.0,2.0,0.5,66.0,87.0,126.0,148.0
17220,TR,IZM,,Izmir,38.4333,27.1667,25,2003,12.0,5.6,9.4,13.6,22.4,27.5,28.5,29.0,23.4,20.4,14.2,10.3,103.0,201.0,25.0,105.0,10.0,0.0,0.0,0.0,0.0,67.0,16.0,116.0
17220,TR,IZM,,Izmir,38.4333,27.1667,25,2004,8.3,9.4,12.9,16.6,20.4,26.1,28.6,27.4,24.1,21.0,14.4,11.1,229.0,28.0,21.0,30.0,11.0,4.0,1.0,0.0,0.0,2.0,100.0,78.0
17220,TR,IZM,,Izmir,38.4333,27.1667,25,2005,9.9,8.7,12.1,16.4,21.5,25.0,28.8,28.5,24.1,17.9,12.9,11.3,124.0,287.0,91.0,17.0,36.0,21.0,0.0,0.0,7.0,23.0,156.0,68.0
17220,TR,IZM,,Izmir,38.4333,27.1667,25,2006,6.9,9.6,12.2,18.6,21.1,25.7,28.1,29.2,23.8,19.2,12.4,9.7,78.0,93.0,181.0,29.0,0.0,10.0,0.0,0.0,167.0,115.0,63.0,9.0
17220,TR,IZM,,Izmir,38.4333,27.1667,25,2007,10.7,10.6,13.3,16.2,22.4,27.5,30.1,29.2,24.4,19.7,13.9,9.0,33.0,23.0,30.0,19.0,44.0,0.0,0.0,0.0,0.0,108.0,112.0,119.0
17220,TR,IZM,,Izmir,38.4333,27.1667,25,2008,7.6,9.3,15.2,18.0,21.0,27.0,28.6,29.2,23.9,19.6,15.7,11.5,30.0,9.0,60.0,62.0,5.0,0.0,0.0,0.0,55.0,12.0,93.0,101.0
17220,TR,IZM,,Izmir,38.4333,27.1667,25,2009,10.5,10.0,11.7,16.0,21.4,26.2,29.0,27.8,23.2,20.8,14.6,13.1,204.0,165.0,176.0,84.0,44.0,9.0,0.0,0.0,51.0,26.0,160.0,152.0
17220,TR,IZM,,Izmir,38.4333,27.1667,25,2010,10.6,12.6,13.3,17.4,21.8,25.5,28.8,30.2,24.8,18.8,18.1,13.3,142.0,301.0,16.0,20.0,27.0,76.0,0.0,0.0,12.0,232.0,32.0,156.0
17220,TR,IZM,,Izmir,38.4333,27.1667,25,2011,9.0,10.3,12.0,14.5,20.1,25.4,29.0,28.1,25.6,17.1,11.1,10.7,101.0,107.0,19.0,65.0,29.0,0.0,0.0,0.0,9.0,90.0,0.0,140.0
17220,TR,IZM,,Izmir,38.4333,27.1667,25,2012,6.7,7.6,11.3,17.5,20.5,27.3,30.1,28.4,24.3,21.8,16.4,10.7,128.0,128.0,35.0,105.0,87.0,20.0,,0.0,0.5,22.0,57.0,218.0
17220,TR,IZM,,Izmir,38.4333,27.1667,25,2013,9.4,11.2,14.0,17.2,22.7,25.7,28.4,28.7,24.0,17.2,15.0,8.5,252.0,187.0,57.0,30.0,44.0,27.0,0.0,20.0,5.0,94.0,129.0,9.0
17220,TR,IZM,,Izmir,38.4333,27.1667,25,2014,11.7,11.7,13.2,17.0,20.8,25.0,27.8,28.4,23.9,18.9,14.1,12.1,150.0,15.0,106.0,132.0,15.0,48.0,1.0,4.0,11.0,91.0,32.0,249.0
17220,TR,IZM,,Izmir,38.4333,27.1667,25,2015,8.6,9.2,11.3,14.4,21.3,23.8,28.2,28.5,25.2,19.3,15.0,9.2,175.0,101.0,114.0,31.0,29.0,52.0,0.0,35.0,7.0,84.0,101.0,0.0
17220,TR,IZM,,Izmir,38.4333,27.1667,25,2016,8.9,14.0,13.7,19.0,20.7,27.5,29.3,28.9,24.6,19.3,14.1,7.0,233.0,85.0,122.0,28.0,37.0,3.0,0.0,0.0,9.0,0.0,124.0,20.0
17220,TR,IZM,,Izmir,38.4333,27.1667,25,2017,6.8,10.9,13.4,16.5,21.6,26.3,29.4,29.0,25.0,18.8,14.0,12.3,286.0,45.0,123.0,20.0,46.0,3.0,0.0,0.0,0.0,61.0,62.0,118.0
17220,TR,IZM,,Izmir,38.4333,27.1667,25,2018,9.6,12.4,16.0,19.1,23.8,26.3,28.9,29.0,25.3,19.6,15.3,9.4,98.0,132.0,52.0,4.0,22.0,13.0,0.5,0.5,4.0,17.0,31.0,73.0
17220,TR,IZM,,Izmir,38.4333,27.1667,25,2019,9.2,10.4,13.7,16.2,21.7,27.4,28.2,29.5,24.3,20.6,18.0,11.7,256.0,82.0,41.0,51.0,13.0,23.0,0.9,0.0,33.0,23.0,59.0,96.0
17220,TR,IZM,,Izmir,38.4333,27.1667,25,2020,8.7,11.2,13.7,16.3,21.4,25.1,29.2,28.7,26.8,21.5,14.6,12.7,40.0,70.0,59.0,54.0,76.0,38.0,0.0,0.0,0.0,59.0,5.0,272.0
17220,TR,IZM,,Izmir,38.4333,27.1667,25,2021,11.2,11.6,11.4,16.6,23.8,26.1,30.6,30.1,25.8,20.6,18.3,13.1,195.0,189.0,106.0,37.0,3.0,28.0,0.0,0.0,0.1,36.0,33.0,230.0
17220,TR,IZM,,Izmir,38.4333,27.1667,25,2022,8.1,10.4,9.0,17.4,21.9,26.8,29.2,28.8,24.9,20.4,16.0,13.5,53.0,149.0,17.0,15.0,14.0,16.0,0.0,22.0,0.0,0.0,84.0,98.0
17220,TR,IZM,,Izmir,38.4333,27.1667,25,2023,11.3,9.7,13.4,16.1,20.3,25.3,30.4,29.1,25.4,20.7,17.2,13.5,138.0,15.0,88.0,75.0,15.0,70.0,28.0,8.0,27.0,4.0,222.0,116.0
17220,TR,IZM,,Izmir,38.4333,27.1667,25,2024,10.6,12.3,14.1,20.0,20.7,29.2,30.9,29.6,25.0,20.3,13.9,11.8,132.0,53.0,52.0,25.0,24.0,0.3,6.0,0.0,36.0,0.2,43.0,198.0
17220,TR,IZM,,Izmir,38.4333,27.1667,25,2025,11.9,8.2,15.3,15.5,21.6,28.2,30.5,29.4,25.3,18.6,17.1,10.9,109.0,19.0,6.0,56.0,22.0,0.0,0.0,1.0,8.0,81.0,63.0,67.0
17220,TR,IZM,,Izmir,38.4333,27.1667,25,2026,10.7,12.1,11.9,,,,,,,,,,232.0,291.0,74.0,,,,,,,,,
17116,TR,BRS,LTBE,Bursa,40.1833,29.0667,101,1931,,,,,,,,,,,,,128,62,95,108.0,48.0,63.0,3.0,8.0,67.0,60.0,66.0,107.0
17116,TR,BRS,LTBE,Bursa,40.1833,29.0667,101,1932,,,,,,,,,,,,,78,82,68,73.0,38.0,60.0,2.0,1.0,2.0,16.0,76.0,19.0
17116,TR,BRS,LTBE,Bursa,40.1833,29.0667,101,1933,,,,,,,,,,,,,56,132,30,51.0,177.0,29.0,62.0,9.0,20.0,44.0,75.0,195.0
17116,TR,BRS,LTBE,Bursa,40.1833,29.0667,101,1934,,,,,,,,,,,,,45,110,16,14.0,31.0,25.0,39.0,15.0,2.0,48.0,57.0,46.0
17116,TR,BRS,LTBE,Bursa,40.1833,29.0667,101,1935,,,,,,,,,,,,,40,69,50,59.0,45.0,30.0,9.0,6.0,141.0,56.0,97.0,86.0
17116,TR,BRS,LTBE,Bursa,40.1833,29.0667,101,1936,,,,,,,,,,,,,43,172,59,54.0,83.0,34.0,114.0,0.5,16.0,91.0,96.0,53.0
17116,TR,BRS,LTBE,Bursa,40.1833,29.0667,101,1937,,,,,,,,,,,,,86,68,12,88.0,,3.0,3.0,74.0,0.0,107.0,117.0,90.0
17116,TR,BRS,LTBE,Bursa,40.1833,29.0667,101,1938,,,,,,,,,,,,,82,42,79,85.0,65.0,6.0,57.0,15.0,118.0,42.0,25.0,67.0
17116,TR,BRS,LTBE,Bursa,40.1833,29.0667,101,1939,,,,,,,,,,,,,71,43,154,3.0,65.0,47.0,18.0,62.0,67.0,32.0,149.0,205.0
17116,TR,BRS,LTBE,Bursa,40.1833,29.0667,101,1940,,,,,,,,,,,,,63,93,86,137.0,55.0,35.0,2.0,43.0,27.0,49.0,108.0,239.0
17116,TR,BRS,LTBE,Bursa,40.1833,29.0667,101,1941,,,,,,,,,,,,,132,106,40,37.0,108.0,66.0,104.0,0.0,16.0,196.0,84.0,101.0
17116,TR,BRS,LTBE,Bursa,40.1833,29.0667,101,1942,,,,,,,,,,,,,193,54,32,50.0,14.0,5.0,,108.0,93.0,77.0,123.0,27.0
17116,TR,BRS,LTBE,Bursa,40.1833,29.0667,101,1943,,,,,,,,,,,,,145,33,21,78.0,123.0,81.0,27.0,,80.0,59.0,77.0,101.0
17116,TR,BRS,LTBE,Bursa,40.1833,29.0667,101,1944,,,,,,,,,,,,,90,108,201,46.0,87.0,3.0,22.0,6.0,9.0,74.0,55.0,64.0
17116,TR,BRS,LTBE,Bursa,40.1833,29.0667,101,1945,,,,,,,,,,,,,221,56,108,81.0,,3.0,0.1,10.0,12.0,48.0,41.0,133.0
17116,TR,BRS,LTBE,Bursa,40.1833,29.0667,101,1946,,,,,,,,,,,,,26,130,112,26.0,61.0,6.0,1.0,15.0,,83.0,67.0,43.0
17116,TR,BRS,LTBE,Bursa,40.1833,29.0667,101,1947,,,,,,,,,,,,,98,77,49,25.0,19.0,32.0,37.0,46.0,60.0,62.0,87.0,113.0
17116,TR,BRS,LTBE,Bursa,40.1833,29.0667,101,1948,,,,,,,,,,,,,79,206,87,87.0,71.0,85.0,,0.8,4.0,35.0,56.0,45.0
17116,TR,BRS,LTBE,Bursa,40.1833,29.0667,101,1949,3.3,2.9,5.9,10.1,18.8,21.5,22.2,21.8,17.6,14.5,13.6,8.4,49,32,113,88.0,37.0,44.0,124.0,11.0,185.0,0.2,38.0,100.0
17116,TR,BRS,LTBE,Bursa,40.1833,29.0667,101,1950,2.0,4.9,8.1,15.9,17.4,22.2,25.0,23.9,21.6,13.6,10.2,10.0,148,88,41,29.0,32.0,21.0,0.9,8.0,44.0,56.0,84.0,65.0
17116,TR,BRS,LTBE,Bursa,40.1833,29.0667,101,1951,7.3,8.3,10.8,13.8,18.5,21.4,24.5,24.7,20.7,12.5,11.7,4.7,87,104,104,42.0,39.0,6.0,0.0,20.0,19.0,30.0,54.0,107.0
17116,TR,BRS,LTBE,Bursa,40.1833,29.0667,101,1952,6.8,6.8,8.6,13.1,16.3,20.1,23.5,25.4,22.5,16.0,12.8,11.5,111,146,43,22.0,65.0,57.0,7.0,0.0,30.0,108.0,138.0,47.0
17116,TR,BRS,LTBE,Bursa,40.1833,29.0667,101,1953,7.4,6.9,4.2,12.1,16.0,21.6,24.8,24.0,18.9,14.8,7.7,2.6,97,147,91,49.0,71.0,40.0,0.0,7.0,40.0,74.0,44.0,30.0
17116,TR,BRS,LTBE,Bursa,40.1833,29.0667,101,1954,1.5,2.8,8.7,10.4,17.4,23.2,25.7,25.1,20.9,15.9,11.5,7.5,122,71,55,45.0,69.0,6.0,4.0,0.0,57.0,4.0,66.0,81.0
17116,TR,BRS,LTBE,Bursa,40.1833,29.0667,101,1955,9.6,12.2,9.4,9.7,17.3,21.3,24.9,22.9,20.6,18.3,10.8,8.5,62,96,32,81.0,1.0,6.0,32.0,37.0,17.0,54.0,190.0,55.0
17116,TR,BRS,LTBE,Bursa,40.1833,29.0667,101,1956,6.9,5.6,5.0,13.7,16.6,21.2,24.4,24.9,18.6,13.6,10.3,4.9,90,105,62,30.0,42.0,22.0,10.0,11.0,7.0,25.0,89.0,47.0
17116,TR,BRS,LTBE,Bursa,40.1833,29.0667,101,1957,4.1,8.4,7.2,11.8,15.8,22.0,24.5,25.0,21.5,16.8,11.1,6.4,27,48,62,26.0,68.0,7.0,19.0,2.0,42.0,34.0,67.0,151.0
17116,TR,BRS,LTBE,Bursa,40.1833,29.0667,101,1958,5.8,9.6,9.1,12.3,18.3,21.7,24.2,23.8,18.1,13.6,10.6,8.3,115,21,181,63.0,36.0,30.0,3.0,16.0,53.0,89.0,34.0,94.0
17116,TR,BRS,LTBE,Bursa,40.1833,29.0667,101,1959,6.1,2.0,6.9,12.7,16.0,20.2,24.0,23.5,16.6,11.9,9.7,9.6,162,39,39,38.0,74.0,63.0,66.0,1.0,19.0,43.0,81.0,72.0
17116,TR,BRS,LTBE,Bursa,40.1833,29.0667,101,1960,7.4,6.9,8.0,11.3,16.6,20.0,22.7,23.1,18.8,17.6,12.2,10.7,128,64,61,56.0,57.0,83.0,17.0,4.0,12.0,23.0,69.0,159.0
17116,TR,BRS,LTBE,Bursa,40.1833,29.0667,101,1961,3.4,4.4,7.8,13.8,16.6,20.8,22.8,23.1,17.5,14.0,12.1,7.6,78,50,48,28.0,31.0,45.0,9.0,1.0,17.0,38.0,47.0,55.0
17116,TR,BRS,LTBE,Bursa,40.1833,29.0667,101,1962,5.7,4.3,9.9,10.8,17.3,20.1,23.0,24.3,19.3,15.2,13.7,7.9,33,121,110,89.0,5.0,7.0,21.0,0.0,22.0,112.0,69.0,229.0
17116,TR,BRS,LTBE,Bursa,40.1833,29.0667,101,1963,5.2,8.7,6.1,9.5,14.7,20.6,24.0,20.4,14.7,14.7,9.7,7.8,170,58,80,69.0,77.0,34.0,3.0,0.0,31.0,43.0,39.0,244.0
17116,TR,BRS,LTBE,Bursa,40.1833,29.0667,101,1964,0.4,4.0,7.4,11.4,14.2,21.0,22.8,21.6,17.6,14.6,9.7,8.7,18,77,95,27.0,51.0,3.0,2.0,31.0,94.0,2.0,104.0,162.0
17116,TR,BRS,LTBE,Bursa,40.1833,29.0667,101,1965,5.5,3.3,7.8,11.5,15.3,21.6,23.0,20.8,19.4,11.8,11.6,9.0,30,166,51,85.0,45.0,22.0,31.0,7.0,0.0,23.0,112.0,83.0
17116,TR,BRS,LTBE,Bursa,40.1833,29.0667,101,1966,6.0,9.6,8.4,13.3,15.9,20.2,24.6,24.3,18.9,17.6,14.3,7.6,127,12,130,99.0,16.0,37.0,0.0,70.0,5.0,28.0,48.0,103.0
17116,TR,BRS,LTBE,Bursa,40.1833,29.0667,101,1967,2.3,2.8,7.1,11.6,16.4,20.3,23.5,23.9,19.4,14.6,8.5,7.8,149,64,63,67.0,28.0,22.0,15.0,1.0,17.0,96.0,80.0,111.0
17116,TR,BRS,LTBE,Bursa,40.1833,29.0667,101,1968,2.6,5.9,7.5,12.8,18.5,20.5,23.2,21.2,17.9,12.7,10.1,7.0,210,61,77,27.0,12.0,31.0,0.0,53.0,121.0,84.0,76.0,81.0
17116,TR,BRS,LTBE,Bursa,40.1833,29.0667,101,1969,3.5,7.1,6.7,9.6,17.4,21.7,21.4,22.7,20.6,13.5,10.4,9.9,95,92,62,94.0,22.0,43.0,18.0,0.0,0.0,9.0,28.0,147.0
17116,TR,BRS,LTBE,Bursa,40.1833,29.0667,101,1970,7.2,8.4,10.4,14.3,15.2,20.3,23.6,22.7,18.1,12.7,9.6,6.1,102,159,62,91.0,68.0,21.0,1.0,12.0,47.0,78.0,62.0,170.0
17116,TR,BRS,LTBE,Bursa,40.1833,29.0667,101,1971,8.6,6.3,8.3,11.3,17.6,21.7,22.8,23.6,19.4,12.4,10.3,5.3,35,67,140,32.0,25.0,16.0,19.0,27.0,24.0,54.0,67.0,132.0
17116,TR,BRS,LTBE,Bursa,40.1833,29.0667,101,1972,2.7,4.0,7.6,15.1,17.3,22.3,24.4,23.7,19.6,14.2,9.8,4.0,32,24,30,80.0,48.0,34.0,13.0,69.0,103.0,102.0,70.0,17.0
17116,TR,BRS,LTBE,Bursa,40.1833,29.0667,101,1973,4.2,8.3,6.1,12.3,17.5,19.8,23.8,22.0,20.1,16.3,7.9,6.9,48,70,62,99.0,61.0,26.0,3.0,46.0,12.0,33.0,108.0,137.0
17116,TR,BRS,LTBE,Bursa,40.1833,29.0667,101,1974,1.8,6.8,8.3,10.8,17.2,21.2,23.8,22.3,19.3,18.5,10.4,5.4,47,35,75,70.0,107.0,14.0,16.0,50.0,50.0,29.0,84.0,137.0
17116,TR,BRS,LTBE,Bursa,40.1833,29.0667,101,1975,4.4,4.6,10.3,14.3,17.3,21.3,24.0,23.0,20.3,14.5,9.9,4.1,64,65,92,48.0,97.0,65.0,4.0,16.0,5.0,211.0,67.0,167.0
17116,TR,BRS,LTBE,Bursa,40.1833,29.0667,101,1976,4.3,3.7,6.7,12.6,16.2,20.4,23.0,20.4,18.3,15.4,11.4,6.9,75,72,26,46.0,62.0,33.0,27.0,33.0,41.0,41.0,50.0,123.0
17116,TR,BRS,LTBE,Bursa,40.1833,29.0667,101,1977,5.4,10.6,7.9,12.4,17.1,21.7,24.2,24.6,19.5,11.8,12.6,5.6,53,22,46,86.0,9.0,15.0,0.0,0.0,20.0,33.0,63.0,154.0
17116,TR,BRS,LTBE,Bursa,40.1833,29.0667,101,1978,4.6,8.4,9.8,12.4,17.8,21.9,23.7,21.9,18.5,14.7,8.1,7.6,98,85,71,72.0,23.0,13.0,163.0,0.0,103.0,68.0,38.0,37.0
17116,TR,BRS,LTBE,Bursa,40.1833,29.0667,101,1979,6.7,7.9,10.5,12.8,17.1,22.9,23.7,23.2,19.6,15.0,11.2,7.2,123,69,21,60.0,87.0,12.0,6.0,34.0,26.0,23.0,51.0,81.0
17116,TR,BRS,LTBE,Bursa,40.1833,29.0667,101,1980,3.2,4.6,6.9,11.6,16.9,21.1,23.6,23.6,18.4,16.2,12.0,8.1,152,63,116,52.0,40.0,45.0,19.0,2.0,15.0,25.0,128.0,101.0
17116,TR,BRS,LTBE,Bursa,40.1833,29.0667,101,1981,5.5,5.6,10.0,12.6,15.2,22.6,23.1,23.1,19.8,16.8,8.0,11.2,168,64,64,6.0,60.0,11.0,39.0,9.0,88.0,63.0,60.0,204.0
17116,TR,BRS,LTBE,Bursa,40.1833,29.0667,101,1982,5.3,2.5,6.8,12.0,15.5,21.5,21.5,22.6,21.2,15.5,8.7,9.0,119,42,44,106.0,74.0,11.0,53.0,0.5,0.2,35.0,16.0,95.0
17116,TR,BRS,LTBE,Bursa,40.1833,29.0667,101,1983,2.5,4.5,8.7,14.2,18.1,20.3,23.7,21.9,19.4,13.4,9.6,7.3,90,105,2,60.0,48.0,31.0,27.0,7.0,24.0,46.0,119.0,59.0
17116,TR,BRS,LTBE,Bursa,40.1833,29.0667,101,1984,6.4,6.7,7.6,10.1,18.4,20.7,22.5,21.2,20.8,16.0,11.0,4.7,86,64,86,97.0,40.0,25.0,45.0,0.0,0.0,6.0,51.0,23.0
17116,TR,BRS,LTBE,Bursa,40.1833,29.0667,101,1985,8.0,1.5,6.8,14.0,19.2,21.3,22.9,24.3,19.0,12.5,12.3,7.6,105,74,25,33.0,49.0,21.0,0.0,0.0,9.0,79.0,121.0,45.0
17116,TR,BRS,LTBE,Bursa,40.1833,29.0667,101,1986,8.4,7.8,7.5,14.2,15.8,22.3,23.8,25.2,20.9,14.0,7.5,5.6,136,100,4,21.0,14.0,82.0,0.0,0.0,0.0,53.0,54.0,144.0
17116,TR,BRS,LTBE,Bursa,40.1833,29.0667,101,1987,5.8,7.1,4.1,11.0,16.6,21.3,24.4,22.4,20.5,14.0,10.6,6.5,174,25,65,42.0,57.0,53.0,33.0,28.0,0.3,64.0,89.0,140.0
17116,TR,BRS,LTBE,Bursa,40.1833,29.0667,101,1988,6.7,6.2,8.8,12.0,17.1,22.1,26.0,24.5,19.9,14.1,7.6,6.9,16,58,77,62.0,17.0,29.0,1.0,1.0,13.0,54.0,134.0,87.0
17116,TR,BRS,LTBE,Bursa,40.1833,29.0667,101,1989,2.8,6.0,10.4,16.9,17.0,21.1,23.6,24.4,20.0,13.8,8.9,5.5,28,7,24,8.0,44.0,45.0,0.0,0.0,15.0,169.0,109.0,93.0
17116,TR,BRS,LTBE,Bursa,40.1833,29.0667,101,1990,3.0,6.5,8.8,14.0,16.4,21.3,24.3,23.6,18.5,15.2,13.5,8.1,33,55,27,70.0,67.0,19.0,39.0,0.3,57.0,80.0,142.0,128.0
17116,TR,BRS,LTBE,Bursa,40.1833,29.0667,101,1991,5.0,5.0,7.5,11.9,16.4,21.2,23.8,23.9,19.1,15.3,11.0,3.5,31,50,20,142.0,184.0,0.3,17.0,0.5,72.0,92.0,24.0,44.0
17116,TR,BRS,LTBE,Bursa,40.1833,29.0667,101,1992,2.4,1.1,7.1,12.6,15.1,21.9,22.4,25.1,19.0,18.5,8.8,3.8,25,72,71,34.0,17.0,69.0,15.0,0.0,11.0,107.0,71.0,66.0
17116,TR,BRS,LTBE,Bursa,40.1833,29.0667,101,1993,3.3,3.3,7.6,12.1,15.9,21.4,23.5,23.9,19.4,16.7,8.9,8.2,54,63,34,58.0,50.0,5.0,5.0,22.0,41.0,21.0,92.0,67.0
17116,TR,BRS,LTBE,Bursa,40.1833,29.0667,101,1994,7.2,6.2,8.9,14.8,18.6,21.1,24.6,24.5,23.6,18.0,8.7,4.9,60,62,27,144.0,238.0,88.0,0.0,46.0,1.0,91.0,129.0,102.0
17116,TR,BRS,LTBE,Bursa,40.1833,29.0667,101,1995,6.4,8.2,9.1,12.2,18.4,23.6,24.1,23.8,20.5,13.4,7.6,8.2,95,15,148,85.0,3.0,19.0,18.0,25.0,25.0,40.0,78.0,50.0
17116,TR,BRS,LTBE,Bursa,40.1833,29.0667,101,1996,3.7,6.4,5.3,9.9,19.7,21.6,24.5,24.0,19.1,13.7,10.7,10.1,51,96,97,97.0,25.0,5.0,0.3,2.0,61.0,61.0,26.0,40.0
17116,TR,BRS,LTBE,Bursa,40.1833,29.0667,101,1997,6.2,4.3,6.1,9.6,18.1,22.0,24.5,21.4,17.1,14.8,10.6,7.5,139,73,65,146.0,13.0,36.0,39.0,84.0,2.0,163.0,51.0,152.0
17116,TR,BRS,LTBE,Bursa,40.1833,29.0667,101,1998,5.1,6.5,6.0,15.1,17.1,22.1,24.8,25.3,20.1,15.8,11.9,6.4,40,93,94,35.0,109.0,36.0,12.0,0.0,82.0,143.0,78.0,78.0
17116,TR,BRS,LTBE,Bursa,40.1833,29.0667,101,1999,6.5,6.5,8.9,14.5,19.0,22.6,25.6,24.8,20.9,16.1,10.9,9.4,38,148,78,21.0,4.0,76.0,2.0,23.0,13.0,55.0,90.0,61.0
17116,TR,BRS,LTBE,Bursa,40.1833,29.0667,101,2000,2.2,5.4,7.4,14.8,17.6,21.7,25.6,24.5,20.6,14.6,12.2,7.5,96,96,123,138.0,26.0,28.0,21.0,14.0,72.0,101.0,26.0,53.0
17116,TR,BRS,LTBE,Bursa,40.1833,29.0667,101,2001,7.9,7.6,14.4,14.1,17.7,22.6,26.5,25.4,20.9,15.7,10.1,4.5,8,68,50,86.0,77.0,5.0,2.0,26.0,39.0,3.0,140.0,219.0
17116,TR,BRS,LTBE,Bursa,40.1833,29.0667,101,2002,2.9,8.7,10.0,11.3,17.5,22.4,26.8,24.2,20.3,15.6,11.1,5.0,62,42,88,127.0,51.0,25.0,50.0,31.0,67.0,126.0,68.0,26.0
17116,TR,BRS,LTBE,Bursa,40.1833,29.0667,101,2003,8.9,2.8,4.6,9.9,18.8,23.5,25.3,25.6,19.2,16.6,10.0,6.0,57,106,33,112.0,46.0,2.0,0.0,0.0,67.0,125.0,68.0,91.0
17116,TR,BRS,LTBE,Bursa,40.1833,29.0667,101,2004,5.0,5.1,9.4,13.1,17.6,22.3,24.4,23.8,20.9,17.4,11.0,7.1,155,73,62,50.0,23.0,38.0,5.0,26.0,0.0,16.0,95.0,44.0
17116,TR,BRS,LTBE,Bursa,40.1833,29.0667,101,2005,6.5,6.9,8.5,14.0,17.8,21.2,24.9,25.4,20.4,14.0,9.6,8.0,150,78,88,43.0,36.0,21.0,55.0,3.0,92.0,33.0,110.0,88.0
17116,TR,BRS,LTBE,Bursa,40.1833,29.0667,101,2006,3.4,5.4,9.6,13.7,17.9,22.0,24.2,26.8,20.0,16.3,8.4,5.6,66,133,57,13.0,9.0,63.0,2.0,3.0,91.0,26.0,101.0,28.0
17116,TR,BRS,LTBE,Bursa,40.1833,29.0667,101,2007,6.8,7.1,9.7,11.5,19.9,24.4,26.1,26.5,20.9,16.4,10.3,5.7,64,21,58,33.0,25.0,51.0,13.0,1.0,3.0,95.0,140.0,159.0
17116,TR,BRS,LTBE,Bursa,40.1833,29.0667,101,2008,3.0,5.3,12.0,15.3,18.1,23.7,25.0,26.3,20.4,15.8,12.1,7.6,57,46,119,38.0,22.0,29.0,0.0,0.0,132.0,37.0,65.0,94.0
17116,TR,BRS,LTBE,Bursa,40.1833,29.0667,101,2009,6.4,7.4,8.9,12.1,18.3,23.6,25.7,24.3,19.8,17.2,10.1,9.6,117,157,121,27.0,19.0,9.0,4.0,0.0,67.0,38.0,81.0,119.0
17116,TR,BRS,LTBE,Bursa,40.1833,29.0667,101,2010,7.0,9.7,9.0,13.5,19.3,22.4,25.4,27.6,21.4,14.7,15.6,9.9,150,179,115,63.0,29.0,135.0,25.0,5.0,53.0,397.0,24.0,153.0
17116,TR,BRS,LTBE,Bursa,40.1833,29.0667,101,2011,5.6,6.2,8.3,10.5,16.7,21.9,26.2,23.5,21.5,12.8,6.4,7.3,72,18,67,77.0,27.0,14.0,5.0,29.0,33.0,113.0,2.0,121.0
17116,TR,BRS,LTBE,Bursa,40.1833,29.0667,101,2012,3.0,3.4,7.2,15.2,17.8,24.3,26.7,25.2,21.9,18.6,12.7,7.5,121,124,90,100.0,81.0,4.0,7.0,2.0,14.0,35.0,53.0,155.0
17116,TR,BRS,LTBE,Bursa,40.1833,29.0667,101,2013,7.1,9.2,11.3,13.7,20.1,22.4,24.3,25.7,20.3,13.0,11.8,4.9,106,96,86,52.0,24.0,62.0,22.0,2.0,18.0,140.0,69.0,50.0
17116,TR,BRS,LTBE,Bursa,40.1833,29.0667,101,2014,9.0,8.6,10.7,14.4,18.3,22.3,25.5,25.4,20.6,16.4,11.3,9.4,38,25,64,125.0,103.0,118.0,5.0,46.0,120.0,77.0,77.0,216.0
17116,TR,BRS,LTBE,Bursa,40.1833,29.0667,101,2015,5.5,7.3,9.1,11.6,19.2,21.4,25.9,26.2,23.5,16.1,12.7,6.1,155,93,88,128.0,51.0,54.0,0.0,6.0,108.0,108.0,29.0,7.0
17116,TR,BRS,LTBE,Bursa,40.1833,29.0667,101,2016,5.6,11.3,11.2,16.4,18.4,24.5,25.8,26.3,21.4,15.7,10.9,2.9,158,86,81,23.0,74.0,37.0,0.0,9.0,34.0,17.0,57.0,125.0
17116,TR,BRS,LTBE,Bursa,40.1833,29.0667,101,2017,3.5,8.4,10.3,13.0,18.0,23.1,25.9,25.5,23.0,14.7,11.1,9.8,101,18,29,51.0,87.0,81.0,19.0,6.0,16.0,68.0,40.0,132.0
17116,TR,BRS,LTBE,Bursa,40.1833,29.0667,101,2018,7.0,10.2,13.2,15.7,19.9,23.5,26.1,26.3,21.7,16.8,12.2,6.0,72,74,125,15.0,95.0,60.0,15.0,4.0,49.0,18.0,34.0,33.0
17116,TR,BRS,LTBE,Bursa,40.1833,29.0667,101,2019,6.7,6.8,9.7,12.9,19.9,24.4,24.9,24.7,21.4,17.4,15.3,8.3,44,39,15,47.0,48.0,34.0,19.0,7.0,14.0,39.0,39.0,72.0
17116,TR,BRS,LTBE,Bursa,40.1833,29.0667,101,2020,5.7,8.8,10.3,12.6,18.5,22.9,25.8,25.5,23.0,18.5,10.4,11.0,62,98,72,35.0,104.0,65.0,0.0,2.0,23.0,88.0,13.0,16.0
17116,TR,BRS,LTBE,Bursa,40.1833,29.0667,101,2021,8.1,8.3,7.0,13.0,19.4,21.8,26.2,26.4,20.5,15.0,12.8,9.9,288,68,101,57.0,30.0,61.0,25.0,0.2,8.0,51.0,40.0,94.0
17116,TR,BRS,LTBE,Bursa,40.1833,29.0667,101,2022,4.7,7.4,5.1,14.7,18.7,23.2,24.9,27.1,21.4,16.1,13.4,10.4,56,111,49,34.0,26.0,92.0,1.0,51.0,14.0,16.0,24.0,37.0
17116,TR,BRS,LTBE,Bursa,40.1833,29.0667,101,2023,8.3,6.6,10.5,13.2,16.8,22.1,26.6,27.4,22.9,18.1,14.2,10.9,28,71,109,121.0,43.0,49.0,8.0,0.3,8.0,46.0,248.0,57.0
17116,TR,BRS,LTBE,Bursa,40.1833,29.0667,101,2024,7.8,9.9,10.8,17.3,17.1,26.5,27.6,26.8,22.9,16.4,10.9,9.2,132,21,66,23.0,46.0,0.0,61.0,0.0,43.0,18.0,122.0,83.0
17116,TR,BRS,LTBE,Bursa,40.1833,29.0667,101,2025,8.0,4.8,12.0,11.9,18.3,24.3,28.3,26.4,22.3,16.0,13.3,7.6,84,32,38,37.0,29.0,0.0,0.0,9.0,15.0,70.0,51.0,64.0
17116,TR,BRS,LTBE,Bursa,40.1833,29.0667,101,2026,8.5,9.6,8.7,,,,,,,,,,114,113,93,,,,,,,,,
17124,TR,ESK,LTBI,Eskisehir,39.7833,30.5667,785,1931,1.6,3.2,6.0,8.5,14.5,18.3,22.5,21.5,17.9,11.7,2.9,0.0,41.0,48.0,34.0,48.0,44.0,55.0,12.0,1.0,10.0,4.0,17.0,66.0
17124,TR,ESK,LTBI,Eskisehir,39.7833,30.5667,785,1932,1.3,-2.6,4.6,10.7,14.8,18.9,21.4,20.6,18.4,16.9,6.5,1.0,14.0,21.0,43.0,29.0,16.0,14.0,3.0,0.6,0.2,10.0,41.0,4.0
17124,TR,ESK,LTBI,Eskisehir,39.7833,30.5667,785,1933,-1.2,2.3,2.8,7.2,13.5,17.0,19.3,20.3,15.0,12.2,9.8,-2.0,42.0,25.0,27.0,19.0,100.0,62.0,20.0,18.0,18.0,1.0,40.0,69.0
17124,TR,ESK,LTBI,Eskisehir,39.7833,30.5667,785,1934,-0.0,-2.4,8.3,12.6,15.8,18.4,21.6,21.5,17.3,12.5,8.5,4.0,36.0,19.0,23.0,22.0,72.0,41.0,3.0,3.0,27.0,30.0,24.0,34.0
17124,TR,ESK,LTBI,Eskisehir,39.7833,30.5667,785,1935,-2.9,1.4,4.2,10.4,16.1,19.2,20.0,22.0,18.0,13.5,5.6,6.1,42.0,33.0,45.0,39.0,20.0,11.0,0.3,2.0,20.0,18.0,56.0,46.0
17124,TR,ESK,LTBI,Eskisehir,39.7833,30.5667,785,1936,3.4,4.0,7.3,11.6,13.4,16.9,21.6,22.1,15.3,13.0,6.2,-2.1,15.0,50.0,27.0,30.0,103.0,58.0,45.0,0.6,10.0,24.0,31.0,18.0
17124,TR,ESK,LTBI,Eskisehir,39.7833,30.5667,785,1937,-3.0,4.4,9.6,11.3,14.7,17.9,22.9,21.5,20.4,13.1,9.2,4.4,32.0,27.0,12.0,30.0,36.0,0.3,13.0,2.0,0.2,22.0,66.0,23.0
17124,TR,ESK,LTBI,Eskisehir,39.7833,30.5667,785,1938,-2.1,0.5,3.4,9.6,15.0,18.0,22.7,22.6,16.6,12.4,5.3,4.3,67.0,13.0,11.0,79.0,28.0,0.5,35.0,11.0,53.0,31.0,35.0,46.0
17124,TR,ESK,LTBI,Eskisehir,39.7833,30.5667,785,1939,2.8,1.1,4.4,10.8,16.0,17.8,21.0,20.3,16.8,14.7,5.9,4.0,34.0,19.0,38.0,7.0,29.0,97.0,11.0,8.0,66.0,4.0,32.0,78.0
17124,TR,ESK,LTBI,Eskisehir,39.7833,30.5667,785,1940,-1.7,2.9,4.2,11.1,12.8,18.5,21.9,20.4,16.5,13.9,8.1,3.0,33.0,54.0,18.0,38.0,92.0,19.0,3.0,7.0,10.0,15.0,31.0,117.0
17124,TR,ESK,LTBI,Eskisehir,39.7833,30.5667,785,1941,2.1,4.7,4.4,12.0,15.4,18.9,20.9,20.0,15.2,10.3,4.9,-3.3,67.0,47.0,20.0,32.0,13.0,11.0,30.0,0.1,3.0,36.0,38.0,40.0
17124,TR,ESK,LTBI,Eskisehir,39.7833,30.5667,785,1942,-4.0,3.4,4.4,8.8,15.3,20.1,20.2,20.7,16.8,12.3,6.5,-0.1,52.0,29.0,22.0,78.0,40.0,3.0,2.0,22.0,16.0,53.0,49.0,14.0
17124,TR,ESK,LTBI,Eskisehir,39.7833,30.5667,785,1943,-1.3,-3.6,1.0,8.8,13.5,17.5,19.3,21.3,18.0,15.5,10.0,3.1,51.0,19.0,17.0,45.0,82.0,7.0,0.2,,33.0,86.0,40.0,57.0
17124,TR,ESK,LTBI,Eskisehir,39.7833,30.5667,785,1944,-1.1,3.6,5.4,11.3,13.2,19.5,20.7,19.8,17.6,14.0,7.3,3.5,51.0,66.0,53.0,41.0,26.0,35.0,1.0,17.0,3.0,19.0,11.0,56.0
17124,TR,ESK,LTBI,Eskisehir,39.7833,30.5667,785,1945,0.0,-0.7,2.3,8.3,16.9,17.3,20.7,22.0,18.2,10.4,7.5,0.6,55.0,27.0,20.0,23.0,3.0,4.0,24.0,14.0,10.0,12.0,15.0,42.0
17124,TR,ESK,LTBI,Eskisehir,39.7833,30.5667,785,1946,0.8,1.9,4.4,10.9,15.4,18.9,20.6,21.7,19.1,10.1,9.7,3.6,6.0,96.0,43.0,45.0,70.0,81.0,,0.4,0.0,49.0,36.0,62.0
17124,TR,ESK,LTBI,Eskisehir,39.7833,30.5667,785,1947,-2.0,3.7,10.0,11.9,16.0,19.8,21.2,20.0,16.5,10.3,8.0,5.3,55.0,33.0,20.0,5.0,31.0,54.0,21.0,10.0,4.0,14.0,51.0,71.0
17124,TR,ESK,LTBI,Eskisehir,39.7833,30.5667,785,1948,4.9,1.0,0.9,9.4,15.2,18.2,20.5,22.0,16.3,12.0,4.3,-4.7,35.0,56.0,39.0,41.0,53.0,76.0,,0.0,9.0,28.0,12.0,48.0
17124,TR,ESK,LTBI,Eskisehir,39.7833,30.5667,785,1949,-6.6,-4.0,0.5,7.0,16.4,17.7,19.0,19.5,14.4,11.7,9.4,4.2,39.0,35.0,58.0,18.0,11.0,42.0,19.0,,23.0,7.0,16.0,89.0
17124,TR,ESK,LTBI,Eskisehir,39.7833,30.5667,785,1950,-4.8,-4.0,4.9,14.2,15.1,18.0,21.1,21.0,20.0,10.3,6.3,4.2,57.0,53.0,48.0,43.0,77.0,41.0,0.0,9.0,4.0,18.0,20.0,34.0
17124,TR,ESK,LTBI,Eskisehir,39.7833,30.5667,785,1951,2.5,4.6,8.0,11.7,15.8,18.4,21.4,21.9,18.2,9.1,7.0,-1.5,16.0,24.0,72.0,33.0,9.0,47.0,17.0,2.0,53.0,37.0,20.0,27.0
17124,TR,ESK,LTBI,Eskisehir,39.7833,30.5667,785,1952,1.3,3.0,5.0,11.3,14.0,17.9,21.2,23.3,21.0,13.9,8.9,6.9,23.0,43.0,11.0,3.0,47.0,9.0,16.0,,3.0,22.0,16.0,32.0
17124,TR,ESK,LTBI,Eskisehir,39.7833,30.5667,785,1953,3.4,3.0,0.7,10.6,14.5,19.5,22.7,22.2,17.4,12.3,4.3,-2.1,74.0,54.0,42.0,9.0,99.0,38.0,2.0,0.2,14.0,14.0,10.0,31.0
17124,TR,ESK,LTBI,Eskisehir,39.7833,30.5667,785,1954,-3.7,-1.0,6.8,8.1,15.0,20.4,23.6,23.6,18.5,13.3,8.3,3.0,80.0,49.0,72.0,26.0,42.0,13.0,0.1,4.0,2.0,5.0,49.0,49.0
17124,TR,ESK,LTBI,Eskisehir,39.7833,30.5667,785,1955,4.5,7.0,6.6,8.2,15.7,19.4,22.1,20.8,18.1,15.2,7.3,3.7,35.0,52.0,25.0,60.0,14.0,2.0,34.0,13.0,22.0,58.0,52.0,31.0
17124,TR,ESK,LTBI,Eskisehir,39.7833,30.5667,785,1956,2.2,0.7,1.9,11.6,14.1,18.8,21.7,23.1,16.4,10.9,5.5,-0.4,28.0,66.0,18.0,7.0,29.0,23.0,0.0,0.0,0.5,4.0,15.0,25.0
17124,TR,ESK,LTBI,Eskisehir,39.7833,30.5667,785,1957,-1.3,3.5,4.8,10.3,14.1,19.4,22.4,23.3,19.7,14.1,7.3,2.1,31.0,19.0,33.0,23.0,53.0,47.0,33.0,0.5,63.0,6.0,26.0,44.0
17124,TR,ESK,LTBI,Eskisehir,39.7833,30.5667,785,1958,1.2,4.9,6.3,10.1,16.5,18.8,21.4,21.9,16.1,11.3,6.9,4.1,76.0,11.0,84.0,42.0,12.0,48.0,18.0,0.1,41.0,22.0,9.0,40.0
17124,TR,ESK,LTBI,Eskisehir,39.7833,30.5667,785,1959,1.6,-4.0,3.9,10.6,14.3,17.8,21.7,21.4,14.8,9.3,6.2,5.1,49.0,21.0,21.0,24.0,54.0,72.0,17.0,16.0,2.0,25.0,35.0,45.0
17124,TR,ESK,LTBI,Eskisehir,39.7833,30.5667,785,1960,2.1,1.5,5.0,9.7,15.3,17.5,20.7,20.8,17.0,14.7,8.9,6.1,52.0,38.0,79.0,67.0,48.0,76.0,10.0,11.0,14.0,18.0,11.0,83.0
17124,TR,ESK,LTBI,Eskisehir,39.7833,30.5667,785,1961,0.4,1.2,4.5,11.7,15.0,18.5,21.1,21.2,14.9,11.5,8.5,3.5,28.0,16.0,15.0,14.0,16.0,128.0,11.0,,13.0,36.0,10.0,32.0
17124,TR,ESK,LTBI,Eskisehir,39.7833,30.5667,785,1962,1.1,1.6,7.7,9.6,15.7,18.7,22.2,23.2,17.6,13.3,11.1,4.8,24.0,44.0,46.0,26.0,15.0,7.0,0.3,0.2,32.0,44.0,27.0,128.0
17124,TR,ESK,LTBI,Eskisehir,39.7833,30.5667,785,1963,2.3,5.7,3.5,9.6,14.2,18.9,21.7,23.4,18.8,12.6,7.0,2.9,92.0,60.0,26.0,63.0,71.0,59.0,15.0,,12.0,40.0,41.0,40.0
17124,TR,ESK,LTBI,Eskisehir,39.7833,30.5667,785,1964,-4.8,-0.6,5.9,9.6,13.3,18.5,20.9,19.9,16.3,12.4,5.9,4.0,7.0,56.0,69.0,31.0,8.0,62.0,9.0,0.9,43.0,,26.0,34.0
17124,TR,ESK,LTBI,Eskisehir,39.7833,30.5667,785,1965,1.0,-0.8,5.9,8.9,13.9,19.8,20.7,20.0,18.3,9.3,7.0,4.1,25.0,48.0,59.0,68.0,109.0,11.0,16.0,8.0,0.0,6.0,36.0,64.0
17124,TR,ESK,LTBI,Eskisehir,39.7833,30.5667,785,1966,2.3,6.0,6.2,11.4,14.1,18.2,22.7,22.3,17.1,15.5,10.9,3.8,61.0,9.0,62.0,67.0,78.0,52.0,10.0,4.0,10.0,3.0,14.0,46.0
17124,TR,ESK,LTBI,Eskisehir,39.7833,30.5667,785,1967,-0.1,-1.7,4.1,10.3,14.8,17.8,21.1,21.8,17.6,12.3,7.8,3.9,53.0,26.0,41.0,40.0,26.0,11.0,12.0,,23.0,4.0,22.0,41.0
17124,TR,ESK,LTBI,Eskisehir,39.7833,30.5667,785,1968,-1.2,0.1,4.5,12.4,18.0,17.9,21.8,19.9,16.9,11.4,7.6,3.8,79.0,27.0,70.0,46.0,29.0,26.0,0.6,8.0,12.0,37.0,55.0,95.0
17124,TR,ESK,LTBI,Eskisehir,39.7833,30.5667,785,1969,-0.3,2.7,6.0,7.4,16.7,20.0,19.4,22.6,18.9,12.0,7.5,5.6,58.0,75.0,56.0,27.0,25.0,23.0,6.0,0.6,13.0,9.0,15.0,97.0
17124,TR,ESK,LTBI,Eskisehir,39.7833,30.5667,785,1970,2.7,5.0,7.3,12.8,14.1,18.4,22.4,20.8,16.9,11.1,7.2,0.4,80.0,78.0,71.0,39.0,28.0,43.0,5.0,1.0,20.0,26.0,19.0,56.0
17124,TR,ESK,LTBI,Eskisehir,39.7833,30.5667,785,1971,5.1,2.4,6.5,9.6,15.0,18.5,21.0,21.3,17.8,10.4,7.5,1.7,27.0,9.0,57.0,29.0,56.0,18.0,28.0,13.0,9.0,39.0,49.0,44.0
17124,TR,ESK,LTBI,Eskisehir,39.7833,30.5667,785,1972,-3.7,-1.7,5.8,13.5,15.7,19.1,21.7,21.3,17.6,12.2,6.5,-0.3,20.0,12.0,33.0,35.0,10.0,72.0,47.0,21.0,35.0,60.0,16.0,0.9
17124,TR,ESK,LTBI,Eskisehir,39.7833,30.5667,785,1973,-1.9,4.4,3.8,9.6,15.1,17.7,21.6,19.9,18.1,11.9,3.5,1.6,12.0,39.0,21.0,60.0,29.0,78.0,64.0,18.0,2.0,43.0,46.0,62.0
17124,TR,ESK,LTBI,Eskisehir,39.7833,30.5667,785,1974,-4.1,1.1,6.8,8.3,14.2,19.1,20.9,20.5,16.6,15.6,6.0,-0.2,14.0,49.0,45.0,51.0,71.0,29.0,0.6,20.0,11.0,27.0,30.0,37.0
17124,TR,ESK,LTBI,Eskisehir,39.7833,30.5667,785,1975,-1.3,0.7,7.3,12.6,14.6,19.1,22.1,21.6,17.7,11.7,5.4,-1.8,49.0,29.0,41.0,29.0,127.0,33.0,0.2,15.0,2.0,8.0,40.0,42.0
17124,TR,ESK,LTBI,Eskisehir,39.7833,30.5667,785,1976,-3.5,-1.9,4.7,10.4,14.5,17.8,20.4,18.9,16.0,13.5,7.9,2.4,43.0,25.0,27.0,33.0,87.0,47.0,11.0,23.0,4.0,37.0,18.0,62.0
17124,TR,ESK,LTBI,Eskisehir,39.7833,30.5667,785,1977,-0.1,5.6,5.4,10.2,15.5,18.9,21.7,21.6,16.9,8.9,8.4,0.7,33.0,18.0,30.0,61.0,17.0,35.0,7.0,40.0,16.0,39.0,30.0,56.0
17124,TR,ESK,LTBI,Eskisehir,39.7833,30.5667,785,1978,-0.6,5.1,6.9,9.8,15.4,18.8,21.2,19.8,16.2,12.7,3.3,2.9,101.0,71.0,54.0,67.0,52.0,2.0,0.4,2.0,36.0,53.0,0.7,37.0
17124,TR,ESK,LTBI,Eskisehir,39.7833,30.5667,785,1979,1.3,4.0,7.6,10.2,15.4,19.7,20.6,22.1,17.7,12.5,7.1,2.4,104.0,23.0,16.0,11.0,60.0,32.0,3.0,0.1,12.0,40.0,44.0,25.0
17124,TR,ESK,LTBI,Eskisehir,39.7833,30.5667,785,1980,-1.4,0.4,4.1,9.7,14.8,19.3,22.7,21.8,15.5,12.9,7.6,3.2,48.0,32.0,47.0,35.0,34.0,26.0,12.0,0.0,34.0,12.0,37.0,56.0
17124,TR,ESK,LTBI,Eskisehir,39.7833,30.5667,785,1981,1.9,1.6,7.0,9.9,12.7,19.9,21.3,20.8,18.2,14.7,4.9,6.5,56.0,26.0,39.0,25.0,51.0,9.0,12.0,19.0,5.0,41.0,28.0,47.0
17124,TR,ESK,LTBI,Eskisehir,39.7833,30.5667,785,1982,0.9,-0.7,3.8,10.2,14.6,18.6,19.0,20.6,18.8,11.7,3.7,2.9,37.0,22.0,30.0,64.0,59.0,11.0,17.0,8.0,3.0,26.0,3.0,27.0
17124,TR,ESK,LTBI,Eskisehir,39.7833,30.5667,785,1983,-3.8,0.5,6.1,12.1,15.3,18.0,21.2,19.7,17.4,10.7,6.2,2.9,34.0,26.0,12.0,29.0,81.0,42.0,17.0,9.0,2.0,19.0,73.0,51.0
17124,TR,ESK,LTBI,Eskisehir,39.7833,30.5667,785,1984,2.2,3.1,5.0,8.1,15.7,18.0,20.2,18.7,18.9,12.4,6.7,-1.9,31.0,40.0,62.0,117.0,31.0,4.0,28.0,7.0,0.8,0.1,24.0,6.0
17124,TR,ESK,LTBI,Eskisehir,39.7833,30.5667,785,1985,2.3,-3.3,2.1,11.4,17.1,19.0,20.1,22.7,16.7,9.5,8.5,1.8,65.0,51.0,49.0,35.0,19.0,5.0,4.0,0.2,2.0,29.0,47.0,40.0
17124,TR,ESK,LTBI,Eskisehir,39.7833,30.5667,785,1986,3.4,3.6,5.9,13.1,12.9,18.9,22.4,23.8,19.3,11.2,3.1,-0.3,49.0,45.0,7.0,15.0,20.0,38.0,4.0,6.0,3.0,16.0,8.0,86.0
17124,TR,ESK,LTBI,Eskisehir,39.7833,30.5667,785,1987,1.6,3.5,0.6,8.3,14.8,18.8,23.1,20.4,18.8,11.1,6.3,2.2,95.0,10.0,53.0,41.0,44.0,23.0,0.4,8.0,4.0,9.0,31.0,53.0
17124,TR,ESK,LTBI,Eskisehir,39.7833,30.5667,785,1988,1.4,2.0,4.9,10.8,15.2,19.0,22.7,22.1,17.1,10.7,3.8,3.3,15.0,27.0,46.0,45.0,65.0,61.0,1.0,2.0,2.0,53.0,51.0,32.0
17124,TR,ESK,LTBI,Eskisehir,39.7833,30.5667,785,1989,-2.7,0.7,8.1,15.2,14.7,18.5,21.2,22.6,17.5,10.1,5.5,-0.0,8.0,10.0,18.0,9.0,41.0,34.0,29.0,8.0,3.0,55.0,60.0,57.0
17124,TR,ESK,LTBI,Eskisehir,39.7833,30.5667,785,1990,-3.1,1.5,6.4,10.6,14.1,18.3,22.4,20.9,16.4,12.3,8.2,3.1,9.0,16.0,12.0,53.0,18.0,17.0,20.0,4.0,34.0,24.0,31.0,70.0
17124,TR,ESK,LTBI,Eskisehir,39.7833,30.5667,785,1991,-1.1,-0.8,7.0,10.0,13.3,19.2,22.1,21.3,16.7,12.5,6.2,-1.0,15.0,41.0,23.0,72.0,51.0,26.0,34.0,26.0,12.0,65.0,31.0,36.0
17124,TR,ESK,LTBI,Eskisehir,39.7833,30.5667,785,1992,-3.8,-3.5,3.4,10.3,14.3,18.4,19.5,22.4,16.0,14.4,4.7,-0.9,3.0,6.0,34.0,31.0,15.0,79.0,12.0,11.0,0.0,47.0,38.0,34.0
17124,TR,ESK,LTBI,Eskisehir,39.7833,30.5667,785,1993,-4.5,-0.5,4.9,9.6,14.2,18.7,21.1,21.5,17.6,13.2,4.1,3.1,23.0,35.0,32.0,13.0,69.0,18.0,0.0,0.0,3.0,2.0,63.0,30.0
17124,TR,ESK,LTBI,Eskisehir,39.7833,30.5667,785,1994,2.7,1.7,5.8,12.5,15.8,18.8,22.3,22.0,21.1,15.0,5.2,0.2,56.0,34.0,19.0,27.0,37.0,7.0,2.0,3.0,3.0,21.0,63.0,26.0
17124,TR,ESK,LTBI,Eskisehir,39.7833,30.5667,785,1995,2.5,4.2,5.8,9.0,16.0,20.7,20.8,21.5,18.1,10.1,2.7,2.6,50.0,7.0,54.0,36.0,32.0,17.0,27.0,4.0,246.0,66.0,291.0,199.0
17124,TR,ESK,LTBI,Eskisehir,39.7833,30.5667,785,1996,0.0,3.4,3.0,8.0,17.2,18.9,22.8,21.7,16.2,10.8,6.9,5.4,254.0,255.0,283.0,305.0,43.0,225.0,226.0,63.0,32.0,371.0,6.0,45.0
17124,TR,ESK,LTBI,Eskisehir,39.7833,30.5667,785,1997,1.5,-0.1,3.0,6.5,16.2,19.3,21.2,19.0,15.0,11.7,6.5,2.9,41.0,10.0,50.0,,41.0,24.0,8.0,,,,,
17124,TR,ESK,LTBI,Eskisehir,39.7833,30.5667,785,1998,1.0,2.9,3.1,13.2,14.7,18.8,22.7,23.6,18.1,13.1,7.7,3.6,,,,,,,,,,,,
17124,TR,ESK,LTBI,Eskisehir,39.7833,30.5667,785,1999,2.8,2.8,6.0,11.2,16.1,19.4,23.1,22.9,18.1,13.3,6.1,4.2,,,,,,,,,,,,
17124,TR,ESK,LTBI,Eskisehir,39.7833,30.5667,785,2000,-3.6,-0.2,4.2,12.5,15.4,19.2,23.5,21.6,17.9,11.5,7.6,1.4,,,,,,,,,,,,
17124,TR,ESK,LTBI,Eskisehir,39.7833,30.5667,785,2001,2.9,3.2,10.7,11.3,14.9,20.0,24.3,23.1,19.2,12.4,6.0,1.9,,,,,,,,,,,,
17124,TR,ESK,LTBI,Eskisehir,39.7833,30.5667,785,2002,-4.7,2.7,7.6,9.9,15.4,19.8,24.1,21.7,17.5,12.6,6.9,-1.9,,,,,,,,,,,,
17124,TR,ESK,LTBI,Eskisehir,39.7833,30.5667,785,2003,4.9,-0.5,2.0,8.6,17.7,20.9,22.0,22.9,17.1,13.6,6.4,0.9,,,,,,,,,,,,
17124,TR,ESK,LTBI,Eskisehir,39.7833,30.5667,785,2004,-0.1,1.7,6.5,10.5,14.7,19.2,22.3,21.4,18.4,13.7,6.4,1.9,,,,,,,,,,,,
17124,TR,ESK,LTBI,Eskisehir,39.7833,30.5667,785,2005,2.7,1.9,5.6,10.8,15.8,18.8,23.1,23.4,18.2,10.6,5.4,3.0,,,,,,,,,,,,
17124,TR,ESK,LTBI,Eskisehir,39.7833,30.5667,785,2006,-1.9,-1.3,6.6,12.2,15.5,20.4,21.6,25.4,17.6,13.3,4.6,-0.3,,,,,,,,,,,,
17124,TR,ESK,LTBI,Eskisehir,39.7833,30.5667,785,2007,0.2,1.4,5.9,7.9,17.7,20.4,23.8,23.6,18.2,12.9,5.3,0.7,,,,,,,,,,,,
17124,TR,ESK,LTBI,Eskisehir,39.7833,30.5667,785,2008,-3.6,0.2,8.5,11.9,13.9,20.1,21.9,23.6,17.6,11.9,7.2,1.4,,,,,,,,,,,,
17124,TR,ESK,LTBI,Eskisehir,39.7833,30.5667,785,2009,0.8,3.1,4.4,10.4,14.6,20.1,21.8,21.1,16.7,14.7,6.0,4.4,,,,,,,,,,,,
17124,TR,ESK,LTBI,Eskisehir,39.7833,30.5667,785,2010,2.3,5.6,6.8,10.3,16.2,19.3,23.2,25.4,19.3,10.9,10.0,5.2,,,,,,,,,,,,
17124,TR,ESK,LTBI,Eskisehir,39.7833,30.5667,785,2011,1.1,1.2,4.9,8.2,13.5,17.9,22.9,21.1,18.4,9.5,1.5,1.8,,,,,,,,,,,,
17124,TR,ESK,LTBI,Eskisehir,39.7833,30.5667,785,2012,-2.6,-4.3,2.8,12.7,15.2,21.0,23.9,21.6,19.2,14.9,8.0,2.8,,,,,,,,,,,,
17124,TR,ESK,LTBI,Eskisehir,39.7833,30.5667,785,2013,2.5,5.3,7.1,11.0,17.5,19.8,21.6,22.6,16.6,9.9,7.1,-2.0,,,,,,,,,,,22.0,
17124,TR,ESK,LTBI,Eskisehir,39.7833,30.5667,785,2014,3.0,4.4,6.8,11.8,15.2,18.7,22.9,23.2,17.3,12.2,6.5,5.0,14.0,2.0,,37.0,34.0,56.0,2.0,49.0,62.0,37.0,24.0,70.0
17124,TR,ESK,LTBI,Eskisehir,39.7833,30.5667,785,2015,-0.9,2.8,5.9,8.1,15.9,17.0,21.7,22.5,21.0,13.2,7.7,-0.7,30.0,45.0,42.0,28.0,52.0,115.0,0.0,39.0,21.0,40.0,8.0,2.0
17124,TR,ESK,LTBI,Eskisehir,39.7833,30.5667,785,2016,-0.1,6.7,7.4,12.9,14.1,20.7,22.5,22.7,17.7,12.1,5.3,-1.3,72.0,28.0,43.0,39.0,54.0,14.0,3.0,38.0,26.0,4.0,24.0,29.0
17124,TR,ESK,LTBI,Eskisehir,39.7833,30.5667,785,2017,-2.2,2.0,7.6,9.6,14.3,18.8,22.6,21.7,19.4,10.5,5.5,3.6,32.0,10.0,24.0,54.0,72.0,35.0,19.0,28.0,13.0,42.0,26.0,30.0
17124,TR,ESK,LTBI,Eskisehir,39.7833,30.5667,785,2018,1.3,5.7,9.1,13.7,16.5,19.5,22.0,22.8,18.3,13.0,7.2,2.0,32.0,35.0,47.0,9.0,61.0,49.0,47.0,2.0,3.0,8.0,7.0,19.0
17124,TR,ESK,LTBI,Eskisehir,39.7833,30.5667,785,2019,1.3,3.2,6.3,9.4,16.0,20.5,21.0,22.1,18.1,13.8,8.2,2.5,25.0,35.0,10.0,47.0,75.0,31.0,23.0,2.0,5.0,9.0,31.0,59.0
17124,TR,ESK,LTBI,Eskisehir,39.7833,30.5667,785,2020,-0.6,3.2,7.3,9.9,15.0,18.3,22.3,22.4,20.6,14.8,4.6,4.5,42.0,37.0,19.0,22.0,36.0,163.0,3.0,0.0,1.0,109.0,1.0,12.0
17124,TR,ESK,LTBI,Eskisehir,39.7833,30.5667,785,2021,2.1,3.3,3.6,10.2,16.3,17.2,22.7,22.8,16.4,10.9,7.5,3.5,67.0,4.0,47.0,47.0,20.0,88.0,6.0,0.0,50.0,17.0,68.0,21.0
17124,TR,ESK,LTBI,Eskisehir,39.7833,30.5667,785,2022,-1.0,2.5,0.7,11.8,15.3,19.3,21.2,22.6,17.9,11.6,8.0,4.8,19.0,30.0,19.0,10.0,31.0,74.0,10.0,35.0,4.0,24.0,14.0,18.0
17124,TR,ESK,LTBI,Eskisehir,39.7833,30.5667,785,2023,2.4,1.4,6.7,9.7,13.6,18.5,22.3,24.6,18.9,13.7,9.0,5.1,16.0,10.0,103.0,35.0,63.0,40.0,7.0,3.0,57.0,1.0,82.0,32.0
17124,TR,ESK,LTBI,Eskisehir,39.7833,30.5667,785,2024,2.4,5.2,7.4,14.8,14.3,23.1,24.1,23.1,19.3,12.0,5.8,3.8,56.0,5.0,24.0,8.0,32.0,11.0,19.0,0.2,24.0,0.4,21.0,47.0
17124,TR,ESK,LTBI,Eskisehir,39.7833,30.5667,785,2025,3.3,0.3,9.0,9.5,15.5,20.6,24.5,23.5,18.2,12.1,8.5,2.9,35.0,19.0,2.0,45.0,17.0,0.6,3.0,1.0,5.0,53.0,25.0,17.0
17124,TR,ESK,LTBI,Eskisehir,39.7833,30.5667,785,2026,1.9,5.4,5.5,,,,,,,,,,50.0,60.0,13.0,,,,,,,,,
