date,model,actual,predicted,residual
2011-01-01,ARIMA,-0.3838237605370712,1.2834784403835013,-1.6673022009205725
2011-02-01,ARIMA,-0.0392791629397593,1.225490836687374,-1.2647699996271333
2011-03-01,ARIMA,-1.2966789260680356,1.3656562080420154,-2.6623351341100507
2011-04-01,ARIMA,-0.4799684402081471,1.584186558627579,-2.064154998835726
2011-05-01,ARIMA,0.1091795676130551,1.5967358320341714,-1.4875562644211162
2011-06-01,ARIMA,0.1480542849045985,1.5118205311730575,-1.363766246268459
2011-07-01,ARIMA,-0.7308549310783726,1.4130980575400232,-2.1439529886183957
2011-08-01,ARIMA,-1.2123120541299746,1.4157410049439791,-2.6280530590739537
2011-09-01,ARIMA,1.3726423679935384,1.4637267061997712,-0.09108433820623274
2011-10-01,ARIMA,1.5160030641892452,1.5075220964880036,0.008480967701241626
2011-11-01,ARIMA,1.078586704312794,1.5016311378244147,-0.4230444335116208
2011-12-01,ARIMA,0.9706263438742826,1.4757406434425353,-0.5051142995682527
2012-01-01,ARIMA,0.0890680352615545,1.4567741107152656,-1.3677060754537111
2012-02-01,ARIMA,1.4489190463297748,1.4619635716819035,-0.013044525352128744
2012-03-01,ARIMA,0.5612227862329388,1.475458024586812,-0.9142352383538733
2012-04-01,ARIMA,0.866440983049311,1.4834114759865369,-0.6169704929372258
2012-05-01,ARIMA,0.854839494174487,1.4797542567028348,-0.6249147625283478
2012-06-01,ARIMA,0.7748534093423389,1.4729166045861004,-0.6980631952437615
2012-07-01,ARIMA,0.217167817018862,1.4697283107162742,-1.2525604936974122
2012-08-01,ARIMA,-1.4137293930652943,1.4720426619115412,-2.8857720549768358
2012-09-01,ARIMA,-0.8671099996212411,1.4754223252113379,-2.342532324832579
2012-10-01,ARIMA,-0.4534205290877376,1.4766160068653598,-1.9300365359530973
2012-11-01,ARIMA,-1.627874672524198,1.475244919967549,-3.1031195924917467
2012-12-01,ARIMA,0.0371663162033971,1.4736129069405153,-1.4364465907371182
2013-01-01,ARIMA,0.7376340912735829,1.4732163023589697,-0.7355822110853868
2013-02-01,ARIMA,1.5397569854220974,1.4739919637784715,0.06576502164362585
2013-03-01,ARIMA,1.2019874975561942,1.4747620028408694,-0.2727745052846753
2013-04-01,ARIMA,0.8711966253996639,1.474861829658454,-0.60366520425879
2013-05-01,ARIMA,-0.3746857033803491,1.4744381989414383,-1.8491239023217876
2013-06-01,ARIMA,-1.4085231279513688,1.4740836130118942,-2.882606740963263
2013-07-01,ARIMA,-1.6441819444219743,1.4740812917989123,-3.1182632362208866
2013-08-01,ARIMA,-0.8731383866642244,1.474306112814897,-2.3474444994791215
2013-09-01,ARIMA,-1.008992079838694,1.4744650266348682,-2.483457106473562
2013-10-01,ARIMA,0.5231104120282488,1.4744436107916943,-0.9513331987634455
2013-11-01,ARIMA,1.0229170695575294,1.4743272057823513,-0.45141013622482196
2013-12-01,ARIMA,0.3929278908718745,1.4742582292227058,-1.0813303383508313
2014-01-01,ARIMA,-0.8513794886710679,1.4742794312615854,-2.3256589199326534
2014-02-01,ARIMA,-2.3283149793420264,1.4743383789031208,-3.802653358245147
2014-03-01,ARIMA,-1.7476173009949854,1.4743671295932728,-3.2219844305882583
2014-04-01,ARIMA,-0.1852527102664025,1.4743517610387278,-1.6596044713051303
2014-05-01,ARIMA,0.8738646751768997,1.4743225248686187,-0.600457849691719
2014-06-01,ARIMA,1.757684282370863,1.4743111927168948,0.2833730896539681
2014-07-01,ARIMA,1.3681814559710312,1.4743209856004191,-0.10613952962938789
2014-08-01,ARIMA,1.6166355086553788,1.4743351943064018,0.14230031434897694
2014-09-01,ARIMA,1.7501084713525223,1.47433928831843,0.27576918303409226
2014-10-01,ARIMA,1.594689180506042,1.4743334895701263,0.12035569093591558
2014-11-01,ARIMA,1.3422953096816472,1.4743267249866085,-0.13203141530496132
2014-12-01,ARIMA,0.6136136300481096,1.4743254713906673,-0.8607118413425576
2015-01-01,ARIMA,0.0670712455035288,1.47432874047619,-1.4072574949726613
2015-02-01,ARIMA,0.5666927289463877,1.4743318916937636,-0.9076391627473759
2015-03-01,ARIMA,0.2234297616966285,1.474332126623035,-1.2509023649264064
2015-04-01,ARIMA,0.3676335924191813,1.474330349751632,-1.1066967573324507
2015-05-01,ARIMA,0.428119246350778,1.4743289165804496,-1.0462096702296715
2015-06-01,ARIMA,1.3959877293032104,1.4743289886398214,-0.07834125933661107
2015-07-01,ARIMA,1.2152746923365818,1.4743299265352487,-0.25905523419866694
2015-08-01,ARIMA,1.2799466403740438,1.4743305605036874,-0.19438392012964356
2015-09-01,ARIMA,0.3624730451066977,1.4743304347464312,-1.1118573896397335
2015-10-01,ARIMA,1.2685954354263267,1.4743299519143862,-0.20573451648805952
2015-11-01,ARIMA,1.364936649908934,1.4743296808371218,-0.10939303092818786
2015-12-01,ARIMA,-0.0112213635257187,1.4743297852448873,-1.4855511487706061
2016-01-01,ARIMA,0.2435765700187981,1.4743300282929206,-1.2307534582741224
2016-02-01,ARIMA,0.0193910612763638,1.4743301391530228,-1.454939077876659
2016-03-01,ARIMA,1.3984887031108593,1.4743300682062688,-0.07584136509540951
2016-04-01,ARIMA,0.0164409961363803,1.4743299484137584,-1.4578889522773781
2016-05-01,ARIMA,0.7060519497442037,1.4743299058932486,-0.7682779561490449
2016-06-01,ARIMA,-1.0047755779839411,1.4743299495794358,-2.4791055275633767
2016-07-01,ARIMA,-0.2332364551830714,1.4743300074134245,-1.707566462596496
2016-08-01,ARIMA,-1.0826392322145226,1.474330022079274,-2.5569692542937967
2016-09-01,ARIMA,-1.879279590065428,1.4743299967674846,-3.3536095868329125
2016-10-01,ARIMA,-1.4583259390759808,1.474329969430822,-2.9326559085068027
2016-11-01,ARIMA,0.266205186261333,1.474329965393991,-1.208124779132658
2016-12-01,ARIMA,0.0939489105221451,1.474329979444151,-1.3803810689220057
2017-01-01,ARIMA,1.3321299381746916,1.4743299920767343,-0.1422000539020427
2017-02-01,ARIMA,0.636281402875642,1.4743299924815079,-0.8380485896058658
2017-03-01,ARIMA,0.8953182226892998,1.4743299849359381,-0.5790117622466383
2017-04-01,ARIMA,-0.5600991085287248,1.4743299792439546,-2.034429087772679
2017-05-01,ARIMA,-0.2576083732700706,1.474329979815383,-1.7319383530854537
2017-06-01,ARIMA,-0.4814535713516902,1.4743299837587698,-1.95578355511046
2017-07-01,ARIMA,-0.3422801598860199,1.4743299862482833,-1.8166101461343032
2017-08-01,ARIMA,-0.2127591449041512,1.4743299855993668,-1.687089130503518
2017-09-01,ARIMA,-0.5957074787725117,1.4743299835868982,-2.07003746235941
2017-10-01,ARIMA,-0.0413292945923516,1.4743299825378458,-1.5156592771301973
2017-11-01,ARIMA,-0.8060225828819969,1.4743299830288599,-2.2803525659108566
2017-12-01,ARIMA,-0.2572357294320204,1.47432998403382,-1.7315657134658404
2018-01-01,ARIMA,-1.019531045165152,1.474329984454181,-2.493861029619333
2018-02-01,ARIMA,-0.6653398208957805,1.4743299841342874,-2.139669805030068
2018-03-01,ARIMA,-0.110953935555007,1.4743299836427655,-1.5852839191977726
2018-04-01,ARIMA,-0.0175536731193334,1.4743299834866053,-1.4918836566059386
2018-05-01,ARIMA,-0.171404754037056,1.4743299836787385,-1.6457347377157945
2018-06-01,ARIMA,0.0780073535029484,1.4743299839142099,-1.3963226304112615
2018-07-01,ARIMA,1.399341463964041,1.4743299839649124,-0.07498852000087153
2018-08-01,ARIMA,1.485934284478261,1.4743299838554724,0.01160430062278861
2018-09-01,ARIMA,0.8241068344704259,1.4743299837450703,-0.6502231492746444
2018-10-01,ARIMA,-1.046377235861305,1.474329983733301,-2.5207072195946063
2018-11-01,ARIMA,-1.215933489939498,1.4743299837932726,-2.6902634737327706
2018-12-01,ARIMA,-1.3182374011718656,1.4743299838438382,-2.792567385015704
2019-01-01,ARIMA,-0.346683912088264,1.4743299838431227,-1.8210138959313866
2019-02-01,ARIMA,-0.1963244360295129,1.4743299838112498,-1.6706544198407627
2019-03-01,ARIMA,-0.4457862781387181,1.474329983788699,-1.920116261927417
2019-04-01,ARIMA,-0.5256297930349586,1.4743299837921977,-1.9999597768271564
2019-05-01,ARIMA,-0.2210180677080246,1.474329983808706,-1.6953480515167307
2019-06-01,ARIMA,0.3092159962475173,1.474329983818446,-1.1651139875709289
2019-07-01,ARIMA,0.3062479124241513,1.4743299838152344,-1.168082071391083
2019-08-01,ARIMA,0.4152084911681894,1.4743299838068775,-1.059121492638688
2019-09-01,ARIMA,0.2612563113920149,1.4743299838028403,-1.2130736724108253
2019-10-01,ARIMA,-0.12208958198401,1.4743299838051105,-1.5964195657891205
2019-11-01,ARIMA,-0.7765205395093253,1.4743299838092518,-2.250850523318577
2019-12-01,ARIMA,-0.7430437838424095,1.4743299838108317,-2.2173737676532412
2020-01-01,ARIMA,-1.2149503649314095,1.474329983809403,-2.6892803487408123
2020-02-01,ARIMA,-0.757270566639523,1.4743299838073927,-2.231600550446916
2020-03-01,ARIMA,-0.5825077261519339,1.4743299838068284,-2.0568377099587623
2020-04-01,ARIMA,-0.224698027516934,1.474329983807668,-1.699028011324602
2020-05-01,ARIMA,0.2194067873881174,1.4743299838086237,-1.2549231964205063
2020-06-01,ARIMA,1.262710432654147,1.4743299838087924,-0.21161955115464548
2020-07-01,ARIMA,1.2890188369891828,1.4743299838083215,-0.18531114681913863
2020-08-01,ARIMA,0.9584668724174624,1.4743299838078772,-0.5158631113904147
2020-09-01,ARIMA,-2.365179153211033,1.4743299838078487,-3.839509137018882
2020-10-01,ARIMA,-1.7159754500717457,1.4743299838081037,-3.1903054338798493
2020-11-01,ARIMA,-1.815784601170705,1.4743299838083053,-3.29011458497901
2020-12-01,ARIMA,-2.400519248629633,1.4743299838082926,-3.8748492324379256
2021-01-01,ARIMA,-0.1252562320636342,1.4743299838081585,-1.5995862158717926
2021-02-01,ARIMA,0.663590617990728,1.4743299838080695,-0.8107393658173414
2021-03-01,ARIMA,1.3819593370075631,1.4743299838080886,-0.09237064680052542
2021-04-01,ARIMA,1.2897982410084174,1.4743299838081574,-0.18453174279973994
2021-05-01,ARIMA,1.0760253823212216,1.4743299838081954,-0.3983046014869738
2021-06-01,ARIMA,1.0727757690487338,1.47432998380818,-0.4015542147594462
2021-07-01,ARIMA,-0.04978320544199,1.4743299838081454,-1.5241131892501354
2021-08-01,ARIMA,0.4847570730665173,1.47432998380813,-0.9895729107416128
2021-09-01,ARIMA,-1.5060821491541752,1.4743299838081405,-2.9804121329623157
2021-10-01,ARIMA,0.0638407409664937,1.4743299838081576,-1.410489242841664
2021-11-01,ARIMA,-0.0372891205253501,1.4743299838081634,-1.5116191043335134
2021-12-01,ARIMA,-0.121135611803192,1.4743299838081572,-1.5954655956113493
2022-01-01,ARIMA,-0.9805196461479568,1.474329983808149,-2.454849629956106
2022-02-01,ARIMA,-0.0505389891505989,1.474329983808147,-1.524868972958746
2022-03-01,ARIMA,0.0162338025034232,1.4743299838081505,-1.4580961813047273
2022-04-01,ARIMA,0.6072421433267468,1.4743299838081543,-0.8670878404814075
2022-05-01,ARIMA,-1.2569854600137265,1.4743299838081547,-2.731315443821881
2022-06-01,ARIMA,-0.6294488841200476,1.4743299838081527,-2.1037788679282006
2022-07-01,ARIMA,0.3159760488219946,1.474329983808151,-1.1583539349861565
2022-08-01,ARIMA,1.2663565500339478,1.474329983808151,-0.2079734337742032
2022-09-01,ARIMA,1.075313255581576,1.474329983808152,-0.39901672822657597
2022-10-01,ARIMA,-1.1157540922414406,1.474329983808153,-2.5900840760495933
2022-11-01,ARIMA,-1.5483193765772936,1.474329983808153,-3.0226493603854463
2022-12-01,ARIMA,-1.5765392547418278,1.4743299838081523,-3.0508692385499803
2023-01-01,ARIMA,-0.6383611633299321,1.4743299838081518,-2.112691147138084
2023-02-01,ARIMA,-0.861947683912365,1.4743299838081518,-2.336277667720517
2023-03-01,ARIMA,-0.4227957299013901,1.474329983808152,-1.897125713709542
2023-04-01,ARIMA,0.6448212909894687,1.4743299838081523,-0.8295086928186836
2023-05-01,ARIMA,1.8698039659974055,1.4743299838081523,0.3954739821892532
2023-06-01,ARIMA,1.90712919649707,1.474329983808152,0.43279921268891797
2023-07-01,ARIMA,1.38242120245666,1.474329983808152,-0.09190878135149205
2023-08-01,ARIMA,-0.2608169652484696,1.474329983808152,-1.7351469490566216
2023-09-01,ARIMA,-0.9252430127168404,1.474329983808152,-2.3995729965249923
2023-10-01,ARIMA,-0.8011231718785623,1.474329983808152,-2.2754531556867144
2023-11-01,ARIMA,0.995869674289368,1.474329983808152,-0.47846030951878404
2023-12-01,ARIMA,0.85245593504566,1.474329983808152,-0.6218740487624921
2024-01-01,ARIMA,1.2442780567954244,1.474329983808152,-0.2300519270127277
2024-02-01,ARIMA,-0.336920897861512,1.474329983808152,-1.8112508816696642
2024-03-01,ARIMA,-0.0125414606815436,1.474329983808152,-1.4868714444896955
2024-04-01,ARIMA,-0.7547926746046282,1.474329983808152,-2.22912265841278
2024-05-01,ARIMA,-0.074616850790369,1.474329983808152,-1.5489468345985211
2024-06-01,ARIMA,-1.4668124199125827,1.474329983808152,-2.9411424037207348
2024-07-01,ARIMA,-1.2191710631920631,1.474329983808152,-2.693501047000215
2024-08-01,ARIMA,-1.8292231211022745,1.474329983808152,-3.3035531049104265
2024-09-01,ARIMA,-0.2986447516800291,1.474329983808152,-1.772974735488181
2024-10-01,ARIMA,-1.4445846655933807,1.474329983808152,-2.9189146494015326
2024-11-01,ARIMA,-0.7008042300676067,1.474329983808152,-2.175134213875759
2024-12-01,ARIMA,0.3074561121036114,1.474329983808152,-1.1668738717045406
2025-01-01,ARIMA,0.4680949742011883,1.474329983808152,-1.0062350096069639
2025-02-01,ARIMA,0.2434390114551613,1.474329983808152,-1.2308909723529908
2025-03-01,ARIMA,-0.8389230627553863,1.474329983808152,-2.3132530465635384
2025-04-01,ARIMA,-0.8659361090689636,1.474329983808152,-2.3402660928771155
2025-05-01,ARIMA,-0.7343012227153031,1.474329983808152,-2.2086312065234552
2025-06-01,ARIMA,-0.6120136483711053,1.474329983808152,-2.0863436321792572
2025-07-01,ARIMA,-1.3790166149897003,1.474329983808152,-2.8533465987978524
2025-08-01,ARIMA,-2.230990582288184,1.474329983808152,-3.7053205660963364
2025-09-01,ARIMA,-1.3613989487176978,1.474329983808152,-2.83572893252585
2025-10-01,ARIMA,1.0913333332096051,1.474329983808152,-0.38299665059854693
2025-11-01,ARIMA,0.9462905521668462,1.474329983808152,-0.5280394316413058
2025-12-01,ARIMA,0.2560788916891226,1.474329983808152,-1.2182510921190295
2011-01-01,SARIMA,-0.3838237605370712,1.1562134101754973,-1.5400371707125684
2011-02-01,SARIMA,-0.0392791629397593,0.7720674469426108,-0.8113466098823701
2011-03-01,SARIMA,-1.2966789260680356,0.49522711621277987,-1.7919060422808155
2011-04-01,SARIMA,-0.4799684402081471,0.30388532044270844,-0.7838537606508555
2011-05-01,SARIMA,0.1091795676130551,0.12850256089807172,-0.019322993285016618
2011-06-01,SARIMA,0.1480542849045985,0.14407825994009127,0.003976024964507219
2011-07-01,SARIMA,-0.7308549310783726,0.11281820217094804,-0.8436731332493207
2011-08-01,SARIMA,-1.2123120541299746,0.082385499224231,-1.2946975533542056
2011-09-01,SARIMA,1.3726423679935384,0.03851496160463795,1.3341274063889006
2011-10-01,SARIMA,1.5160030641892452,0.08040347878770215,1.435599585401543
2011-11-01,SARIMA,1.078586704312794,0.08180801074180155,0.9967786935709924
2011-12-01,SARIMA,0.9706263438742826,0.06884741778694528,0.9017789260873373
2012-01-01,SARIMA,0.0890680352615545,0.04042991081299378,0.04863812444856072
2012-02-01,SARIMA,1.4489190463297748,0.022299492853972078,1.4266195534758026
2012-03-01,SARIMA,0.5612227862329388,0.0072976616588100885,0.5539251245741287
2012-04-01,SARIMA,0.866440983049311,-0.003884157362737041,0.8703251404120481
2012-05-01,SARIMA,0.854839494174487,-0.016642057000731268,0.8714815511752183
2012-06-01,SARIMA,0.7748534093423389,-0.011467786568745909,0.7863211959110848
2012-07-01,SARIMA,0.217167817018862,-0.012496420215028486,0.22966423723389048
2012-08-01,SARIMA,-1.4137293930652943,-0.014261789502164111,-1.3994676035631302
2012-09-01,SARIMA,-0.8671099996212411,-0.017954811699624717,-0.8491551879216164
2012-10-01,SARIMA,-0.4534205290877376,-0.013001539362293254,-0.44041898972544435
2012-11-01,SARIMA,-1.627874672524198,-0.01249442172459957,-1.6153802507995985
2012-12-01,SARIMA,0.0371663162033971,-0.013623031577797448,0.05078934778119455
2013-01-01,SARIMA,0.7376340912735829,-0.016453134779518205,0.7540872260531011
2013-02-01,SARIMA,1.5397569854220974,-0.018259470415751478,1.5580164558378489
2013-03-01,SARIMA,1.2019874975561942,-0.019771864247183246,1.2217593618033775
2013-04-01,SARIMA,0.8711966253996639,-0.020905644380582056,0.892102269780246
2013-05-01,SARIMA,-0.3746857033803491,-0.022217818381747547,-0.3524678849986016
2013-06-01,SARIMA,-1.4085231279513688,-0.021661580795851294,-1.3868615471555175
2013-07-01,SARIMA,-1.6441819444219743,-0.021759965347052514,-1.6224219790749217
2013-08-01,SARIMA,-0.8731383866642244,-0.02193886794083795,-0.8511995187233864
2013-09-01,SARIMA,-1.008992079838694,-0.022321688662684004,-0.98667039117601
2013-10-01,SARIMA,0.5231104120282488,-0.021800889458987758,0.5449113014872365
2013-11-01,SARIMA,1.0229170695575294,-0.021746321143173687,1.044663390700703
2013-12-01,SARIMA,0.3929278908718745,-0.021863506792770552,0.41479139766464507
2014-01-01,SARIMA,-0.8513794886710679,-0.0221591292771926,-0.8292203593938754
2014-02-01,SARIMA,-2.3283149793420264,-0.022347815805736446,-2.3059671635362897
2014-03-01,SARIMA,-1.7476173009949854,-0.02250587489010713,-1.7251114261048783
2014-04-01,SARIMA,-0.1852527102664025,-0.022624393258751666,-0.16262831700765085
2014-05-01,SARIMA,0.8738646751768997,-0.02276163919149133,0.896626314368391
2014-06-01,SARIMA,1.757684282370863,-0.022703358644184442,1.7803876410150474
2014-07-01,SARIMA,1.3681814559710312,-0.022713617904279212,1.3908950738753105
2014-08-01,SARIMA,1.6166355086553788,-0.022732318861811898,1.6393678275171906
2014-09-01,SARIMA,1.7501084713525223,-0.02277237230271849,1.7728808436552408
2014-10-01,SARIMA,1.594689180506042,-0.022717851907102668,1.6174070324131447
2014-11-01,SARIMA,1.3422953096816472,-0.022712134225056163,1.3650074439067035
2014-12-01,SARIMA,0.6136136300481096,-0.022724395833051303,0.636338025881161
2015-01-01,SARIMA,0.0670712455035288,-0.022755335379058474,0.08982658088258727
2015-02-01,SARIMA,0.5666927289463877,-0.02277508313066956,0.5894678120770572
2015-03-01,SARIMA,0.2234297616966285,-0.02279162576318194,0.24622138745981045
2015-04-01,SARIMA,0.3676335924191813,-0.022804030137773393,0.3904376225569547
2015-05-01,SARIMA,0.428119246350778,-0.02281839490623987,0.4509376412570179
2015-06-01,SARIMA,1.3959877293032104,-0.022812294586306816,1.418800023889517
2015-07-01,SARIMA,1.2152746923365818,-0.022813368236830212,1.238088060573412
2015-08-01,SARIMA,1.2799466403740438,-0.02281532551553605,1.30276196588958
2015-09-01,SARIMA,0.3624730451066977,-0.022819517738476132,0.3852925628451738
2015-10-01,SARIMA,1.2685954354263267,-0.02281381119417092,1.2914092466204976
2015-11-01,SARIMA,1.364936649908934,-0.02281321271418724,1.3877498626231213
2015-12-01,SARIMA,-0.0112213635257187,-0.022814496087775225,0.011593132562056525
2016-01-01,SARIMA,0.2435765700187981,-0.022817734437115985,0.26639430445591405
2016-02-01,SARIMA,0.0193910612763638,-0.022819801375010572,0.04221086265137437
2016-03-01,SARIMA,1.3984887031108593,-0.02282153284403174,1.421310235954891
2016-04-01,SARIMA,0.0164409961363803,-0.022822831174163127,0.039263827310543425
2016-05-01,SARIMA,0.7060519497442037,-0.022824334694430383,0.7288762844386341
2016-06-01,SARIMA,-1.0047755779839411,-0.022823696189216237,-0.9819518817947249
2016-07-01,SARIMA,-0.2332364551830714,-0.022823808564688883,-0.21041264661838252
2016-08-01,SARIMA,-1.0826392322145226,-0.022824013427401837,-1.0598152187871208
2016-09-01,SARIMA,-1.879279590065428,-0.0228244522159046,-1.8564551378495233
2016-10-01,SARIMA,-1.4583259390759808,-0.02282385492700375,-1.4355020841489772
2016-11-01,SARIMA,0.266205186261333,-0.022823792285598624,0.2890289785469316
2016-12-01,SARIMA,0.0939489105221451,-0.02282392661281384,0.11677283713495894
2017-01-01,SARIMA,1.3321299381746916,-0.022824265562138377,1.35495420373683
2017-02-01,SARIMA,0.636281402875642,-0.022824481902974474,0.6591058847786165
2017-03-01,SARIMA,0.8953182226892998,-0.022824663131190383,0.9181428858204902
2017-04-01,SARIMA,-0.5600991085287248,-0.02282479902392304,-0.5372743095048017
2017-05-01,SARIMA,-0.2576083732700706,-0.022824956393362513,-0.23478341687670806
2017-06-01,SARIMA,-0.4814535713516902,-0.022824889562724694,-0.4586286817889655
2017-07-01,SARIMA,-0.3422801598860199,-0.02282490132476223,-0.31945525856125767
2017-08-01,SARIMA,-0.2127591449041512,-0.02282492276719291,-0.1899342221369583
2017-09-01,SARIMA,-0.5957074787725117,-0.022824968694011172,-0.5728825100785006
2017-10-01,SARIMA,-0.0413292945923516,-0.022824906177378264,-0.018504388414973337
2017-11-01,SARIMA,-0.8060225828819969,-0.022824899620869445,-0.7831976832611275
2017-12-01,SARIMA,-0.2572357294320204,-0.02282491368053962,-0.23441081575148076
2018-01-01,SARIMA,-1.019531045165152,-0.02282494915745896,-0.9967060960076931
2018-02-01,SARIMA,-0.6653398208957805,-0.022824971801275712,-0.6425148490945047
2018-03-01,SARIMA,-0.110953935555007,-0.02282499076994843,-0.08812894478505857
2018-04-01,SARIMA,-0.0175536731193334,-0.022825004993477362,0.005271331874143963
2018-05-01,SARIMA,-0.171404754037056,-0.02282502146491579,-0.1485797325721402
2018-06-01,SARIMA,0.0780073535029484,-0.022825014469931605,0.10083236797288
2018-07-01,SARIMA,1.399341463964041,-0.022825015701032614,1.4221664796650735
2018-08-01,SARIMA,1.485934284478261,-0.022825017945354496,1.5087593024236154
2018-09-01,SARIMA,0.8241068344704259,-0.02282502275239176,0.8469318572228176
2018-10-01,SARIMA,-1.046377235861305,-0.02282501620894295,-1.023552219652362
2018-11-01,SARIMA,-1.215933489939498,-0.0228250155226907,-1.1931084744168072
2018-12-01,SARIMA,-1.3182374011718656,-0.022825016994278784,-1.2954123841775869
2019-01-01,SARIMA,-0.346683912088264,-0.022825020707553073,-0.3238588913807109
2019-02-01,SARIMA,-0.1963244360295129,-0.022825023077620826,-0.17349941295189208
2019-03-01,SARIMA,-0.4457862781387181,-0.02282502506302108,-0.422961253075697
2019-04-01,SARIMA,-0.5256297930349586,-0.022825026551759824,-0.5028047664831988
2019-05-01,SARIMA,-0.2210180677080246,-0.022825028275781242,-0.19819303943224337
2019-06-01,SARIMA,0.3092159962475173,-0.02282502754363495,0.33204102379115225
2019-07-01,SARIMA,0.3062479124241513,-0.022825027672491,0.3290729400966423
2019-08-01,SARIMA,0.4152084911681894,-0.02282502790739817,0.4380335190755876
2019-09-01,SARIMA,0.2612563113920149,-0.02282502841053791,0.2840813398025528
2019-10-01,SARIMA,-0.12208958198401,-0.02282502772565262,-0.09926455425835738
2019-11-01,SARIMA,-0.7765205395093253,-0.02282502765382443,-0.7536955118555009
2019-12-01,SARIMA,-0.7430437838424095,-0.02282502780785162,-0.7202187560345579
2020-01-01,SARIMA,-1.2149503649314095,-0.02282502819651011,-1.1921253367348994
2020-02-01,SARIMA,-0.757270566639523,-0.022825028444578767,-0.7344455381949442
2020-03-01,SARIMA,-0.5825077261519339,-0.022825028652385303,-0.5596826974995486
2020-04-01,SARIMA,-0.224698027516934,-0.022825028808207606,-0.20187299870872638
2020-05-01,SARIMA,0.2194067873881174,-0.022825028988656317,0.2422318163767737
2020-06-01,SARIMA,1.262710432654147,-0.022825028912024523,1.2855354615661714
2020-07-01,SARIMA,1.2890188369891828,-0.02282502892551154,1.3118438659146945
2020-08-01,SARIMA,0.9584668724174624,-0.022825028950098646,0.9812919013675611
2020-09-01,SARIMA,-2.365179153211033,-0.022825029002760937,-2.3423541242082724
2020-10-01,SARIMA,-1.7159754500717457,-0.022825028931075825,-1.6931504211406698
2020-11-01,SARIMA,-1.815784601170705,-0.02282502892355776,-1.7929595722471472
2020-12-01,SARIMA,-2.400519248629633,-0.022825028939679373,-2.3776942196899538
2021-01-01,SARIMA,-0.1252562320636342,-0.022825028980359218,-0.10243120308327498
2021-02-01,SARIMA,0.663590617990728,-0.0228250290063239,0.6864156469970519
2021-03-01,SARIMA,1.3819593370075631,-0.022825029028074456,1.4047843660356376
2021-04-01,SARIMA,1.2897982410084174,-0.02282502904438396,1.3126232700528013
2021-05-01,SARIMA,1.0760253823212216,-0.02282502906327104,1.0988504113844926
2021-06-01,SARIMA,1.0727757690487338,-0.022825029055250197,1.0956007981039841
2021-07-01,SARIMA,-0.04978320544199,-0.022825029056661846,-0.02695817638532815
2021-08-01,SARIMA,0.4847570730665173,-0.02282502905923531,0.5075821021257526
2021-09-01,SARIMA,-1.5060821491541752,-0.022825029064747333,-1.4832571200894278
2021-10-01,SARIMA,0.0638407409664937,-0.022825029057244244,0.08666577002373795
2021-11-01,SARIMA,-0.0372891205253501,-0.02282502905645735,-0.01446409146889275
2021-12-01,SARIMA,-0.121135611803192,-0.022825029058144757,-0.09831058274504725
2022-01-01,SARIMA,-0.9805196461479568,-0.022825029062402608,-0.9576946170855543
2022-02-01,SARIMA,-0.0505389891505989,-0.02282502906512026,-0.02771396008547864
2022-03-01,SARIMA,0.0162338025034232,-0.02282502906739683,0.03905883157082003
2022-04-01,SARIMA,0.6072421433267468,-0.022825029069103903,0.6300671723958506
2022-05-01,SARIMA,-1.2569854600137265,-0.022825029071080763,-1.2341604309426457
2022-06-01,SARIMA,-0.6294488841200476,-0.022825029070241244,-0.6066238550498064
2022-07-01,SARIMA,0.3159760488219946,-0.022825029070388997,0.33880107789238356
2022-08-01,SARIMA,1.2663565500339478,-0.022825029070658354,1.2891815791046062
2022-09-01,SARIMA,1.075313255581576,-0.02282502907123528,1.0981382846528114
2022-10-01,SARIMA,-1.1157540922414406,-0.022825029070449955,-1.0929290631709907
2022-11-01,SARIMA,-1.5483193765772936,-0.022825029070367594,-1.525494347506926
2022-12-01,SARIMA,-1.5765392547418278,-0.02282502907054421,-1.5537142256712835
2023-01-01,SARIMA,-0.6383611633299321,-0.022825029070989867,-0.6155361342589423
2023-02-01,SARIMA,-0.861947683912365,-0.022825029071274316,-0.8391226548410906
2023-03-01,SARIMA,-0.4227957299013901,-0.022825029071512598,-0.3999707008298775
2023-04-01,SARIMA,0.6448212909894687,-0.02282502907169127,0.66764632006116
2023-05-01,SARIMA,1.8698039659974055,-0.022825029071898185,1.8926289950693036
2023-06-01,SARIMA,1.90712919649707,-0.022825029071810315,1.9299542255688804
2023-07-01,SARIMA,1.38242120245666,-0.022825029071825778,1.4052462315284857
2023-08-01,SARIMA,-0.2608169652484696,-0.02282502907185397,-0.23799193617661563
2023-09-01,SARIMA,-0.9252430127168404,-0.022825029071914357,-0.9024179836449261
2023-10-01,SARIMA,-0.8011231718785623,-0.02282502907183216,-0.7782981428067302
2023-11-01,SARIMA,0.995869674289368,-0.022825029071823537,1.0186947033611915
2023-12-01,SARIMA,0.85245593504566,-0.022825029071842022,0.875280964117502
2024-01-01,SARIMA,1.2442780567954244,-0.02282502907188867,1.2671030858673131
2024-02-01,SARIMA,-0.336920897861512,-0.02282502907191844,-0.3140958687895936
2024-03-01,SARIMA,-0.0125414606815436,-0.022825029071943382,0.010283568390399782
2024-04-01,SARIMA,-0.7547926746046282,-0.022825029071962082,-0.7319676455326661
2024-05-01,SARIMA,-0.074616850790369,-0.02282502907198374,-0.05179182171838527
2024-06-01,SARIMA,-1.4668124199125827,-0.02282502907197454,-1.4439873908406082
2024-07-01,SARIMA,-1.2191710631920631,-0.02282502907197616,-1.1963460341200869
2024-08-01,SARIMA,-1.8292231211022745,-0.022825029071979114,-1.8063980920302953
2024-09-01,SARIMA,-0.2986447516800291,-0.022825029071985435,-0.27581972260804366
2024-10-01,SARIMA,-1.4445846655933807,-0.02282502907197683,-1.4217596365214038
2024-11-01,SARIMA,-0.7008042300676067,-0.02282502907197593,-0.6779792009956308
2024-12-01,SARIMA,0.3074561121036114,-0.022825029071977865,0.33028114117558927
2025-01-01,SARIMA,0.4680949742011883,-0.022825029071982746,0.49092000327317104
2025-02-01,SARIMA,0.2434390114551613,-0.022825029071985862,0.2662640405271472
2025-03-01,SARIMA,-0.8389230627553863,-0.02282502907198847,-0.8160980336833978
2025-04-01,SARIMA,-0.8659361090689636,-0.022825029071990428,-0.8431110799969731
2025-05-01,SARIMA,-0.7343012227153031,-0.022825029071992693,-0.7114761936433104
2025-06-01,SARIMA,-0.6120136483711053,-0.022825029071991732,-0.5891886192991136
2025-07-01,SARIMA,-1.3790166149897003,-0.022825029071991902,-1.3561915859177085
2025-08-01,SARIMA,-2.230990582288184,-0.02282502907199221,-2.208165553216192
2025-09-01,SARIMA,-1.3613989487176978,-0.022825029071992874,-1.338573919645705
2025-10-01,SARIMA,1.0913333332096051,-0.02282502907199197,1.1141583622815971
2025-11-01,SARIMA,0.9462905521668462,-0.022825029071991878,0.9691155812388381
2025-12-01,SARIMA,0.2560788916891226,-0.02282502907199208,0.2789039207611147
2011-01-01,XGBoost,-0.3838237605370712,-0.32047009468078613,-0.06335366585628505
2011-02-01,XGBoost,-0.0392791629397593,0.0006783565040677786,-0.039957519443827076
2011-03-01,XGBoost,-1.2966789260680356,-1.0390583276748657,-0.25762059839316986
2011-04-01,XGBoost,-0.4799684402081471,-0.4010731875896454,-0.07889525261850172
2011-05-01,XGBoost,0.1091795676130551,0.1942129135131836,-0.0850333459001285
2011-06-01,XGBoost,0.1480542849045985,0.1612638235092163,-0.013209538604617821
2011-07-01,XGBoost,-0.7308549310783726,-0.6020841598510742,-0.1287707712272984
2011-08-01,XGBoost,-1.2123120541299746,-1.1796118021011353,-0.032700252028839305
2011-09-01,XGBoost,1.3726423679935384,1.3091667890548706,0.06347557893866784
2011-10-01,XGBoost,1.5160030641892452,1.2337002754211426,0.28230278876810266
2011-11-01,XGBoost,1.078586704312794,1.0529783964157104,0.02560830789708346
2011-12-01,XGBoost,0.9706263438742826,0.9811072945594788,-0.010480950685196166
2012-01-01,XGBoost,0.0890680352615545,0.1334221363067627,-0.04435410104520819
2012-02-01,XGBoost,1.4489190463297748,1.6079353094100952,-0.15901626308032046
2012-03-01,XGBoost,0.5612227862329388,0.512708842754364,0.04851394347857474
2012-04-01,XGBoost,0.866440983049311,1.0661158561706543,-0.19967487312134324
2012-05-01,XGBoost,0.854839494174487,1.1204843521118164,-0.2656448579373294
2012-06-01,XGBoost,0.7748534093423389,1.1972548961639404,-0.4224014868216015
2012-07-01,XGBoost,0.217167817018862,0.17645977437496185,0.040708042643900155
2012-08-01,XGBoost,-1.4137293930652943,-1.1310756206512451,-0.2826537724140492
2012-09-01,XGBoost,-0.8671099996212411,-0.765654981136322,-0.10145501848491911
2012-10-01,XGBoost,-0.4534205290877376,-0.5518375039100647,0.09841697482232709
2012-11-01,XGBoost,-1.627874672524198,-1.670376181602478,0.0425015090782801
2012-12-01,XGBoost,0.0371663162033971,0.07717312127351761,-0.040006805070120506
2013-01-01,XGBoost,0.7376340912735829,0.8308939337730408,-0.09325984249945785
2013-02-01,XGBoost,1.5397569854220974,1.3870933055877686,0.15266367983432882
2013-03-01,XGBoost,1.2019874975561942,1.078194499015808,0.12379299854038606
2013-04-01,XGBoost,0.8711966253996639,0.9967726469039917,-0.12557602150432778
2013-05-01,XGBoost,-0.3746857033803491,-0.49100640416145325,0.11632070078110412
2013-06-01,XGBoost,-1.4085231279513688,-1.3290053606033325,-0.07951776734803628
2013-07-01,XGBoost,-1.6441819444219743,-1.7982628345489502,0.1540808901269759
2013-08-01,XGBoost,-0.8731383866642244,-0.7496919631958008,-0.1234464234684236
2013-09-01,XGBoost,-1.008992079838694,-1.1797008514404297,0.1707087716017357
2013-10-01,XGBoost,0.5231104120282488,0.5697066783905029,-0.04659626636225411
2013-11-01,XGBoost,1.0229170695575294,0.7880340814590454,0.23488298809848396
2013-12-01,XGBoost,0.3929278908718745,0.5491552352905273,-0.15622734441865282
2014-01-01,XGBoost,-0.8513794886710679,-0.9770141839981079,0.12563469532703997
2014-02-01,XGBoost,-2.3283149793420264,-1.8226523399353027,-0.5056626394067236
2014-03-01,XGBoost,-1.7476173009949854,-1.5801289081573486,-0.16748839283763672
2014-04-01,XGBoost,-0.1852527102664025,-0.27694499492645264,0.09169228466005014
2014-05-01,XGBoost,0.8738646751768997,0.5996308922767639,0.2742337829001358
2014-06-01,XGBoost,1.757684282370863,1.4546345472335815,0.3030497351372814
2014-07-01,XGBoost,1.3681814559710312,1.0745724439620972,0.2936090120089341
2014-08-01,XGBoost,1.6166355086553788,1.4675408601760864,0.14909464847929232
2014-09-01,XGBoost,1.7501084713525223,1.6308767795562744,0.11923169179624793
2014-10-01,XGBoost,1.594689180506042,1.70383620262146,-0.10914702211541805
2014-11-01,XGBoost,1.3422953096816472,1.5039000511169434,-0.16160474143529613
2014-12-01,XGBoost,0.6136136300481096,0.4164874851703644,0.19712614487774527
2015-01-01,XGBoost,0.0670712455035288,0.5295088291168213,-0.46243758361329246
2015-02-01,XGBoost,0.5666927289463877,0.9423317909240723,-0.3756390619776846
2015-03-01,XGBoost,0.2234297616966285,0.16463500261306763,0.05879475908356088
2015-04-01,XGBoost,0.3676335924191813,0.39560458064079285,-0.027970988221611537
2015-05-01,XGBoost,0.428119246350778,0.36490538716316223,0.0632138591876158
2015-06-01,XGBoost,1.3959877293032104,1.124122142791748,0.2718655865114623
2015-07-01,XGBoost,1.2152746923365818,1.342829704284668,-0.12755501194808616
2015-08-01,XGBoost,1.2799466403740438,1.27811598777771,0.0018306525963338593
2015-09-01,XGBoost,0.3624730451066977,0.3535253703594208,0.008947674747276924
2015-10-01,XGBoost,1.2685954354263267,1.0983333587646484,0.17026207666167825
2015-11-01,XGBoost,1.364936649908934,1.351096272468567,0.013840377440367035
2015-12-01,XGBoost,-0.0112213635257187,-0.028168143704533577,0.016946780178814878
2016-01-01,XGBoost,0.2435765700187981,0.16422013938426971,0.07935643063452838
2016-02-01,XGBoost,0.0193910612763638,-0.04092353954911232,0.06031460082547612
2016-03-01,XGBoost,1.3984887031108593,1.5916218757629395,-0.1931331726520802
2016-04-01,XGBoost,0.0164409961363803,-0.23492999374866486,0.25137098988504514
2016-05-01,XGBoost,0.7060519497442037,0.8675636649131775,-0.16151171516897378
2016-06-01,XGBoost,-1.0047755779839411,-0.9459762573242188,-0.058799320659722376
2016-07-01,XGBoost,-0.2332364551830714,0.0958973690867424,-0.3291338242698138
2016-08-01,XGBoost,-1.0826392322145226,-1.0874314308166504,0.004792198602127762
2016-09-01,XGBoost,-1.879279590065428,-1.6907881498336792,-0.1884914402317488
2016-10-01,XGBoost,-1.4583259390759808,-1.1732722520828247,-0.28505368699315614
2016-11-01,XGBoost,0.266205186261333,0.027913864701986313,0.23829132155934668
2016-12-01,XGBoost,0.0939489105221451,0.11181259155273438,-0.017863681030589273
2017-01-01,XGBoost,1.3321299381746916,1.316064476966858,0.016065461207833698
2017-02-01,XGBoost,0.636281402875642,0.5888327956199646,0.047448607255677455
2017-03-01,XGBoost,0.8953182226892998,0.9297349452972412,-0.034416722607941375
2017-04-01,XGBoost,-0.5600991085287248,-0.6182283759117126,0.05812926738298785
2017-05-01,XGBoost,-0.2576083732700706,-0.14487038552761078,-0.1127379877424598
2017-06-01,XGBoost,-0.4814535713516902,-0.38232332468032837,-0.09913024667136183
2017-07-01,XGBoost,-0.3422801598860199,-0.2931132912635803,-0.049166868622439575
2017-08-01,XGBoost,-0.2127591449041512,-0.17626573145389557,-0.03649341345025564
2017-09-01,XGBoost,-0.5957074787725117,-0.5685001015663147,-0.027207377206197036
2017-10-01,XGBoost,-0.0413292945923516,-0.07751281559467316,0.036183521002321556
2017-11-01,XGBoost,-0.8060225828819969,-0.9416821002960205,0.1356595174140236
2017-12-01,XGBoost,-0.2572357294320204,-0.16461694240570068,-0.0926187870263197
2018-01-01,XGBoost,-1.019531045165152,-1.1398428678512573,0.1203118226861053
2018-02-01,XGBoost,-0.6653398208957805,-0.6184329390525818,-0.04690688184319869
2018-03-01,XGBoost,-0.110953935555007,-0.17608073353767395,0.06512679798266695
2018-04-01,XGBoost,-0.0175536731193334,-0.06372629851102829,0.046172625391694894
2018-05-01,XGBoost,-0.171404754037056,-0.08713263273239136,-0.08427212130466463
2018-06-01,XGBoost,0.0780073535029484,0.07021012157201767,0.007797231930930737
2018-07-01,XGBoost,1.399341463964041,1.2409796714782715,0.15836179248576943
2018-08-01,XGBoost,1.485934284478261,1.3137202262878418,0.17221405819041924
2018-09-01,XGBoost,0.8241068344704259,0.814032256603241,0.010074577867184908
2018-10-01,XGBoost,-1.046377235861305,-1.1523582935333252,0.10598105767202015
2018-11-01,XGBoost,-1.215933489939498,-1.1252541542053223,-0.09067933573417575
2018-12-01,XGBoost,-1.3182374011718656,-1.3902490139007568,0.07201161272889123
2019-01-01,XGBoost,-0.346683912088264,-0.1697353571653366,-0.17694855492292738
2019-02-01,XGBoost,-0.1963244360295129,0.0871862918138504,-0.2835107278433633
2019-03-01,XGBoost,-0.4457862781387181,-0.41421782970428467,-0.031568448434433405
2019-04-01,XGBoost,-0.5256297930349586,-0.5782453417778015,0.05261554874284291
2019-05-01,XGBoost,-0.2210180677080246,-0.1779206395149231,-0.0430974281931015
2019-06-01,XGBoost,0.3092159962475173,0.3222847878932953,-0.01306879164577801
2019-07-01,XGBoost,0.3062479124241513,0.11183474957942963,0.19441316284472165
2019-08-01,XGBoost,0.4152084911681894,0.4058137834072113,0.009394707760978116
2019-09-01,XGBoost,0.2612563113920149,0.2672615647315979,-0.0060052533395830165
2019-10-01,XGBoost,-0.12208958198401,-0.0709138810634613,-0.0511757009205487
2019-11-01,XGBoost,-0.7765205395093253,-0.6261329054832458,-0.15038763402607946
2019-12-01,XGBoost,-0.7430437838424095,-0.8099745512008667,0.06693076735845715
2020-01-01,XGBoost,-1.2149503649314095,-1.155627727508545,-0.05932263742286459
2020-02-01,XGBoost,-0.757270566639523,-0.7239688634872437,-0.033301703152279316
2020-03-01,XGBoost,-0.5825077261519339,-0.5795416831970215,-0.002966042954912429
2020-04-01,XGBoost,-0.224698027516934,-0.10789170861244202,-0.11680631890449197
2020-05-01,XGBoost,0.2194067873881174,0.2845211327075958,-0.06511434531947843
2020-06-01,XGBoost,1.262710432654147,1.1556525230407715,0.10705790961337547
2020-07-01,XGBoost,1.2890188369891828,1.2016105651855469,0.08740827180363597
2020-08-01,XGBoost,0.9584668724174624,0.7950593829154968,0.1634074895019656
2020-09-01,XGBoost,-2.365179153211033,-2.2240467071533203,-0.1411324460577128
2020-10-01,XGBoost,-1.7159754500717457,-1.768681287765503,0.05270583769375725
2020-11-01,XGBoost,-1.815784601170705,-1.84164559841156,0.025860997240855
2020-12-01,XGBoost,-2.400519248629633,-2.028759717941284,-0.37175953068834877
2021-01-01,XGBoost,-0.1252562320636342,-0.2542131245136261,0.1289568924499919
2021-02-01,XGBoost,0.663590617990728,0.33890101313591003,0.324689604854818
2021-03-01,XGBoost,1.3819593370075631,1.0295393466949463,0.35241999031261684
2021-04-01,XGBoost,1.2897982410084174,1.05201256275177,0.23778567825664743
2021-05-01,XGBoost,1.0760253823212216,0.8855724334716797,0.1904529488495419
2021-06-01,XGBoost,1.0727757690487338,1.202231764793396,-0.12945599574466216
2021-07-01,XGBoost,-0.04978320544199,-0.21572628617286682,0.16594308073087682
2021-08-01,XGBoost,0.4847570730665173,0.42752182483673096,0.05723524822978632
2021-09-01,XGBoost,-1.5060821491541752,-0.9313965439796448,-0.5746856051745304
2021-10-01,XGBoost,0.0638407409664937,0.046491943299770355,0.017348797666723342
2021-11-01,XGBoost,-0.0372891205253501,-0.22166168689727783,0.18437256637192773
2021-12-01,XGBoost,-0.121135611803192,-0.10039601475000381,-0.02073959705318819
2022-01-01,XGBoost,-0.9805196461479568,-0.9240371584892273,-0.05648248765872954
2022-02-01,XGBoost,-0.0505389891505989,-0.09776505827903748,0.047226069128438575
2022-03-01,XGBoost,0.0162338025034232,-0.06127041578292847,0.07750421828635166
2022-04-01,XGBoost,0.6072421433267468,0.6554490327835083,-0.04820688945676155
2022-05-01,XGBoost,-1.2569854600137265,-1.3271069526672363,0.07012149265350986
2022-06-01,XGBoost,-0.6294488841200476,-0.8819900155067444,0.25254113138669676
2022-07-01,XGBoost,0.3159760488219946,0.32507526874542236,-0.00909921992342777
2022-08-01,XGBoost,1.2663565500339478,1.1282570362091064,0.1380995138248413
2022-09-01,XGBoost,1.075313255581576,1.0501244068145752,0.025188848767000893
2022-10-01,XGBoost,-1.1157540922414406,-0.9735228419303894,-0.14223125031105122
2022-11-01,XGBoost,-1.5483193765772936,-1.5128082036972046,-0.03551117288008898
2022-12-01,XGBoost,-1.5765392547418278,-1.807857632637024,0.23131837789519616
2023-01-01,XGBoost,-0.6383611633299321,-0.5865075588226318,-0.051853604507300255
2023-02-01,XGBoost,-0.861947683912365,-0.9524222612380981,0.09047457732573316
2023-03-01,XGBoost,-0.4227957299013901,-0.35430699586868286,-0.06848873403270722
2023-04-01,XGBoost,0.6448212909894687,0.563244104385376,0.08157718660409274
2023-05-01,XGBoost,1.8698039659974055,1.399694800376892,0.4701091656205134
2023-06-01,XGBoost,1.90712919649707,1.7772592306137085,0.12986996588336153
2023-07-01,XGBoost,1.38242120245666,1.5098705291748047,-0.12744932671814468
2023-08-01,XGBoost,-0.2608169652484696,-0.3919360041618347,0.13111903891336513
2023-09-01,XGBoost,-0.9252430127168404,-0.5520210862159729,-0.3732219265008675
2023-10-01,XGBoost,-0.8011231718785623,-0.6056349873542786,-0.19548818452428374
2023-11-01,XGBoost,0.995869674289368,0.8521474599838257,0.14372221430554233
2023-12-01,XGBoost,0.85245593504566,0.8932269811630249,-0.04077104611736493
2024-01-01,XGBoost,1.2442780567954244,1.2569360733032227,-0.012658016507798298
2024-02-01,XGBoost,-0.336920897861512,-0.059587571769952774,-0.27733332609155925
2024-03-01,XGBoost,-0.0125414606815436,0.09690666943788528,-0.10944813011942889
2024-04-01,XGBoost,-0.7547926746046282,-0.8291378617286682,0.07434518712404004
2024-05-01,XGBoost,-0.074616850790369,-0.19238968193531036,0.11777283114494136
2024-06-01,XGBoost,-1.4668124199125827,-1.3046140670776367,-0.162198352834946
2024-07-01,XGBoost,-1.2191710631920631,-1.0666638612747192,-0.1525072019173439
2024-08-01,XGBoost,-1.8292231211022745,-1.8424957990646362,0.013272677962361756
2024-09-01,XGBoost,-0.2986447516800291,-0.15249423682689667,-0.1461505148531324
2024-10-01,XGBoost,-1.4445846655933807,-1.3242793083190918,-0.12030535727428893
2024-11-01,XGBoost,-0.7008042300676067,-0.9598585963249207,0.25905436625731393
2024-12-01,XGBoost,0.3074561121036114,0.30436116456985474,0.0030949475337566645
2025-01-01,XGBoost,0.4680949742011883,0.3141542077064514,0.15394076649473687
2025-02-01,XGBoost,0.2434390114551613,0.17616015672683716,0.06727885472832415
2025-03-01,XGBoost,-0.8389230627553863,-0.7079163193702698,-0.13100674338511653
2025-04-01,XGBoost,-0.8659361090689636,-0.8908706307411194,0.02493452167215582
2025-05-01,XGBoost,-0.7343012227153031,-0.7255480885505676,-0.008753134164735443
2025-06-01,XGBoost,-0.6120136483711053,-0.6128761172294617,0.0008624688583563911
2025-07-01,XGBoost,-1.3790166149897003,-1.4292725324630737,0.050255917473373435
2025-08-01,XGBoost,-2.230990582288184,-1.763413906097412,-0.46757667619077203
2025-09-01,XGBoost,-1.3613989487176978,-1.3348488807678223,-0.026550067949875578
2025-10-01,XGBoost,1.0913333332096051,0.49557188153266907,0.5957614516769361
2025-11-01,XGBoost,0.9462905521668462,0.5703017711639404,0.3759887810029058
2025-12-01,XGBoost,0.2560788916891226,0.02845393866300583,0.2276249530261168
2011-01-01,LSTM,-0.3838237605370712,0.2917800843715668,-0.6756038449086379
2011-02-01,LSTM,-0.0392791629397593,-0.2764647901058197,0.2371856271660604
2011-03-01,LSTM,-1.2966789260680356,0.12452898174524307,-1.4212079078132787
2011-04-01,LSTM,-0.4799684402081471,-0.6114016771316528,0.13143323692350573
2011-05-01,LSTM,0.1091795676130551,-0.3702024817466736,0.47938204935972867
2011-06-01,LSTM,0.1480542849045985,0.4038715958595276,-0.2558173109549291
2011-07-01,LSTM,-0.7308549310783726,0.1476256400346756,-0.8784805711130482
2011-08-01,LSTM,-1.2123120541299746,-0.6269578337669373,-0.5853542203630373
2011-09-01,LSTM,1.3726423679935384,-0.6858149170875549,2.0584572850810936
2011-10-01,LSTM,1.5160030641892452,1.3328232765197754,0.18317978766946985
2011-11-01,LSTM,1.078586704312794,1.6314549446105957,-0.5528682402978018
2011-12-01,LSTM,0.9706263438742826,-0.2938731610774994,1.264499504951782
2012-01-01,LSTM,0.0890680352615545,0.8612566590309143,-0.7721886237693598
2012-02-01,LSTM,1.4489190463297748,0.6136854290962219,0.8352336172335528
2012-03-01,LSTM,0.5612227862329388,0.6371384859085083,-0.07591569967556955
2012-04-01,LSTM,0.866440983049311,0.5527089238166809,0.31373205923263014
2012-05-01,LSTM,0.854839494174487,0.4497750997543335,0.4050643944201535
2012-06-01,LSTM,0.7748534093423389,0.6531347036361694,0.1217187057061695
2012-07-01,LSTM,0.217167817018862,0.4960006773471832,-0.2788328603283212
2012-08-01,LSTM,-1.4137293930652943,-0.12417036294937134,-1.289559030115923
2012-09-01,LSTM,-0.8671099996212411,-1.0173182487487793,0.15020824912753816
2012-10-01,LSTM,-0.4534205290877376,-0.503350555896759,0.04993002680902142
2012-11-01,LSTM,-1.627874672524198,0.07300575822591782,-1.7008804307501157
2012-12-01,LSTM,0.0371663162033971,-1.0686064958572388,1.1057728120606358
2013-01-01,LSTM,0.7376340912735829,0.02432253211736679,0.7133115591562161
2013-02-01,LSTM,1.5397569854220974,1.1559261083602905,0.38383087706180685
2013-03-01,LSTM,1.2019874975561942,1.0628836154937744,0.13910388206241975
2013-04-01,LSTM,0.8711966253996639,0.38358211517333984,0.48761451022632407
2013-05-01,LSTM,-0.3746857033803491,0.6488953828811646,-1.0235810862615136
2013-06-01,LSTM,-1.4085231279513688,-0.35008329153060913,-1.0584398364207597
2013-07-01,LSTM,-1.6441819444219743,-1.1160719394683838,-0.5281100049535905
2013-08-01,LSTM,-0.8731383866642244,-0.9589540958404541,0.08581570917622972
2013-09-01,LSTM,-1.008992079838694,-0.26932674646377563,-0.7396653333749184
2013-10-01,LSTM,0.5231104120282488,-0.6143975853919983,1.137507997420247
2013-11-01,LSTM,1.0229170695575294,0.4172203540802002,0.6056967154773292
2013-12-01,LSTM,0.3929278908718745,1.121588945388794,-0.7286610545169194
2014-01-01,LSTM,-0.8513794886710679,-0.1747194081544876,-0.6766600805165803
2014-02-01,LSTM,-2.3283149793420264,-0.9997377991676331,-1.3285771801743933
2014-03-01,LSTM,-1.7476173009949854,-1.297592043876648,-0.4500252571183374
2014-04-01,LSTM,-0.1852527102664025,-1.04816472530365,0.8629120150372473
2014-05-01,LSTM,0.8738646751768997,0.3111765682697296,0.5626881069071701
2014-06-01,LSTM,1.757684282370863,0.9725848436355591,0.7850994387353039
2014-07-01,LSTM,1.3681814559710312,1.0954742431640625,0.27270721280696875
2014-08-01,LSTM,1.6166355086553788,0.6855311393737793,0.9311043692815995
2014-09-01,LSTM,1.7501084713525223,1.1635034084320068,0.5866050629205155
2014-10-01,LSTM,1.594689180506042,1.5398690700531006,0.05482011045294133
2014-11-01,LSTM,1.3422953096816472,0.7274760603904724,0.6148192492911748
2014-12-01,LSTM,0.6136136300481096,0.7196439504623413,-0.10603032041423166
2015-01-01,LSTM,0.0670712455035288,0.4672480821609497,-0.4001768366574209
2015-02-01,LSTM,0.5666927289463877,-0.34754884243011475,0.9142415713765024
2015-03-01,LSTM,0.2234297616966285,0.4975702464580536,-0.27414048476142505
2015-04-01,LSTM,0.3676335924191813,0.3180765211582184,0.049557071260962926
2015-05-01,LSTM,0.428119246350778,-0.15267571806907654,0.5807949644198546
2015-06-01,LSTM,1.3959877293032104,0.30496662855148315,1.0910211007517272
2015-07-01,LSTM,1.2152746923365818,1.2783315181732178,-0.06305682583663597
2015-08-01,LSTM,1.2799466403740438,0.7487353682518005,0.5312112721222433
2015-09-01,LSTM,0.3624730451066977,0.421863853931427,-0.0593908088247293
2015-10-01,LSTM,1.2685954354263267,0.2985593378543854,0.9700360975719413
2015-11-01,LSTM,1.364936649908934,0.9949626326560974,0.3699740172528365
2015-12-01,LSTM,-0.0112213635257187,1.1282932758331299,-1.1395146393588487
2016-01-01,LSTM,0.2435765700187981,-0.4662964642047882,0.7098730342235863
2016-02-01,LSTM,0.0193910612763638,0.09401092678308487,-0.07461986550672106
2016-03-01,LSTM,1.3984887031108593,0.4968888461589813,0.9015998569518779
2016-04-01,LSTM,0.0164409961363803,0.9547425508499146,-0.9383015547135343
2016-05-01,LSTM,0.7060519497442037,-0.19594883918762207,0.9020007889318258
2016-06-01,LSTM,-1.0047755779839411,0.2860957384109497,-1.2908713163948908
2016-07-01,LSTM,-0.2332364551830714,-0.41729608178138733,0.18405962659831593
2016-08-01,LSTM,-1.0826392322145226,-0.3388935923576355,-0.7437456398568871
2016-09-01,LSTM,-1.879279590065428,-0.524453341960907,-1.354826248104521
2016-10-01,LSTM,-1.4583259390759808,-1.0833103656768799,-0.37501557339910097
2016-11-01,LSTM,0.266205186261333,-0.8447840809822083,1.1109892672435413
2016-12-01,LSTM,0.0939489105221451,0.6192671060562134,-0.5253181955340682
2017-01-01,LSTM,1.3321299381746916,0.3595905900001526,0.972539348174539
2017-02-01,LSTM,0.636281402875642,0.6146151423454285,0.021666260530213588
2017-03-01,LSTM,0.8953182226892998,0.6459406614303589,0.24937756125894095
2017-04-01,LSTM,-0.5600991085287248,0.4492942690849304,-1.0093933776136552
2017-05-01,LSTM,-0.2576083732700706,-0.6122224926948547,0.35461411942478416
2017-06-01,LSTM,-0.4814535713516902,-0.20554547011852264,-0.27590810123316756
2017-07-01,LSTM,-0.3422801598860199,-0.059592753648757935,-0.28268740623726196
2017-08-01,LSTM,-0.2127591449041512,-0.40008804202079773,0.18732889711664652
2017-09-01,LSTM,-0.5957074787725117,-0.19621118903160095,-0.3994962897409108
2017-10-01,LSTM,-0.0413292945923516,-0.415304571390152,0.3739752767978004
2017-11-01,LSTM,-0.8060225828819969,-0.05834198743104935,-0.7476805954509476
2017-12-01,LSTM,-0.2572357294320204,-0.6193432211875916,0.36210749175557116
2018-01-01,LSTM,-1.019531045165152,-0.2842882573604584,-0.7352427878046937
2018-02-01,LSTM,-0.6653398208957805,-0.672595202922821,0.007255382027040569
2018-03-01,LSTM,-0.110953935555007,-0.568533718585968,0.45757978303096103
2018-04-01,LSTM,-0.0175536731193334,0.1336347907781601,-0.1511884638974935
2018-05-01,LSTM,-0.171404754037056,0.06311559677124023,-0.23452035080829622
2018-06-01,LSTM,0.0780073535029484,-0.39587703347206116,0.47388438697500956
2018-07-01,LSTM,1.399341463964041,0.08153785765171051,1.3178036063123304
2018-08-01,LSTM,1.485934284478261,1.4137970209121704,0.07213726356609063
2018-09-01,LSTM,0.8241068344704259,1.1223360300064087,-0.2982291955359828
2018-10-01,LSTM,-1.046377235861305,-0.2994033992290497,-0.7469738366322554
2018-11-01,LSTM,-1.215933489939498,-0.8732048273086548,-0.34272866263084323
2018-12-01,LSTM,-1.3182374011718656,-0.741207480430603,-0.5770299207412626
2019-01-01,LSTM,-0.346683912088264,-0.8349558711051941,0.4882719590169301
2019-02-01,LSTM,-0.1963244360295129,-0.1326649785041809,-0.063659457525332
2019-03-01,LSTM,-0.4457862781387181,0.009565467946231365,-0.45535174608494944
2019-04-01,LSTM,-0.5256297930349586,-0.5701967477798462,0.04456695474488759
2019-05-01,LSTM,-0.2210180677080246,-0.4858749210834503,0.26485685337542575
2019-06-01,LSTM,0.3092159962475173,0.019893968477845192,0.2893220277696721
2019-07-01,LSTM,0.3062479124241513,0.34506911039352417,-0.03882119796937289
2019-08-01,LSTM,0.4152084911681894,0.09376198053359985,0.32144651063458957
2019-09-01,LSTM,0.2612563113920149,0.16339212656021118,0.0978641848318037
2019-10-01,LSTM,-0.12208958198401,0.2113630175590515,-0.3334525995430615
2019-11-01,LSTM,-0.7765205395093253,-0.28412336111068726,-0.49239717839863806
2019-12-01,LSTM,-0.7430437838424095,-0.7518905401229858,0.008846756280576296
2020-01-01,LSTM,-1.2149503649314095,-0.48606228828430176,-0.7288880766471078
2020-02-01,LSTM,-0.757270566639523,-0.8238483667373657,0.06657780009784275
2020-03-01,LSTM,-0.5825077261519339,-0.5781715512275696,-0.004336174924364333
2020-04-01,LSTM,-0.224698027516934,-0.26630425453186035,0.04160622701492636
2020-05-01,LSTM,0.2194067873881174,-0.12091780453920364,0.340324591927321
2020-06-01,LSTM,1.262710432654147,0.1763998568058014,1.0863105758483456
2020-07-01,LSTM,1.2890188369891828,1.0883134603500366,0.20070537663914623
2020-08-01,LSTM,0.9584668724174624,0.9627819657325745,-0.00431509331511204
2020-09-01,LSTM,-2.365179153211033,0.06818293035030365,-2.4333620835613368
2020-10-01,LSTM,-1.7159754500717457,-1.5224422216415405,-0.19353322843020515
2020-11-01,LSTM,-1.815784601170705,-1.0765107870101929,-0.7392738141605122
2020-12-01,LSTM,-2.400519248629633,-0.880039632320404,-1.520479616309229
2021-01-01,LSTM,-0.1252562320636342,-1.4495185613632202,1.324262329299586
2021-02-01,LSTM,0.663590617990728,0.12977775931358337,0.5338128586771447
2021-03-01,LSTM,1.3819593370075631,1.1180071830749512,0.26395215393261195
2021-04-01,LSTM,1.2897982410084174,0.7524319291114807,0.5373663118969367
2021-05-01,LSTM,1.0760253823212216,0.5127100348472595,0.5633153474739621
2021-06-01,LSTM,1.0727757690487338,0.9383875727653503,0.1343881962833835
2021-07-01,LSTM,-0.04978320544199,0.7080006003379822,-0.7577838057799722
2021-08-01,LSTM,0.4847570730665173,-0.5667452812194824,1.0515023542859998
2021-09-01,LSTM,-1.5060821491541752,0.4244532585144043,-1.9305354076685795
2021-10-01,LSTM,0.0638407409664937,-0.9876319169998169,1.0514726579663105
2021-11-01,LSTM,-0.0372891205253501,-0.1883256435394287,0.1510365230140786
2021-12-01,LSTM,-0.121135611803192,0.46147292852401733,-0.5826085403272093
2022-01-01,LSTM,-0.9805196461479568,-0.3867931365966797,-0.5937265095512771
2022-02-01,LSTM,-0.0505389891505989,-1.024116039276123,0.9735770501255241
2022-03-01,LSTM,0.0162338025034232,0.2257479727268219,-0.2095141702233987
2022-04-01,LSTM,0.6072421433267468,0.36589285731315613,0.24134928601359062
2022-05-01,LSTM,-1.2569854600137265,0.13673944771289825,-1.3937249077266247
2022-06-01,LSTM,-0.6294488841200476,-1.0510212182998657,0.4215723341798181
2022-07-01,LSTM,0.3159760488219946,-0.4406771957874298,0.7566532446094244
2022-08-01,LSTM,1.2663565500339478,0.7708292603492737,0.4955272896846741
2022-09-01,LSTM,1.075313255581576,1.1053298711776733,-0.03001661559609725
2022-10-01,LSTM,-1.1157540922414406,0.2790399491786957,-1.3947940414201363
2022-11-01,LSTM,-1.5483193765772936,-1.0994632244110107,-0.44885615216628283
2022-12-01,LSTM,-1.5765392547418278,-1.042885422706604,-0.5336538320352238
2023-01-01,LSTM,-0.6383611633299321,-0.829743504524231,0.19138234119429887
2023-02-01,LSTM,-0.861947683912365,-0.261817067861557,-0.600130616050808
2023-03-01,LSTM,-0.4227957299013901,-0.5678201913833618,0.14502446148197173
2023-04-01,LSTM,0.6448212909894687,-0.380557119846344,1.0253784108358128
2023-05-01,LSTM,1.8698039659974055,0.7453320026397705,1.124471963357635
2023-06-01,LSTM,1.90712919649707,1.685969591140747,0.22115960535632295
2023-07-01,LSTM,1.38242120245666,1.0414358377456665,0.3409853647109935
2023-08-01,LSTM,-0.2608169652484696,0.3746563792228699,-0.6354733444713394
2023-09-01,LSTM,-0.9252430127168404,-0.2808230519294739,-0.6444199607873665
2023-10-01,LSTM,-0.8011231718785623,-0.8507212996482849,0.04959812776972261
2023-11-01,LSTM,0.995869674289368,-0.47058677673339844,1.4664564510227664
2023-12-01,LSTM,0.85245593504566,1.2548129558563232,-0.40235702081066327
2024-01-01,LSTM,1.2442780567954244,0.7299045324325562,0.5143735243628682
2024-02-01,LSTM,-0.336920897861512,0.1182878315448761,-0.4552087294063881
2024-03-01,LSTM,-0.0125414606815436,-0.2957690954208374,0.2832276347392938
2024-04-01,LSTM,-0.7547926746046282,-0.06235181540250778,-0.6924408592021204
2024-05-01,LSTM,-0.074616850790369,-0.5273019075393677,0.45268505674899867
2024-06-01,LSTM,-1.4668124199125827,-0.1069517582654953,-1.3598606616470874
2024-07-01,LSTM,-1.2191710631920631,-0.9482789635658264,-0.2708920996262367
2024-08-01,LSTM,-1.8292231211022745,-0.959804892539978,-0.8694182285622964
2024-09-01,LSTM,-0.2986447516800291,-1.0888793468475342,0.7902345951675052
2024-10-01,LSTM,-1.4445846655933807,0.01933717355132103,-1.4639218391447018
2024-11-01,LSTM,-0.7008042300676067,-0.8542086482048035,0.15340441813719674
2024-12-01,LSTM,0.3074561121036114,-0.6767274141311646,0.984183526234776
2025-01-01,LSTM,0.4680949742011883,0.6120867729187012,-0.1439917987175129
2025-02-01,LSTM,0.2434390114551613,0.5840880274772644,-0.34064901602210307
2025-03-01,LSTM,-0.8389230627553863,-0.32192516326904297,-0.5169978994863433
2025-04-01,LSTM,-0.8659361090689636,-0.7114742994308472,-0.1544618096381164
2025-05-01,LSTM,-0.7343012227153031,-0.5064111948013306,-0.2278900279139725
2025-06-01,LSTM,-0.6120136483711053,-0.43340998888015747,-0.1786036594909478
2025-07-01,LSTM,-1.3790166149897003,-0.5040373206138611,-0.8749792943758392
2025-08-01,LSTM,-2.230990582288184,-1.0151190757751465,-1.2158715065130377
2025-09-01,LSTM,-1.3613989487176978,-1.4185792207717896,0.05718027205409171
2025-10-01,LSTM,1.0913333332096051,-0.7790082097053528,1.870341542914958
2025-11-01,LSTM,0.9462905521668462,1.3048192262649536,-0.3585286740981074
2025-12-01,LSTM,0.2560788916891226,0.9089420437812805,-0.652863152092158
