дата;дней;температура;осадки;влажность;испаряемость;сумма_активных_температур;ГТК
2007-07-21;7;19.4;4.4;75.679;19.516;135.8;0.324
2007-08-01;10;19.385;18.6;73.78;30.229;193.85;0.96
2007-08-11;10;13.278;12.3;75.525;21.301;132.775;0.926
2007-08-21;11;16.611;10.4;71.826;31.321;182.725;0.569
2007-09-01;10;17.048;9.0;70.625;32.321;170.475;0.528
2007-09-11;10;13.068;4.0;69.8;28.698;104.325;0.383
2007-09-21;10;7.932;16.8;79.975;13.533;23.725;7.081
2007-10-01;10;4.602;20.9;79.925;9.174;0.0;
2007-10-11;10;5.025;0.9;67.55;17.687;0.0;
2007-10-21;11;-0.507;23.1;81.75;6.946;0.0;
2007-11-01;10;-0.795;26.4;81.75;6.91;0.0;
2007-11-11;10;-6.648;5.0;81.1;3.88;0.0;
2007-11-21;10;-8.16;12.3;80.425;3.598;0.0;
2007-12-01;10;-8.61;4.6;89.975;1.69;0.0;
2007-12-11;10;-11.008;14.7;85.1;1.822;0.0;
2007-12-21;11;-11.521;18.0;81.705;2.213;0.0;
2008-01-01;10;-19.528;27.1;83.1;0.64;0.0;
2008-01-11;10;-22.652;7.5;83.592;0.278;0.0;
2008-01-21;11;-18.23;2.5;85.568;0.502;0.0;
2008-02-01;10;-15.643;4.7;85.125;0.832;0.0;
2008-02-11;10;-14.518;15.6;79.492;1.423;0.0;
2008-02-21;9;-5.519;11.2;75.537;5.016;0.0;
2008-03-01;10;-2.66;7.6;78.4;6.201;0.0;
2008-03-11;10;-5.902;19.8;69.35;5.925;0.0;
2008-03-21;11;2.086;0.0;64.023;17.258;0.0;
2008-04-01;10;-0.138;1.8;57.1;15.718;0.0;
2008-04-11;10;2.1;5.5;65.675;16.767;11.8;4.661
2008-04-21;10;9.185;31.1;56.933;33.314;59.0;5.271
2008-05-01;9;11.139;13.0;52.0;40.061;78.375;1.659
2008-05-11;10;16.785;3.4;50.6;51.865;167.85;0.203
2008-05-21;11;12.454;8.0;57.273;38.876;116.417;0.687
2008-06-01;10;18.702;27.5;66.1;40.37;187.015;1.47
2008-06-11;10;15.695;16.8;72.65;28.129;156.95;1.07
2008-06-21;10;19.697;8.3;66.525;40.78;196.975;0.421
2008-07-01;10;20.282;8.1;64.15;43.781;202.817;0.399
2008-07-11;10;23.372;4.0;62.833;50.65;233.717;0.171
2008-07-21;11;21.404;25.9;69.795;42.442;235.442;1.1
2008-08-01;10;19.672;6.0;62.425;43.822;196.725;0.305
2008-08-11;10;17.294;18.5;73.208;28.869;172.942;1.07
2008-08-21;11;14.78;10.1;67.455;33.489;162.575;0.621
2008-09-01;10;13.961;15.0;74.35;24.354;129.633;1.157
2008-09-11;10;7.63;11.3;77.958;14.696;43.9;2.574
2008-09-21;10;6.45;4.6;68.725;18.63;0.0;
2008-10-01;10;8.01;3.0;66.25;21.741;10.55;2.844
2008-10-11;10;4.385;30.2;77.725;11.896;11.85;25.485
2008-10-21;11;3.361;2.6;75.023;12.432;0.0;
2008-11-01;10;2.618;16.2;82.925;7.911;0.0;
2008-11-11;10;-3.502;15.8;88.025;3.309;0.0;
2008-11-21;10;-1.6;3.9;86.25;4.624;0.0;
2008-12-01;10;-9.638;24.1;84.425;1.447;0.0;
2008-12-11;10;-15.933;8.0;82.283;0.917;0.0;
2008-12-21;11;-14.736;5.3;82.477;1.236;0.0;
2009-01-01;10;-12.462;10.1;77.425;2.101;0.0;
2009-01-11;10;-12.64;21.7;84.875;1.403;0.0;
2009-01-21;11;-22.35;10.5;79.568;0.683;0.0;
2009-02-01;10;-16.492;27.4;81.875;1.082;0.0;
2009-02-11;10;-23.387;6.8;71.05;0.495;0.0;
2009-02-21;8;-18.003;1.8;79.438;0.611;0.0;
2009-03-01;10;-9.975;0.0;71.925;3.92;0.0;
2009-03-11;10;-7.247;10.1;74.208;4.213;0.0;
2009-03-21;11;0.631;2.0;69.424;14.134;0.0;
2009-04-01;10;4.182;3.7;72.675;14.347;0.0;
2009-04-11;10;3.745;3.4;65.675;17.087;0.0;
2009-04-21;10;7.485;29.0;68.6;21.072;21.825;13.288
2009-05-01;10;11.208;10.0;53.025;37.354;94.85;1.054
2009-05-11;10;15.925;5.9;52.675;47.088;159.25;0.37
2009-05-21;11;12.289;12.4;64.636;33.76;103.5;1.198
2009-06-01;10;16.697;35.9;68.65;35.306;166.975;2.15
2009-06-11;10;12.158;25.0;75.775;21.51;86.825;2.879
2009-06-21;10;14.151;36.7;72.558;25.972;141.508;2.593
2009-07-01;10;19.862;1.4;60.4;46.497;198.625;0.07
2009-07-11;10;20.295;26.3;73.775;31.282;202.95;1.296
2009-07-21;11;17.742;34.6;78.97;25.219;195.158;1.773
2009-08-01;10;18.795;12.0;71.2;32.778;187.95;0.638
2009-08-11;10;16.185;4.3;68.025;31.745;161.85;0.266
2009-08-21;11;17.702;43.2;74.091;31.028;194.725;2.219
2009-09-01;10;11.45;6.8;65.825;27.674;97.05;0.701
2009-09-11;10;11.095;11.4;68.3;24.527;76.2;1.496
2009-09-21;10;11.719;8.7;75.842;19.977;101.075;0.861
2009-10-01;10;10.618;5.8;72.685;20.581;64.43;0.9
2009-10-11;10;4.04;13.0;78.35;10.971;0.0;
2009-10-21;11;-3.232;25.3;87.864;3.328;0.0;
2009-11-01;10;-8.262;14.7;82.35;2.918;0.0;
2009-11-11;10;-9.702;10.0;87.225;1.579;0.0;
2009-11-21;10;-3.195;17.3;90.417;2.576;0.0;
2009-12-01;10;-14.958;21.1;85.258;1.261;0.0;
2009-12-11;10;-16.04;8.6;81.875;1.62;0.0;
2009-12-21;11;-22.746;18.1;89.341;0.385;0.0;
2010-01-01;10;-28.908;0.0;77.775;0.284;0.0;
2010-01-11;10;-22.773;11.6;86.514;0.52;0.0;
2010-01-21;11;-23.577;0.6;79.836;0.165;0.0;
2010-02-01;10;-25.962;0.7;80.309;0.094;0.0;
2010-02-11;10;-16.327;7.0;80.673;1.646;0.0;
2010-02-21;8;-22.903;3.8;73.859;0.342;0.0;
2010-03-01;10;-12.108;15.9;82.236;2.044;0.0;
2010-03-11;10;-4.765;22.5;85.141;3.519;0.0;
2010-03-21;11;-4.695;5.9;83.0;4.731;0.0;
2010-04-01;10;-2.938;6.2;75.658;6.18;0.0;
2010-04-11;10;2.303;32.8;74.966;11.041;0.0;
2010-04-21;10;11.593;5.0;52.105;39.821;77.562;0.645
2010-05-01;10;8.19;32.3;62.212;24.419;10.35;31.208
2010-05-11;10;6.761;18.6;69.7;19.626;50.412;3.69
2010-05-21;11;13.53;14.0;56.502;42.947;139.355;1.005
2010-06-01;10;17.101;5.0;58.497;45.289;171.014;0.292
2010-06-11;10;20.485;1.0;50.91;61.639;204.852;0.049
2010-06-21;10;15.963;15.7;68.762;32.0;159.633;0.984
2010-07-01;10;18.06;25.7;66.755;36.035;180.604;1.423
2010-07-11;10;20.169;16.2;69.236;38.052;201.689;0.803
2010-07-21;11;15.982;21.7;69.898;33.477;175.804;1.234
2010-08-01;10;17.784;2.4;68.488;33.246;177.838;0.135
2010-08-11;10;15.513;2.8;67.038;32.425;155.132;0.18
2010-08-21;11;19.376;3.9;63.261;47.252;213.141;0.183
2010-09-01;10;16.046;0.7;58.829;43.465;150.812;0.046
2010-09-11;10;6.69;13.4;70.55;17.737;10.088;13.284
2010-09-21;10;11.574;8.6;68.807;25.613;87.788;0.98
2010-10-01;10;6.825;13.4;73.675;17.258;30.638;4.374
2010-10-11;10;6.43;9.0;70.779;17.649;10.467;8.599
2010-10-21;11;3.335;0.6;68.455;16.467;0.0;
2010-11-01;10;3.132;19.7;79.038;10.453;0.0;
2010-11-11;10;-0.959;23.1;84.35;5.664;0.0;
2010-11-21;10;-10.651;30.2;81.702;2.217;0.0;
2010-12-01;10;-14.459;40.0;77.9;1.725;0.0;
2010-12-11;10;-19.836;8.6;73.992;1.159;0.0;
2010-12-21;11;-23.657;20.7;78.977;0.552;0.0;
2011-01-01;10;-30.03;0.5;75.425;0.456;0.0;
2011-01-11;10;-17.828;3.6;83.05;0.566;0.0;
2011-01-21;11;-17.805;2.5;73.756;2.186;0.0;
2011-02-01;10;-10.014;14.5;82.538;2.529;0.0;
2011-02-11;10;-10.94;3.1;77.688;3.234;0.0;
2011-02-21;8;-19.59;1.8;72.842;0.508;0.0;
2011-03-01;10;-9.819;2.2;72.396;4.18;0.0;
2011-03-11;10;-6.375;7.0;71.338;5.84;0.0;
2011-03-21;11;-1.225;4.6;65.74;12.64;0.0;
2011-04-01;10;2.3;14.6;76.584;11.399;0.0;
2011-04-11;10;12.108;8.0;59.018;34.455;101.23;0.79
2011-04-21;10;9.546;12.5;54.162;34.818;43.438;2.878
2011-05-01;10;7.412;7.3;55.038;28.061;32.263;2.263
2011-05-11;10;12.894;0.4;37.216;54.105;96.2;0.042
2011-05-21;11;16.006;20.6;59.386;45.577;176.062;1.17
2011-06-01;10;21.515;5.2;64.112;46.976;215.15;0.242
2011-06-11;10;22.15;;50.261;65.959;221.497;
2011-06-21;10;20.186;16.9;62.038;47.769;201.862;0.837
2011-07-01;10;16.69;18.7;64.638;35.578;166.9;1.12
2011-07-11;10;20.148;23.6;67.482;38.559;201.48;1.171
2011-07-21;11;16.235;10.3;67.062;36.133;178.58;0.577
2011-08-01;10;17.034;11.9;68.935;32.934;170.342;0.699
2011-08-11;10;17.479;27.7;74.138;28.58;174.793;1.585
2011-08-21;11;13.625;15.5;74.971;24.034;139.905;1.108
2011-09-01;10;13.354;15.5;66.462;29.725;133.538;1.161
2011-09-11;10;12.445;;58.082;36.153;106.061;
2011-09-21;10;11.442;13.9;66.362;28.173;90.175;1.541
2011-10-01;10;10.654;6.3;72.541;20.678;73.35;0.859
2011-10-11;10;9.556;10.3;71.838;20.839;83.562;1.233
2011-10-21;11;1.568;12.1;82.951;7.859;0.0;
2011-11-01;10;-2.701;21.2;75.862;7.65;0.0;
2011-11-11;10;-8.366;7.9;81.334;3.314;0.0;
2011-11-21;10;-12.188;7.4;80.105;2.287;0.0;
2011-12-01;10;-11.103;14.1;87.425;1.476;0.0;
2011-12-11;10;-14.538;1.1;83.212;1.077;0.0;
2011-12-21;11;-10.297;18.5;75.474;3.156;0.0;
2012-01-01;10;-11.766;3.0;85.725;1.375;0.0;
2012-01-11;10;-21.58;2.7;83.692;0.253;0.0;
2012-01-21;11;-24.147;2.4;77.03;0.134;0.0;
2012-02-01;10;-19.101;0.5;79.132;0.697;0.0;
2012-02-11;10;-17.412;0.8;79.612;0.823;0.0;
2012-02-21;9;-15.957;0.0;77.861;1.156;0.0;
2012-03-01;10;-7.489;;64.713;7.069;0.0;
2012-03-11;10;-4.295;16.9;78.525;5.416;0.0;
2012-03-21;11;0.086;8.5;74.122;10.615;0.0;
2012-04-01;10;5.968;1.9;60.175;23.32;0.0;
2012-04-11;10;9.801;0.4;54.28;33.436;63.302;0.063
2012-04-21;10;5.915;0.9;42.225;33.95;12.75;0.706
2012-05-01;10;8.28;8.0;57.8;27.819;39.825;2.009
2012-05-11;10;11.97;4.1;49.602;41.771;80.475;0.509
2012-05-21;11;15.473;0.5;43.625;60.256;154.704;0.032
2012-06-01;10;23.126;0.0;44.088;78.859;231.262;0.0
2012-06-11;10;22.352;25.3;62.138;52.046;223.525;1.132
2012-06-21;10;23.533;;44.012;79.338;235.329;
2012-07-01;10;21.524;1.3;64.138;44.823;215.238;0.06
2012-07-11;10;24.268;;45.195;77.272;242.682;
2012-07-21;11;25.443;0.3;52.45;77.852;279.871;0.011
2012-08-01;10;20.386;82.0;64.339;43.531;203.859;4.022
2012-08-11;10;17.785;5.3;61.725;40.631;177.85;0.298
2012-08-21;11;14.998;10.1;74.297;26.655;164.982;0.612
2012-09-01;10;15.674;1.6;57.27;43.265;156.738;0.102
2012-09-11;10;14.065;24.0;68.525;31.421;112.346;2.136
2012-09-21;10;9.4;4.3;72.358;19.954;33.525;1.283
2012-10-01;10;8.114;12.1;75.866;15.826;35.642;3.395
2012-10-11;10;2.5;8.3;59.725;18.224;0.0;
2012-10-21;11;-0.548;22.1;78.943;8.208;0.0;
2012-11-01;10;-5.889;13.6;78.512;5.565;0.0;
2012-11-11;10;-3.146;38.8;89.558;2.942;0.0;
2012-11-21;10;-12.048;29.0;86.125;1.273;0.0;
2012-12-01;10;-16.862;12.7;83.288;0.714;0.0;
2012-12-11;10;-34.034;1.4;69.005;1.606;0.0;
2012-12-21;11;-20.858;10.9;78.761;0.57;0.0;
2013-01-01;10;-18.643;7.3;82.875;0.5;0.0;
2013-01-11;10;-14.91;15.7;81.45;1.355;0.0;
2013-01-21;11;-12.743;20.5;82.636;1.956;0.0;
2013-02-01;10;-14.098;6.3;77.97;1.931;0.0;
2013-02-11;10;-15.431;20.0;81.973;1.02;0.0;
2013-02-21;8;-12.292;6.7;75.359;2.153;0.0;
2013-03-01;10;-9.275;19.7;74.625;3.597;0.0;
2013-03-11;10;-4.801;4.5;68.273;7.339;0.0;
2013-03-21;11;-4.316;10.6;69.187;8.084;0.0;
2013-04-01;10;0.749;4.5;68.3;14.044;0.0;
2013-04-11;10;2.84;1.5;55.638;20.53;0.0;
2013-04-21;10;9.869;17.0;65.5;26.217;72.075;2.359
2013-05-01;10;9.895;15.6;63.112;27.466;54.388;2.868
2013-05-11;10;6.182;37.6;67.395;19.082;10.075;37.32
2013-05-21;11;10.203;20.6;58.985;33.185;73.184;2.815
2013-06-01;10;13.295;;55.788;40.631;111.738;
2013-06-11;10;15.287;;74.011;25.827;152.87;
2013-06-21;10;17.438;;55.362;48.776;174.375;
2013-07-01;10;17.675;;64.223;38.888;176.754;
2013-07-11;10;21.89;;59.2;52.554;218.9;
2013-07-21;11;21.064;;75.432;33.797;231.7;
2013-08-01;10;19.952;;79.575;24.145;199.525;
2013-08-11;10;17.888;;75.925;25.251;178.875;
2013-08-21;11;16.809;;71.318;32.174;184.9;
2013-09-01;10;14.893;;69.6;28.829;148.925;
2013-09-11;10;7.12;;77.725;14.687;22.625;
2013-09-21;10;7.67;;73.675;18.162;26.0;
2013-10-01;10;4.374;17.8;78.792;10.961;10.4;17.115
2013-10-11;1;-1.167;0.0;61.0;1.286;0.0;
2013-11-11;1;-1.0;2.0;87.333;0.438;0.0;
2013-11-21;10;-1.984;2.3;82.125;5.789;0.0;
2013-12-01;10;-3.266;15.7;83.125;4.689;0.0;
2013-12-11;10;-5.679;15.2;79.95;4.476;0.0;
2013-12-21;11;-10.822;7.6;84.735;2.18;0.0;
2014-01-01;10;-15.746;34.9;81.3;1.172;0.0;
2014-01-11;10;-7.974;17.5;83.121;3.0;0.0;
2014-01-21;11;-21.323;7.6;79.693;0.656;0.0;
2014-02-01;10;-23.422;1.0;79.468;0.415;0.0;
2014-02-11;10;-16.322;15.0;81.991;1.118;0.0;
2014-02-21;8;-13.939;13.2;77.078;1.637;0.0;
2014-03-01;10;-10.138;5.2;79.3;2.864;0.0;
2014-03-11;10;-0.016;10.2;72.838;10.381;0.0;
2014-03-21;11;1.872;5.7;69.136;14.359;0.0;
2014-04-01;10;6.854;3.7;61.15;24.575;23.25;1.591
2014-04-11;10;5.225;7.6;50.762;28.361;22.412;3.391
2014-04-21;10;5.465;8.4;51.375;29.6;33.112;2.537
2014-05-01;10;13.322;0.0;35.8;55.284;119.35;0.0
2014-05-11;10;9.384;10.1;55.362;30.176;61.412;1.645
2014-05-21;11;8.958;34.0;65.159;26.015;27.512;12.358
2014-06-01;10;9.285;13.9;62.625;26.74;36.638;3.794
2014-06-11;10;20.646;1.3;47.162;66.69;206.462;0.063
2014-06-21;10;24.964;0.0;46.738;80.046;249.638;0.0
2014-07-01;10;22.352;13.6;54.462;60.248;223.525;0.608
2014-07-11;10;21.24;27.1;60.938;50.732;212.4;1.276
2014-07-21;11;19.209;35.4;66.034;44.424;211.3;1.675
2014-08-01;10;19.152;3.6;61.238;44.488;191.525;0.188
2014-08-11;10;22.445;3.8;61.175;51.641;224.45;0.169
2014-08-21;11;15.925;32.8;65.443;38.993;148.15;2.214
2014-09-01;10;10.969;11.4;67.388;25.348;53.562;2.128
2014-09-11;10;7.806;38.1;78.45;14.373;24.275;15.695
2014-09-21;10;7.499;3.9;61.025;24.146;32.225;1.21
2014-10-01;10;4.042;16.1;75.462;12.649;0.0;
2014-10-11;10;0.399;29.9;77.762;7.847;0.0;
2014-10-21;11;-1.738;34.1;80.341;6.776;0.0;
2014-11-01;10;-2.081;7.5;85.55;4.38;0.0;
2014-11-11;10;-7.916;22.9;86.962;2.227;0.0;
2014-11-21;10;-16.444;33.5;78.409;1.373;0.0;
2014-12-01;10;-12.003;15.4;79.4;2.077;0.0;
2014-12-11;10;-12.132;13.8;81.4;1.857;0.0;
2014-12-21;11;-8.712;6.3;80.205;3.743;0.0;
2015-01-01;10;-8.639;13.3;77.209;4.17;0.0;
2015-01-11;10;-9.108;13.5;84.475;2.258;0.0;
2015-01-21;11;-19.981;11.5;73.443;1.176;0.0;
2015-02-01;10;-11.61;1.2;74.112;3.12;0.0;
2015-02-11;10;-12.481;7.0;77.712;2.582;0.0;
2015-02-21;8;-7.886;29.2;81.281;2.406;0.0;
2015-03-01;10;-8.104;0.6;72.35;4.107;0.0;
2015-03-11;10;-3.173;14.7;84.22;4.4;0.0;
2015-03-21;11;-3.376;17.0;71.182;8.177;0.0;
2015-04-01;10;2.904;0.5;55.188;21.726;0.0;
2015-04-11;10;6.71;4.6;58.646;25.2;12.2;3.77
2015-04-21;10;11.156;5.4;54.962;36.386;84.425;0.64
2015-05-01;10;13.001;0.4;35.438;55.041;113.712;0.035
2015-05-11;10;15.772;14.8;50.412;47.876;157.725;0.938
2015-05-21;11;12.49;55.6;70.989;27.009;118.9;4.676
2015-06-01;10;19.639;19.8;54.112;56.157;196.388;1.008
2015-06-11;10;19.855;1.1;55.725;54.662;198.55;0.055
2015-06-21;10;21.572;0.0;44.588;72.038;215.725;0.0
2015-07-01;10;18.796;48.1;64.45;42.447;187.962;2.559
2015-07-11;1;17.4;;57.0;4.489;17.4;
2016-08-01;10;18.912;14.8;66.1;38.901;189.125;0.783
2016-08-11;10;18.733;0.3;64.675;39.628;187.333;0.016
2016-08-21;11;16.461;5.1;67.356;36.796;181.075;0.282
2016-09-01;10;17.078;2.0;58.258;44.743;170.783;0.117
2016-09-11;10;16.64;0.0;62.1;39.841;166.4;0.0
2016-09-21;10;9.504;16.0;69.308;21.756;50.133;3.191
2016-10-01;10;1.608;26.3;66.675;14.205;0.0;
2016-10-11;10;-0.878;8.1;78.225;7.266;0.0;
2016-10-21;11;-3.602;45.6;83.636;4.7;0.0;
2016-11-01;10;-5.921;24.8;80.067;4.485;0.0;
2016-11-11;10;-21.088;7.2;75.667;0.477;0.0;
2016-11-21;10;-10.022;29.2;79.842;3.069;0.0;
2016-12-01;10;-10.008;22.2;78.483;2.928;0.0;
2016-12-11;10;-9.212;22.1;79.833;3.313;0.0;
2016-12-21;11;-16.267;17.5;79.333;1.617;0.0;
2017-01-01;2;-15.2;;78.0;0.401;0.0;
2017-01-11;10;-17.578;6.2;78.675;0.864;0.0;
2017-01-21;11;-14.02;6.2;76.341;2.237;0.0;
2017-02-01;10;-12.334;6.9;72.725;3.068;0.0;
2017-02-11;10;-18.062;10.2;72.925;1.066;0.0;
2017-02-21;8;-3.309;3.8;76.969;5.29;0.0;
2017-03-01;10;-6.042;6.0;78.692;4.284;0.0;
2017-03-11;10;-7.33;;61.6;7.22;0.0;
2017-03-21;11;0.672;;66.492;13.789;0.0;
2017-04-01;10;-0.798;;69.942;10.294;0.0;
2017-04-11;10;6.265;;65.183;20.886;0.0;
2017-04-21;10;11.008;;53.475;37.834;80.325;
2017-05-01;10;9.084;;43.425;41.078;60.983;
2017-05-11;10;13.274;;50.617;41.552;110.275;
2017-05-21;11;17.045;;43.348;66.735;177.725;
2017-06-01;10;17.004;;50.175;52.93;170.042;
2017-06-11;10;21.112;;54.375;60.708;211.117;
2017-06-21;10;22.898;;60.225;55.217;228.975;
2017-07-01;10;18.622;;68.3;34.872;186.217;
2017-07-11;10;18.622;7.0;64.25;39.85;186.225;0.376
2017-07-21;11;20.598;16.9;71.386;38.776;226.575;0.746
2017-08-01;10;21.08;12.4;66.8;42.414;210.8;0.588
2017-08-11;10;14.962;35.6;70.15;27.84;149.625;2.379
2017-08-21;11;17.473;4.0;64.886;40.846;192.208;0.208
2017-09-01;10;12.181;8.2;64.35;30.316;87.583;0.936
2017-09-11;10;12.435;19.1;70.1;25.959;99.3;1.923
2017-09-21;10;4.248;12.7;74.425;13.007;0.0;
2017-10-01;10;3.745;2.2;70.05;14.334;0.0;
2017-10-11;10;3.292;9.3;74.358;12.309;0.0;
2017-10-21;11;0.348;13.0;72.742;11.123;0.0;
2017-11-01;10;1.109;12.7;80.138;8.274;0.0;
2017-11-11;10;-7.165;11.5;82.409;3.406;0.0;
2017-11-21;10;-8.176;6.2;77.155;3.861;0.0;
2017-12-01;10;-8.66;7.5;84.098;2.463;0.0;
2017-12-11;10;-16.522;2.2;81.975;1.041;0.0;
2017-12-21;11;-9.087;39.0;82.001;3.184;0.0;
2018-01-01;10;-18.262;3.8;77.525;0.933;0.0;
2018-01-11;10;-15.549;29.1;77.188;1.581;0.0;
2018-01-21;11;-25.382;5.1;68.08;0.669;0.0;
2018-02-01;10;-12.777;1.2;74.016;2.484;0.0;
2018-02-11;10;-13.945;2.2;73.505;2.366;0.0;
2018-02-21;8;-13.362;0.9;73.797;1.996;0.0;
2018-03-01;10;-10.952;6.8;71.388;3.846;0.0;
2018-03-11;10;-8.184;4.0;64.504;6.046;0.0;
2018-03-21;11;-2.072;9.2;74.104;8.465;0.0;
2018-04-01;10;-0.485;5.2;64.55;12.667;0.0;
2018-04-11;10;3.457;1.8;55.275;21.943;0.0;
2018-04-21;10;9.518;19.6;60.812;28.974;50.888;3.852
2018-05-01;10;5.415;27.9;61.612;21.301;10.6;26.321
2018-05-11;10;6.388;20.0;58.762;24.984;22.312;8.964
2018-05-21;11;9.826;22.3;67.75;26.486;64.225;3.472
2018-06-01;10;18.884;13.5;52.812;57.212;188.838;0.715
2018-06-11;10;19.143;63.1;64.463;43.236;191.425;3.296
2018-06-21;10;22.083;14.0;62.755;50.072;220.832;0.634
2018-07-01;10;19.196;8.9;58.2;47.514;191.962;0.464
2018-07-11;10;22.815;0.0;51.838;64.257;228.15;0.0
2018-07-21;11;16.714;42.6;67.857;36.15;183.852;2.317
2018-08-01;10;17.376;2.8;57.762;44.274;173.762;0.161
2018-08-11;10;19.626;7.0;62.838;43.989;196.262;0.357
2018-08-21;11;16.232;31.5;72.055;30.963;178.553;1.764
2018-09-01;10;11.624;24.8;75.298;20.515;99.212;2.5
2018-09-11;10;9.566;7.1;65.9;25.174;51.475;1.379
2018-09-21;10;13.653;4.3;65.934;30.859;136.529;0.315
2018-10-01;10;10.329;0.5;56.588;32.358;63.088;0.079
2018-10-11;10;5.13;7.6;65.575;19.127;22.975;3.308
2018-10-21;11;3.138;25.1;68.328;18.045;11.043;22.73
2018-11-01;10;-5.788;27.2;82.091;3.876;0.0;
2018-11-11;10;-10.806;19.0;82.038;2.223;0.0;
2018-11-21;10;-6.83;27.5;82.262;3.549;0.0;
2018-12-01;10;-20.196;6.7;76.025;0.531;0.0;
2018-12-11;10;-12.164;11.9;80.3;1.89;0.0;
2018-12-21;10;-22.415;3.2;68.267;0.551;0.0;
2019-01-01;10;-14.801;3.9;77.722;1.76;0.0;
2019-01-11;10;-12.368;2.3;78.132;2.493;0.0;
2019-01-21;11;-14.374;7.0;73.893;2.327;0.0;
2019-02-01;10;-27.895;0.0;58.882;0.627;0.0;
2019-02-11;10;-9.015;5.2;72.659;5.344;0.0;
2019-02-21;8;-6.408;5.0;75.359;4.342;0.0;
2019-03-01;10;-3.859;9.8;74.243;6.718;0.0;
2019-03-11;10;-2.82;4.2;71.375;9.017;0.0;
2019-03-21;11;1.495;1.1;64.773;15.79;0.0;
2019-04-01;10;3.614;2.3;50.35;24.668;0.0;
2019-04-11;10;3.327;4.3;46.609;27.245;12.475;3.447
2019-04-21;10;7.393;8.4;45.868;34.993;39.296;2.138
2019-05-01;10;11.771;4.0;35.338;53.968;96.425;0.415
2019-05-11;10;9.408;0.0;39.55;43.287;67.062;0.0
2019-05-21;11;13.941;37.2;48.521;52.381;143.779;2.587
2019-06-01;10;16.155;5.9;61.132;40.017;161.546;0.365
2019-06-11;10;17.394;12.3;56.875;47.048;173.938;0.707
2019-06-21;10;17.991;3.6;62.232;43.546;179.907;0.2
2019-07-01;10;21.006;16.0;57.92;51.866;210.064;0.762
2019-07-11;10;20.916;47.3;60.638;49.34;209.162;2.261
2019-07-21;11;19.825;0.8;62.925;48.381;218.071;0.037
2019-08-01;10;22.875;1.4;49.812;67.24;228.75;0.061
2019-08-11;10;19.22;3.6;62.062;43.185;192.2;0.187
2019-08-21;11;17.436;12.7;61.661;45.199;191.798;0.662
2019-09-01;10;13.935;2.6;63.825;33.118;139.346;0.187
2019-09-11;10;12.7;31.4;70.188;27.35;104.546;3.003
2019-09-21;10;8.668;12.6;61.588;27.998;53.375;2.361
2019-10-01;10;9.482;0.0;56.95;29.484;50.55;0.0
2019-10-11;10;5.388;18.6;62.35;21.628;24.788;7.504
2019-10-21;11;1.99;12.1;74.886;12.096;0.0;
2019-11-01;10;-1.332;13.8;69.898;10.497;0.0;
2019-11-11;10;-13.519;20.3;79.25;1.76;0.0;
2019-11-21;10;-14.273;9.7;78.791;1.568;0.0;
2019-12-01;10;-5.304;17.4;80.861;4.167;0.0;
2019-12-11;10;-7.999;18.2;83.438;2.759;0.0;
2019-12-21;11;-12.823;33.0;81.023;1.928;0.0;
2020-01-01;10;-7.838;15.0;83.112;2.995;0.0;
2020-01-11;10;-11.269;17.6;81.038;2.157;0.0;
2020-01-21;11;-10.968;17.9;79.523;3.002;0.0;
2020-02-01;10;-6.949;23.6;78.0;4.26;0.0;
2020-02-11;10;-8.979;7.1;77.362;3.642;0.0;
2020-02-21;9;-3.642;10.9;78.681;5.431;0.0;
2020-03-01;10;-5.464;13.8;75.338;5.556;0.0;
2020-03-11;10;-1.068;1.0;67.6;10.958;0.0;
2020-03-21;11;-1.517;2.4;63.122;12.965;0.0;
2020-04-01;10;4.935;0.4;51.775;26.011;0.0;
2020-04-11;10;9.401;3.0;44.338;40.586;48.212;0.622
2020-04-21;10;15.454;2.7;40.7;59.798;154.538;0.175
2020-05-01;10;12.425;27.0;57.325;37.792;93.175;2.898
2020-05-11;10;21.193;1.2;43.038;71.236;211.925;0.057
2020-05-21;11;15.958;24.3;63.227;39.858;175.538;1.384
2020-06-01;10;14.52;17.4;60.212;37.703;135.725;1.282
2020-06-11;10;17.355;9.4;56.8;47.06;173.55;0.542
2020-06-21;10;20.861;7.0;47.012;67.524;208.612;0.336
2020-07-01;10;22.158;30.0;61.75;49.93;221.575;1.354
2020-07-11;10;22.251;5.0;54.838;58.852;222.512;0.225
2020-07-21;11;17.975;40.6;66.216;39.993;197.725;2.053
2020-08-01;10;22.83;3.3;55.438;59.744;228.3;0.145
2020-08-11;10;19.366;12.5;67.388;38.155;193.662;0.645
2020-08-21;11;16.922;29.0;68.341;35.916;186.138;1.558
2020-09-01;10;12.358;14.6;72.662;24.503;78.188;1.867
2020-09-11;10;13.568;4.1;62.588;33.931;135.675;0.302
2020-09-21;10;8.895;30.1;66.388;24.105;29.225;10.299
2020-10-01;10;3.392;9.2;74.412;12.332;0.0;
2020-10-11;10;6.309;16.9;70.712;17.092;10.388;16.27
2020-10-21;11;2.248;30.6;73.989;14.057;0.0;
2020-11-01;10;2.321;9.7;75.825;11.787;0.0;
2020-11-11;10;-6.695;21.1;81.225;4.191;0.0;
2020-11-21;10;-8.531;0.9;79.375;3.611;0.0;
2020-12-01;10;-15.369;12.3;81.225;1.019;0.0;
2020-12-11;10;-10.228;10.5;75.925;3.199;0.0;
2020-12-21;11;-20.814;21.2;72.682;1.327;0.0;
2021-01-01;10;-25.178;4.8;69.588;0.505;0.0;
2021-01-11;10;-18.131;6.0;72.238;1.201;0.0;
2021-01-21;11;-18.199;19.3;72.568;1.694;0.0;
2021-02-01;10;-10.625;21.2;75.012;3.541;0.0;
2021-02-11;10;-15.685;17.2;70.948;2.465;0.0;
2021-02-21;8;-19.966;4.7;69.016;0.466;0.0;
2021-03-01;10;-7.71;14.6;74.675;4.627;0.0;
2021-03-11;10;-9.275;3.5;65.379;5.75;0.0;
2021-03-21;11;-1.031;17.5;74.227;9.544;0.0;
2021-04-01;10;2.165;0.1;58.925;18.833;0.0;
2021-04-11;10;3.785;2.7;52.775;23.93;11.2;2.411
2021-04-21;10;7.414;9.1;45.838;34.861;54.475;1.67
2021-05-01;10;12.662;17.0;39.138;52.193;112.462;1.512
2021-05-11;10;15.412;6.9;46.5;51.126;147.7;0.467
2021-05-21;11;17.507;9.9;49.489;59.301;184.988;0.535
2021-06-01;10;17.592;24.3;46.862;59.24;175.925;1.381
2021-06-11;10;18.726;4.1;49.9;58.972;187.262;0.219
2021-06-21;10;15.3;42.8;71.75;28.284;153.0;2.797
2021-07-01;10;22.105;20.4;57.125;55.541;221.05;0.923
2021-07-11;10;19.645;10.6;62.65;44.344;196.45;0.54
2021-07-21;11;21.403;5.0;56.057;60.583;235.438;0.212
2021-08-01;10;20.685;15.1;67.462;40.431;206.85;0.73
2021-08-11;10;17.782;29.2;68.788;34.004;177.825;1.642
2021-08-21;11;18.693;2.1;61.648;48.113;205.625;0.102
2021-09-01;10;15.098;6.1;60.112;39.507;150.975;0.404
2021-09-11;10;11.251;33.1;66.562;27.788;81.488;4.062
2021-09-21;10;4.046;15.3;79.65;10.317;0.0;
2021-10-01;10;4.031;19.9;77.025;11.709;0.0;
2021-10-11;10;3.888;2.0;63.688;17.755;0.0;
2021-10-21;11;4.142;7.9;60.398;22.27;0.0;
2021-11-01;10;-5.529;15.6;72.738;7.553;0.0;
2021-11-11;10;-6.301;31.0;82.588;3.481;0.0;
2021-11-21;10;-6.81;14.2;74.562;5.31;0.0;
2021-12-01;10;-8.179;12.4;78.238;4.032;0.0;
2021-12-11;10;-9.684;21.0;79.112;2.933;0.0;
2021-12-21;11;-8.785;10.8;80.705;3.478;0.0;
2022-01-01;10;-9.478;7.2;75.925;3.519;0.0;
2022-01-11;10;-12.984;3.9;78.162;2.475;0.0;
2022-01-21;11;-15.598;5.3;77.773;1.469;0.0;
2022-02-01;10;-11.181;3.8;72.275;3.238;0.0;
2022-02-11;10;-12.3;11.7;73.338;2.698;0.0;
2022-02-21;8;-5.316;6.7;72.953;5.356;0.0;
2022-03-01;10;-7.132;9.7;71.741;5.234;0.0;
2022-03-11;10;-10.608;0.2;52.412;5.645;0.0;
2022-03-21;11;-2.78;7.3;69.489;9.746;0.0;
2022-04-01;10;3.958;12.2;66.125;17.765;0.0;
2022-04-11;10;8.104;0.0;33.8;45.085;40.4;0.0
2022-04-21;10;7.851;4.7;46.925;41.959;67.15;0.7
2022-05-01;10;10.23;1.0;35.062;47.28;63.25;0.158
2022-05-11;10;19.246;8.0;32.588;76.116;192.462;0.416
2022-05-21;11;20.256;2.2;37.693;82.37;222.812;0.099
2022-06-01;10;12.674;25.5;50.688;42.97;99.738;2.557
2022-06-11;10;20.402;15.9;57.962;55.614;204.025;0.779
2022-06-21;10;20.746;36.6;61.0;49.31;207.462;1.764
2022-07-01;10;19.548;14.5;59.088;48.542;195.475;0.742
2022-07-11;10;19.388;2.4;53.188;54.019;193.875;0.124
2022-07-21;11;20.755;29.1;63.273;50.309;228.3;1.275
2022-08-01;10;20.121;6.9;58.012;49.679;201.212;0.343
2022-08-11;10;15.739;18.8;66.362;34.361;157.388;1.195
2022-08-21;11;16.403;6.0;61.466;43.43;180.438;0.333
2022-09-01;10;16.295;1.0;52.538;49.032;162.95;0.061
2022-09-11;10;10.884;3.0;56.45;34.255;83.85;0.358
2022-09-21;10;8.131;17.4;63.225;28.966;71.588;2.431
2022-10-01;10;6.09;4.8;63.838;21.087;12.8;3.75
2022-10-11;10;6.222;7.4;67.5;18.744;10.338;7.158
2022-10-21;11;2.252;12.9;70.955;14.241;10.25;12.585
2022-11-01;10;0.097;0.5;76.262;9.014;0.0;
2022-11-11;10;-4.211;22.7;80.175;5.147;0.0;
2022-11-21;10;-20.828;1.0;70.362;0.805;0.0;
2022-12-01;10;-19.204;2.4;74.188;0.591;0.0;
2022-12-11;10;-17.995;21.6;76.762;0.904;0.0;
2022-12-21;11;-12.838;18.9;77.545;2.367;0.0;
2023-01-01;10;-9.936;15.2;77.912;3.123;0.0;
2023-01-11;10;-15.153;14.4;75.662;1.869;0.0;
2023-01-21;11;-12.562;29.0;77.261;2.592;0.0;
2023-02-01;10;-16.988;2.3;76.025;1.106;0.0;
2023-02-11;10;-14.526;1.9;70.723;2.208;0.0;
2023-02-21;8;-4.521;11.0;73.276;5.693;0.0;
2023-03-01;10;-2.869;23.0;74.854;7.202;0.0;
2023-03-11;10;-2.398;14.0;56.775;13.055;0.0;
2023-03-21;11;-0.442;4.0;63.239;13.538;0.0;
2023-04-01;10;-0.801;2.5;46.75;18.886;0.0;
2023-04-11;10;-1.738;6.1;48.5;17.264;0.0;
2023-04-21;10;8.345;0.4;40.938;40.881;42.512;0.094
2023-05-01;10;11.921;2.4;38.562;54.37;99.688;0.241
2023-05-11;10;10.235;4.0;36.35;47.263;64.738;0.618
2023-05-21;11;16.107;0.4;31.989;74.021;177.175;0.023
2023-06-01;10;25.035;5.0;40.796;92.756;250.354;0.2
2023-06-11;10;18.674;0.9;45.4;63.235;186.738;0.048
2023-06-21;10;16.451;17.2;53.788;47.552;164.512;1.046
2023-07-01;10;21.706;29.8;55.05;57.77;217.062;1.373
2023-07-11;10;23.821;2.9;58.462;58.112;238.208;0.122
2023-07-21;11;21.622;18.5;65.466;48.248;237.838;0.778
2023-08-01;10;22.186;24.3;58.568;53.505;221.857;1.095
2023-08-11;10;14.944;57.4;76.411;22.121;149.441;3.841
2023-08-21;11;18.472;31.9;70.989;35.756;203.188;1.57
2023-09-01;10;14.609;36.5;68.993;29.76;146.088;2.499
2023-09-11;10;13.997;0.0;71.07;26.747;130.488;0.0
2023-09-21;10;9.241;20.1;75.412;17.84;29.75;6.756
2023-10-01;10;9.8;0.0;66.05;24.357;75.4;0.0
2023-10-11;10;9.024;3.5;68.802;21.589;49.155;0.712
2023-10-21;11;0.812;22.0;76.966;9.938;0.0;
2023-11-01;10;-3.379;11.7;85.586;3.923;0.0;
2023-11-11;10;2.233;12.5;83.441;7.49;0.0;
2023-11-21;10;-5.192;7.9;81.562;4.112;0.0;
2023-12-01;10;-15.499;31.4;83.638;1.661;0.0;
2023-12-11;10;-22.339;10.6;79.038;0.364;0.0;
2023-12-21;11;-3.039;11.7;90.364;3.227;0.0;
2024-01-01;10;-11.315;16.3;86.111;1.387;0.0;
2024-01-11;10;-17.196;6.2;74.666;1.597;0.0;
2024-01-21;11;-12.534;3.7;76.568;2.951;0.0;
2024-02-01;10;-4.65;15.5;78.95;5.706;0.0;
2024-02-11;10;-20.276;11.4;74.662;0.779;0.0;
2024-02-21;9;-15.939;1.0;73.468;1.221;0.0;
2024-03-01;10;-6.176;21.1;84.842;3.067;0.0;
2024-03-11;10;-4.629;9.4;79.488;5.332;0.0;
2024-03-21;11;0.003;5.9;73.886;10.255;0.0;
2024-04-01;10;4.014;5.1;79.175;10.854;0.0;
2024-04-11;10;4.788;12.1;62.7;19.234;10.475;11.551
2024-04-21;10;5.541;6.8;51.575;28.069;21.712;3.132
2024-05-01;10;10.62;19.4;53.125;36.76;72.825;2.664
2024-05-11;10;14.882;15.6;49.35;47.838;138.9;1.123
2024-05-21;11;10.403;20.7;65.159;27.401;78.412;2.64
2024-06-01;10;15.137;57.9;65.998;32.255;151.368;3.825
2024-06-11;10;21.144;30.0;62.5;48.725;211.438;1.419
2024-06-21;10;26.069;5.1;61.025;61.787;260.688;0.196
2024-07-01;10;21.381;36.7;69.732;38.095;213.81;1.716
2024-07-11;10;23.355;15.8;64.638;48.938;233.55;0.677
2024-07-21;11;23.317;33.0;69.828;45.54;256.482;1.287
2024-08-01;10;21.719;25.3;72.875;35.885;217.188;1.165
2024-08-11;10;19.606;25.3;69.775;35.939;196.062;1.29
2024-08-21;11;16.588;45.5;78.784;24.045;182.462;2.494
2024-09-01;10;12.37;61.6;82.775;14.441;114.325;5.388
2024-09-11;10;9.662;0.7;71.525;20.576;47.288;0.148
2024-09-21;10;8.705;5.8;68.25;23.093;53.488;1.084
2024-10-01;10;8.606;4.0;57.85;28.185;34.162;1.171
2024-10-11;10;0.057;0.0;69.538;10.997;0.0;
2024-10-21;11;3.958;19.3;86.33;7.571;0.0;
2024-11-01;10;-0.161;12.2;79.75;8.14;0.0;
2024-11-11;10;-5.422;11.6;82.55;4.261;0.0;
2024-11-21;10;-5.965;1.9;85.762;3.291;0.0;
2024-12-01;10;-10.224;9.3;88.962;1.441;0.0;
2024-12-11;10;-8.326;4.0;70.312;5.443;0.0;
2024-12-21;9;-11.404;7.4;85.653;1.56;0.0;
2025-01-01;10;-7.017;14.6;91.085;1.594;0.0;
2025-01-11;10;-6.972;4.8;83.475;3.091;0.0;
2025-01-21;11;-13.105;6.1;74.898;2.326;0.0;
2025-02-01;10;-11.024;15.0;82.9;2.076;0.0;
2025-02-11;10;-8.139;8.4;87.788;2.217;0.0;
2025-02-21;8;-8.562;3.0;73.359;3.648;0.0;
2025-03-01;10;-7.341;2.8;81.062;3.724;0.0;
2025-03-11;10;-1.882;6.2;62.362;13.282;0.0;
2025-03-21;11;0.441;7.3;67.989;13.736;0.0;
2025-04-01;10;6.501;8.4;62.038;23.339;12.4;6.774
2025-04-11;10;6.469;30.6;65.213;25.555;47.45;6.449
2025-04-21;10;10.395;13.8;49.738;38.361;75.312;1.832
2025-05-01;10;13.732;10.8;50.35;43.474;113.238;0.954
2025-05-11;10;12.054;23.0;61.238;31.459;102.775;2.238
2025-05-21;11;13.584;8.0;58.239;43.617;124.088;0.645
2025-06-01;10;21.022;27.0;58.388;54.123;210.225;1.284
2025-06-11;10;24.432;6.0;58.366;61.713;244.318;0.246
2025-06-21;10;20.155;10.7;62.05;46.716;201.55;0.531
2025-07-01;10;21.301;30.1;71.512;36.656;213.012;1.413
2025-07-11;10;19.58;43.6;71.2;33.755;195.8;2.227
2025-07-21;6;16.858;1.4;56.545;26.9;101.15;0.138
2025-12-11;2;-7.381;9.0;93.812;0.216;0.0;
2025-12-21;11;-11.444;17.2;79.682;3.008;0.0;
2026-01-01;1;-3.588;1.0;85.75;0.379;0.0;
