дата;температура;осадки;влажность;испаряемость;сумма_активных_температур;ГТК;SPI_3;SPEI_3
2007-07-01;19.4;4.4;75.679;19.516;135.8;0.324;;
2007-08-01;16.431;41.3;73.649;82.851;509.35;0.811;;
2007-09-01;12.683;29.8;73.467;74.553;298.525;0.998;-2.158;1.229
2007-10-01;2.926;44.9;76.581;33.807;0.0;;-0.285;0.634
2007-11-01;-5.201;43.7;81.092;14.388;0.0;;-0.147;0.332
2007-12-01;-10.416;37.3;85.468;5.725;0.0;;0.034;0.448
2008-01-01;-20.075;37.1;84.134;1.419;0.0;;-0.006;0.084
2008-02-01;-12.113;31.5;80.207;7.272;0.0;;0.301;0.402
2008-03-01;-2.022;27.4;70.379;29.385;0.0;;0.612;0.408
2008-04-01;3.716;38.4;59.903;65.799;70.8;5.424;1.158;0.771
2008-05-01;13.503;24.4;53.467;130.802;362.642;0.673;0.099;0.103
2008-06-01;18.031;52.6;68.425;109.28;540.94;0.972;0.146;0.723
2008-07-01;21.677;38.0;65.728;136.874;671.975;0.565;-0.255;0.096
2008-08-01;17.169;34.6;67.688;106.18;532.242;0.65;-0.461;0.505
2008-09-01;9.347;30.9;73.678;57.679;173.533;1.781;-0.789;-0.101
2008-10-01;5.191;35.8;73.065;46.069;22.4;15.982;-0.683;0.011
2008-11-01;-0.828;35.9;85.733;15.844;0.0;;-0.736;-0.045
2008-12-01;-13.478;37.4;83.043;3.6;0.0;;-0.445;-0.377
2009-01-01;-16.028;42.3;80.589;4.187;0.0;;-0.113;-0.131
2009-02-01;-19.386;36.0;77.312;2.188;0.0;;0.641;0.948
2009-03-01;-5.331;12.1;71.774;22.266;0.0;;0.433;0.537
2009-04-01;5.138;36.1;68.983;52.505;21.825;16.541;0.557;1.075
2009-05-01;13.113;28.3;57.032;118.202;357.6;0.791;-0.367;0.366
2009-06-01;14.335;97.6;72.328;82.788;395.308;2.469;1.232;1.442
2009-07-01;19.249;62.3;71.304;102.999;596.733;1.044;0.636;1.456
2009-08-01;17.565;59.5;71.202;95.551;544.525;1.093;1.198;1.837
2009-09-01;11.421;26.9;69.989;72.178;274.325;0.981;0.368;0.993
2009-10-01;3.582;44.1;79.898;34.88;64.43;6.845;0.101;0.69
2009-11-01;-7.053;42.0;86.664;7.073;0.0;;-0.341;0.426
2009-12-01;-18.07;47.8;85.616;3.266;0.0;;0.257;0.822
2010-01-01;-25.037;12.2;81.325;0.969;0.0;;-0.701;-0.191
2010-02-01;-21.647;11.5;78.596;2.082;0.0;;-0.921;-0.658
2010-03-01;-7.109;44.3;83.444;10.295;0.0;;-0.317;0.297
2010-04-01;3.653;44.0;67.576;57.041;77.562;5.673;1.27;1.585
2010-05-01;9.624;64.9;62.601;86.992;200.118;3.243;1.838;1.653
2010-06-01;17.85;21.7;59.39;138.928;535.499;0.405;0.504;1.031
2010-07-01;18.003;63.6;68.671;107.564;558.097;1.14;0.175;0.873
2010-08-01;17.616;9.1;66.165;112.923;546.111;0.167;-2.171;0.02
2010-09-01;11.437;22.7;66.062;86.814;248.688;0.913;-1.085;-0.351
2010-10-01;5.459;23.0;70.888;51.373;41.104;5.596;-1.984;-1.501
2010-11-01;-2.826;73.0;81.697;18.334;0.0;;-0.136;-0.666
2010-12-01;-19.457;69.3;77.022;3.435;0.0;;1.104;0.891
2011-01-01;-21.756;6.6;77.292;3.208;0.0;;1.298;1.271
2011-02-01;-13.081;19.4;78.035;6.271;0.0;;-0.071;0.032
2011-03-01;-5.659;13.8;69.693;22.659;0.0;;-1.356;-1.243
2011-04-01;7.985;35.1;63.255;80.672;144.668;2.426;-0.197;-0.198
2011-05-01;12.23;28.3;50.832;127.743;304.525;0.929;-0.342;-0.15
2011-06-01;21.284;22.1;58.804;160.704;638.51;0.346;-0.568;-0.209
2011-07-01;17.644;52.6;66.415;110.269;546.961;0.962;-0.402;-0.249
2011-08-01;15.968;55.1;72.755;85.548;485.041;1.136;-0.332;0.51
2011-09-01;12.414;29.4;63.636;94.051;329.773;0.892;0.12;0.59
2011-10-01;7.076;28.7;76.008;49.376;156.912;1.829;-0.36;-0.124
2011-11-01;-7.751;36.5;79.101;13.251;0.0;;-1.061;-1.33
2011-12-01;-11.925;33.7;81.825;5.709;0.0;;-0.743;-0.836
2012-01-01;-19.325;8.1;81.984;1.762;0.0;;-1.744;-1.567
2012-02-01;-17.543;1.3;78.903;2.676;0.0;;-1.96;-1.749
2012-03-01;-3.771;25.4;72.507;23.1;0.0;;-1.554;-1.254
2012-04-01;7.228;3.2;52.227;90.706;76.052;0.421;-2.142;-1.332
2012-05-01;12.023;12.6;50.126;129.846;275.004;0.458;-1.846;-0.827
2012-06-01;23.004;25.3;50.079;210.243;690.116;0.367;-1.653;-1.451
2012-07-01;23.8;1.6;53.88;199.947;737.791;0.022;-1.186;-1.996
2012-08-01;17.635;97.4;67.029;110.816;546.691;1.782;-0.488;-2.083
2012-09-01;13.046;29.9;66.051;94.639;302.608;0.988;-0.07;-1.47
2012-10-01;3.23;42.5;71.751;42.258;35.642;11.924;1.118;0.585
2012-11-01;-7.028;81.4;84.732;9.78;0.0;;0.992;0.66
2012-12-01;-23.819;25.0;77.074;2.889;0.0;;0.667;0.926
2013-01-01;-15.345;43.5;82.331;3.811;0.0;;1.339;1.618
2013-02-01;-14.058;33.0;78.654;5.104;0.0;;0.147;0.33
2013-03-01;-6.072;34.8;70.646;19.02;0.0;;1.085;1.212
2013-04-01;4.486;23.0;63.146;60.791;72.075;3.191;0.862;1.042
2013-05-01;8.807;73.8;63.029;79.733;137.646;5.362;1.299;1.4
2013-06-01;15.34;;61.72;115.234;438.982;;;
2013-07-01;20.237;;66.58;125.239;627.354;;;
2013-08-01;18.171;;75.468;81.57;563.3;;;
2013-09-01;9.894;;73.667;61.678;197.55;;;
2013-10-01;3.87;17.8;77.174;12.248;10.4;17.115;;
2013-11-01;-1.894;4.3;82.598;6.226;0.0;;;
2013-12-01;-6.726;38.5;82.672;11.344;0.0;;-1.914;-0.828
2014-01-01;-15.218;60.0;81.317;4.829;0.0;;-0.666;-0.659
2014-02-01;-18.177;29.2;79.686;3.17;0.0;;1.054;1.043
2014-03-01;-2.611;21.1;73.609;27.603;0.0;;1.055;0.953
2014-04-01;5.848;19.7;54.429;82.536;78.775;2.501;-0.115;-0.253
2014-05-01;10.503;44.1;52.528;111.475;208.275;2.117;-0.076;0.09
2014-06-01;18.298;15.2;52.175;173.476;492.738;0.308;-0.725;-0.264
2014-07-01;20.878;76.1;60.657;155.405;647.225;1.176;-0.006;-0.343
2014-08-01;19.069;40.2;62.71;135.121;564.125;0.713;-0.287;-1.009
2014-09-01;8.758;53.4;68.954;63.867;110.062;4.852;0.764;0.105
2014-10-01;0.816;80.1;77.935;27.272;0.0;;1.217;1.027
2014-11-01;-8.814;63.9;83.64;7.98;0.0;;2.165;2.532
2014-12-01;-10.877;35.5;80.331;7.676;0.0;;1.474;1.57
2015-01-01;-12.815;38.3;78.217;7.605;0.0;;0.828;0.888
2015-02-01;-10.857;37.4;77.446;8.108;0.0;;0.485;0.254
2015-03-01;-4.836;32.3;75.764;16.684;0.0;;0.985;0.981
2015-04-01;6.923;10.5;56.265;83.312;96.625;1.087;0.37;0.168
2015-05-01;13.714;70.8;52.883;129.926;390.338;1.814;0.809;0.368
2015-06-01;20.355;20.9;51.475;182.856;610.662;0.342;-0.168;-0.325
2015-07-01;18.669;48.1;63.773;46.935;205.362;2.342;0.048;0.521
2016-08-01;17.985;20.2;66.086;115.325;557.533;0.362;;
2016-09-01;14.407;18.0;63.222;106.34;387.317;0.465;;
2016-10-01;-1.042;80.0;76.419;26.171;0.0;;-0.226;-0.385
2016-11-01;-12.344;61.2;78.525;8.032;0.0;;1.149;0.969
2016-12-01;-11.972;61.8;79.22;7.858;0.0;;2.069;1.834
2017-01-01;-15.67;12.4;77.5;3.502;0.0;;0.731;0.954
2017-02-01;-11.801;20.9;74.009;9.425;0.0;;-0.078;-0.296
2017-03-01;-4.075;6.0;68.849;25.292;0.0;;-1.376;-1.426
2017-04-01;5.491;;62.867;69.014;80.325;;;
2017-05-01;13.26;;45.718;149.365;348.983;;;
2017-06-01;20.338;;54.925;168.855;610.133;;;
2017-07-01;19.323;23.9;68.089;113.498;599.017;0.399;;
2017-08-01;17.827;52.0;67.202;111.1;552.633;0.941;;
2017-09-01;9.621;40.0;69.625;69.282;186.883;2.14;-0.408;0.212
2017-10-01;2.394;24.5;72.395;37.767;0.0;;-0.272;0.144
2017-11-01;-4.744;30.4;79.901;15.542;0.0;;-1.048;-0.367
2017-12-01;-11.348;48.7;82.669;6.687;0.0;;-0.605;-0.377
2018-01-01;-19.913;38.0;74.065;3.183;0.0;;-0.049;-0.144
2018-02-01;-13.362;4.3;73.771;6.846;0.0;;-0.223;-0.298
2018-03-01;-6.908;20.0;70.131;18.358;0.0;;-0.517;-0.417
2018-04-01;4.163;26.6;60.212;63.585;50.888;5.227;-1.055;-0.105
2018-05-01;7.294;70.2;62.871;72.771;97.138;7.227;0.9;1.299
2018-06-01;20.036;90.6;60.01;150.52;601.095;1.507;1.812;1.393
2018-07-01;19.483;51.5;59.574;147.921;603.964;0.853;0.927;1.094
2018-08-01;17.696;41.3;64.471;119.226;548.578;0.753;0.712;0.42
2018-09-01;11.614;36.2;69.044;76.548;287.216;1.26;-0.068;-0.399
2018-10-01;6.1;33.2;63.653;69.53;97.105;3.419;-0.428;-0.835
2018-11-01;-7.808;73.7;82.13;9.648;0.0;;0.669;0.086
2018-12-01;-18.258;21.8;74.864;2.972;0.0;;0.112;-0.279
2019-01-01;-13.865;13.2;76.496;6.579;0.0;;-0.41;-0.246
2019-02-01;-15.013;10.2;68.51;10.314;0.0;;-1.882;-1.963
2019-03-01;-1.624;15.1;69.957;31.525;0.0;;-1.407;-1.713
2019-04-01;4.778;15.0;47.609;86.906;51.771;2.897;-1.596;-1.373
2019-05-01;11.779;41.2;41.374;149.636;307.266;1.341;-0.556;-0.749
2019-06-01;17.18;21.8;60.08;130.61;515.391;0.423;-0.749;-0.271
2019-07-01;20.558;64.1;60.573;149.587;637.298;1.006;-0.107;-0.32
2019-08-01;19.766;17.7;57.968;155.624;612.748;0.289;-1.331;-1.004
2019-09-01;11.767;46.6;65.2;88.467;297.267;1.568;-0.082;-1.279
2019-10-01;5.503;30.7;65.056;63.208;75.338;4.075;-0.855;-1.726
2019-11-01;-9.708;43.8;75.98;13.824;0.0;;-0.052;-0.855
2019-12-01;-8.841;68.6;81.749;8.855;0.0;;0.51;0.05
2020-01-01;-10.055;50.5;81.169;8.154;0.0;;1.879;1.571
2020-02-01;-6.622;41.6;77.991;13.332;0.0;;2.168;1.753
2020-03-01;-2.645;17.2;68.507;29.479;0.0;;1.024;0.422
2020-04-01;9.93;6.1;45.604;126.395;202.75;0.301;-0.362;-1.702
2020-05-01;16.507;52.5;54.81;148.885;480.638;1.092;-0.392;-1.177
2020-06-01;17.579;33.8;54.675;152.287;517.888;0.653;-0.402;-0.806
2020-07-01;20.704;75.6;61.105;148.775;641.812;1.178;0.317;-0.171
2020-08-01;19.616;44.8;63.871;133.816;608.1;0.737;0.218;-0.203
2020-09-01;11.607;48.8;67.212;82.539;243.088;2.008;0.755;-0.079
2020-10-01;3.927;56.7;73.069;43.481;10.388;54.585;0.618;-0.006
2020-11-01;-4.302;31.7;78.808;19.588;0.0;;0.484;0.212
2020-12-01;-15.642;44.0;76.484;5.546;0.0;;0.215;0.236
2021-01-01;-20.428;30.1;71.5;3.401;0.0;;-0.536;-0.796
2021-02-01;-15.101;43.1;71.847;6.472;0.0;;0.693;0.802
2021-03-01;-5.845;35.6;71.517;19.921;0.0;;1.009;1.084
2021-04-01;4.455;11.9;52.512;77.623;65.675;1.812;0.852;0.557
2021-05-01;15.269;33.8;45.185;162.62;445.15;0.759;-0.199;-0.502
2021-06-01;17.206;71.2;56.171;146.496;516.188;1.379;0.181;-0.056
2021-07-01;21.062;36.0;58.528;160.467;652.938;0.551;0.063;-0.578
2021-08-01;19.042;46.4;65.827;122.548;590.3;0.786;0.206;-0.134
2021-09-01;10.132;54.5;68.775;77.612;232.462;2.344;0.116;-0.556
2021-10-01;4.024;29.8;66.823;51.735;0.0;;0.106;-0.227
2021-11-01;-6.213;60.8;76.629;16.345;0.0;;0.731;0.441
2021-12-01;-8.879;44.2;79.395;10.443;0.0;;0.282;0.023
2022-01-01;-12.78;16.4;77.302;7.464;0.0;;0.136;-0.355
2022-02-01;-9.905;22.2;72.848;11.292;0.0;;-0.515;-1.087
2022-03-01;-6.709;17.2;64.707;20.625;0.0;;-0.752;-0.983
2022-04-01;6.638;16.9;48.95;104.809;107.55;1.571;-0.784;-1.193
2022-05-01;16.696;11.2;35.198;205.767;478.525;0.234;-1.645;-1.859
2022-06-01;17.941;78.0;56.55;147.894;511.225;1.526;-0.075;-1.01
2022-07-01;19.924;46.0;58.669;152.87;617.65;0.745;-0.008;-0.982
2022-08-01;17.388;31.7;61.931;127.47;539.038;0.588;0.247;-0.085
2022-09-01;11.77;21.4;57.404;112.253;318.388;0.672;-0.944;-1.755
2022-10-01;4.771;25.1;67.544;54.072;33.388;7.518;-1.32;-1.77
2022-11-01;-8.314;24.2;75.6;14.967;0.0;;-2.178;-2.404
2022-12-01;-16.555;42.9;76.21;3.862;0.0;;-0.941;-1.268
2023-01-01;-12.551;58.6;76.956;7.584;0.0;;0.319;0.211
2023-02-01;-12.547;15.2;73.346;9.006;0.0;;0.676;0.59
2023-03-01;-1.856;41.0;64.901;33.795;0.0;;1.19;0.625
2023-04-01;1.935;9.0;45.396;77.031;42.512;2.117;-0.347;-0.556
2023-05-01;12.862;6.8;35.516;175.654;341.6;0.199;-1.13;-1.186
2023-06-01;20.053;23.1;46.661;203.543;601.604;0.384;-1.708;-1.775
2023-07-01;22.358;51.2;59.847;164.13;693.108;0.739;-0.672;-1.726
2023-08-01;18.532;113.6;68.731;111.382;574.486;1.977;0.779;-0.358
2023-09-01;12.616;56.6;71.825;74.347;306.325;1.848;1.561;0.914
2023-10-01;6.361;25.5;70.811;55.884;124.555;2.047;1.767;1.135
2023-11-01;-2.113;32.1;83.53;15.525;0.0;;-0.297;-0.482
2023-12-01;-13.284;53.7;84.54;5.252;0.0;;-0.381;-0.688
2024-01-01;-13.645;26.2;79.033;5.936;0.0;;-0.268;-0.44
2024-02-01;-13.542;27.9;75.77;7.706;0.0;;0.367;0.298
2024-03-01;-3.484;36.4;79.227;18.654;0.0;;0.437;0.418
2024-04-01;4.781;24.0;64.483;58.157;32.188;7.456;0.747;0.992
2024-05-01;11.918;55.7;56.177;111.999;290.138;1.92;0.88;0.916
2024-06-01;20.783;93.0;63.174;142.767;623.493;1.492;1.477;1.12
2024-07-01;22.705;85.5;68.123;132.573;703.842;1.215;1.191;1.144
2024-08-01;19.217;96.1;73.972;95.869;595.712;1.613;1.798;1.634
2024-09-01;10.246;68.1;74.183;58.11;215.1;3.166;1.929;1.827
2024-10-01;4.199;23.3;71.726;46.753;34.162;6.82;1.563;1.628
2024-11-01;-3.85;25.7;82.688;15.692;0.0;;-0.193;0.358
2024-12-01;-9.936;20.7;81.504;8.444;0.0;;-1.627;-2.143
2025-01-01;-9.163;25.5;82.886;7.011;0.0;;-2.029;-2.111
2025-02-01;-9.29;26.4;81.92;7.94;0.0;;-0.881;-1.239
2025-03-01;-2.819;16.3;70.391;30.742;0.0;;-0.31;-0.793
2025-04-01;7.788;52.8;58.996;87.255;135.162;3.906;1.076;0.099
2025-05-01;13.138;41.8;56.661;118.55;340.1;1.229;0.732;0.242
2025-06-01;21.87;43.7;59.601;162.552;656.093;0.666;0.683;0.358
2025-07-01;19.614;75.1;67.938;97.311;509.962;1.473;0.301;0.542
2025-12-01;-10.819;26.2;81.856;3.224;0.0;;;
2026-01-01;-3.588;1.0;85.75;0.379;0.0;;;
