date;temperature;precipitation;humidity;evaporation;GTK
2020-01-01;-13.262;1.0;80.125;0.159;
2020-01-02;-0.975;10.0;90.625;0.314;
2020-01-03;-2.838;0.6;80.25;0.563;
2020-01-04;-5.512;0.0;78.75;0.469;
2020-01-05;-2.412;0.2;83.25;0.496;
2020-01-06;-6.1;0.0;84.375;0.324;
2020-01-07;-7.512;0.8;86.125;0.246;
2020-01-08;-9.725;1.2;84.375;0.212;
2020-01-09;-12.975;1.0;83.625;0.137;
2020-01-10;-17.062;0.2;79.625;0.075;
2020-01-11;-16.775;0.3;79.25;0.082;
2020-01-12;-14.462;0.0;77.875;0.143;
2020-01-13;-13.025;1.0;83.75;0.135;
2020-01-14;-10.425;1.1;80.625;0.239;
2020-01-15;-6.812;2.7;82.25;0.341;
2020-01-16;-5.762;2.4;84.625;0.33;
2020-01-17;-7.5;4.2;85.375;0.26;
2020-01-18;-9.538;3.2;77.5;0.312;
2020-01-19;-9.662;2.7;80.5;0.266;
2020-01-20;-18.725;0.0;78.625;0.049;
2020-01-21;-19.612;0.0;80.75;0.032;
2020-01-22;-15.712;0.7;83.0;0.085;
2020-01-23;-5.562;1.6;84.75;0.335;
2020-01-24;-1.388;4.0;90.875;0.295;
2020-01-25;-1.9;5.0;81.125;0.585;
2020-01-26;-9.575;0.0;73.75;0.363;
2020-01-27;-7.088;0.2;71.875;0.524;
2020-01-28;-4.088;1.0;78.875;0.536;
2020-01-29;-11.188;5.0;79.75;0.224;
2020-01-30;-22.712;0.4;73.75;0.008;
2020-01-31;-21.825;0.0;76.25;0.014;
2020-02-01;-18.488;0.0;76.25;0.063;
2020-02-02;-14.975;0.0;64.875;0.219;
2020-02-03;-10.175;0.0;58.5;0.566;
2020-02-04;-4.675;5.0;84.0;0.41;
2020-02-05;-4.275;0.4;81.875;0.483;
2020-02-06;-1.438;0.3;83.125;0.582;
2020-02-07;-4.588;2.9;81.375;0.482;
2020-02-08;0.088;3.0;77.375;0.884;
2020-02-09;0.688;8.0;91.0;0.369;
2020-02-10;-11.65;4.0;81.625;0.203;
2020-02-11;-19.162;0.0;78.5;0.045;
2020-02-12;-15.638;0.0;71.25;0.156;
2020-02-13;-11.425;0.0;64.625;0.405;
2020-02-14;-7.5;0.0;72.875;0.516;
2020-02-15;-6.412;0.0;77.0;0.493;
2020-02-16;-8.0;0.0;78.875;0.379;
2020-02-17;-4.725;0.0;76.25;0.606;
2020-02-18;-7.613;1.1;81.5;0.347;
2020-02-19;-6.762;3.0;85.125;0.307;
2020-02-20;-2.55;3.0;87.625;0.387;
2020-02-21;-4.138;2.6;76.125;0.645;
2020-02-22;-4.5;1.0;82.625;0.453;
2020-02-23;-2.112;0.4;83.125;0.549;
2020-02-24;-2.462;0.0;70.875;0.918;
2020-02-25;-5.6;0.0;77.75;0.52;
2020-02-26;-7.988;0.1;79.5;0.368;
2020-02-27;-4.275;1.0;72.625;0.73;
2020-02-28;-1.3;2.9;82.125;0.623;
2020-02-29;-0.4;2.9;83.375;0.624;
2020-03-01;0.288;0.0;74.625;0.942;
2020-03-02;0.287;0.0;70.0;1.114;
2020-03-03;-2.175;0.0;74.125;0.783;
2020-03-04;-4.175;1.0;84.375;0.393;
2020-03-05;-3.05;4.0;86.625;0.374;
2020-03-06;-10.825;0.1;66.0;0.397;
2020-03-07;-15.325;0.0;67.25;0.178;
2020-03-08;-9.2;2.5;75.25;0.359;
2020-03-09;-5.112;1.2;81.25;0.431;
2020-03-10;-5.35;5.0;73.875;0.586;
2020-03-11;-9.088;0.0;71.125;0.425;
2020-03-12;-4.037;0.0;69.875;0.769;
2020-03-13;-1.525;0.0;53.875;1.476;
2020-03-14;-1.262;0.0;55.625;1.452;
2020-03-15;2.45;0.0;73.75;1.148;
2020-03-16;3.325;0.0;66.75;1.549;
2020-03-17;0.075;0.0;65.375;1.264;
2020-03-18;0.125;1.0;73.75;0.962;
2020-03-19;-1.225;0.0;73.875;0.857;
2020-03-20;0.488;0.0;72.0;1.056;
2020-03-21;2.7;0.0;60.375;1.765;
2020-03-22;1.775;0.3;73.25;1.114;
2020-03-23;-5.662;0.0;50.375;1.077;
2020-03-24;-9.05;0.0;50.5;0.731;
2020-03-25;-6.6;0.0;60.0;0.786;
2020-03-26;-3.85;0.0;68.875;0.808;
2020-03-27;-1.975;0.1;69.125;0.95;
2020-03-28;0.688;2.0;74.25;0.987;
2020-03-29;-0.071;0.0;67.714;1.165;
2020-03-30;1.988;0.0;62.875;1.57;
2020-03-31;3.375;0.0;57.0;2.01;
2020-04-01;4.412;0.0;48.625;2.667;
2020-04-02;6.413;0.0;41.375;3.471;
2020-04-03;5.262;0.3;65.5;1.896;
2020-04-04;2.525;0.0;52.5;2.159;
2020-04-05;5.188;0.0;41.75;3.185;
2020-04-06;5.925;0.0;45.125;3.149;
2020-04-07;8.225;0.0;62.0;2.517;
2020-04-08;5.4;0.0;48.625;2.849;
2020-04-09;2.862;0.0;46.75;2.48;
2020-04-10;3.137;0.1;65.5;1.639;
2020-04-11;5.088;0.0;60.75;2.132;
2020-04-12;7.387;0.0;40.5;3.745;
2020-04-13;8.55;0.0;35.375;4.365;
2020-04-14;10.675;0.0;51.125;3.732;0.0
2020-04-15;7.562;3.0;61.25;2.465;
2020-04-16;7.3;0.0;51.75;3.02;
2020-04-17;9.912;0.0;45.25;4.004;
2020-04-18;11.25;0.0;35.625;5.076;0.0
2020-04-19;12.288;0.0;27.375;6.058;0.0
2020-04-20;14.0;0.0;34.375;5.989;0.0
2020-04-21;17.362;0.0;26.125;7.954;0.0
2020-04-22;18.588;0.0;26.375;8.393;0.0
2020-04-23;21.988;0.0;20.375;10.548;0.0
2020-04-24;16.212;0.0;42.375;5.872;0.0
2020-04-25;11.45;0.0;52.0;3.826;0.0
2020-04-26;11.138;0.0;36.375;4.985;0.0
2020-04-27;13.338;0.0;31.25;6.063;0.0
2020-04-28;11.4;2.0;56.125;3.488;1.754
2020-04-29;17.162;0.7;62.25;4.026;0.408
2020-04-30;15.9;0.0;53.75;4.642;0.0
2020-05-01;9.5;3.0;71.875;1.944;
2020-05-02;10.975;5.0;62.625;2.809;4.556
2020-05-03;14.625;0.0;47.875;4.752;0.0
2020-05-04;7.7;14.0;80.0;1.242;
2020-05-05;6.112;2.0;68.0;1.799;
2020-05-06;7.762;2.0;66.0;2.119;
2020-05-07;13.862;1.0;55.0;3.946;0.721
2020-05-08;15.175;0.0;42.5;5.389;0.0
2020-05-09;17.438;0.0;42.0;6.065;0.0
2020-05-10;21.1;0.0;37.375;7.728;0.0
2020-05-11;22.412;0.0;30.625;9.055;0.0
2020-05-12;23.238;0.0;33.375;9.002;0.0
2020-05-13;23.287;0.0;39.0;8.259;0.0
2020-05-14;20.5;0.0;43.5;6.792;0.0
2020-05-15;18.85;0.0;40.125;6.685;0.0
2020-05-16;18.712;0.4;57.25;4.743;0.214
2020-05-17;19.725;0.8;49.75;5.836;0.406
2020-05-18;22.325;0.0;47.25;6.86;0.0
2020-05-19;23.712;0.0;39.25;8.37;0.0
2020-05-20;19.162;0.0;50.25;5.634;0.0
2020-05-21;13.475;9.0;81.125;1.622;6.679
2020-05-22;16.262;0.0;70.875;2.879;0.0
2020-05-23;18.325;0.0;58.0;4.578;0.0
2020-05-24;18.2;0.0;56.5;4.714;0.0
2020-05-25;17.3;6.0;77.625;2.325;3.468
2020-05-26;22.288;0.0;59.0;5.323;0.0
2020-05-27;11.362;0.3;55.625;3.407;0.264
2020-05-28;12.475;0.0;53.625;3.782;0.0
2020-05-29;16.65;0.0;48.875;5.15;0.0
2020-05-30;16.188;5.0;61.5;3.792;3.089
2020-05-31;13.012;4.0;72.75;2.286;3.074
2020-06-01;15.588;2.0;62.75;3.682;1.283
2020-06-02;15.912;3.0;68.0;3.214;1.885
2020-06-03;12.875;0.0;55.625;3.819;0.0
2020-06-04;12.0;0.0;48.375;4.24;0.0
2020-06-05;9.475;3.0;70.625;2.095;
2020-06-06;12.225;0.5;67.875;2.671;0.409
2020-06-07;18.225;0.0;58.375;4.666;0.0
2020-06-08;17.725;0.9;54.625;4.97;0.508
2020-06-09;16.475;7.0;54.875;4.657;4.249
2020-06-10;14.7;1.0;61.0;3.688;0.68
2020-06-11;17.9;0.0;62.125;4.182;0.0
2020-06-12;22.4;0.0;57.5;5.729;0.0
2020-06-13;22.712;5.5;58.125;5.72;2.422
2020-06-14;19.25;0.0;49.25;5.962;0.0
2020-06-15;14.412;0.0;48.375;4.811;0.0
2020-06-16;14.712;0.0;54.125;4.341;0.0
2020-06-17;18.2;0.0;44.375;6.229;0.0
2020-06-18;18.325;0.0;62.25;4.252;0.0
2020-06-19;13.9;2.9;67.625;2.939;2.086
2020-06-20;11.738;1.0;64.25;2.895;0.852
2020-06-21;14.175;7.0;60.875;3.603;4.938
2020-06-22;19.662;0.0;40.375;7.136;0.0
2020-06-23;21.325;0.0;46.75;6.856;0.0
2020-06-24;22.55;0.0;51.25;6.613;0.0
2020-06-25;21.688;0.0;48.125;6.784;0.0
2020-06-26;22.338;0.0;50.0;6.723;0.0
2020-06-27;24.838;0.0;50.0;7.451;0.0
2020-06-28;18.625;0.0;49.125;5.809;0.0
2020-06-29;20.975;0.0;37.125;7.974;0.0
2020-06-30;22.438;0.0;36.5;8.574;0.0
2020-07-01;23.112;0.0;43.375;7.611;0.0
2020-07-02;21.975;16.0;71.375;3.668;7.281
2020-07-03;22.1;2.0;73.0;3.478;0.905
2020-07-04;23.612;0.0;56.0;6.038;0.0
2020-07-05;22.538;0.6;58.125;5.495;0.266
2020-07-06;19.838;0.0;72.625;3.196;0.0
2020-07-07;21.912;0.4;59.5;5.175;0.183
2020-07-08;23.338;0.0;49.875;6.8;0.0
2020-07-09;23.5;3.0;62.25;5.156;1.277
2020-07-10;19.65;8.0;71.375;3.314;4.071
2020-07-11;19.45;0.0;63.25;4.216;0.0
2020-07-12;22.05;0.0;58.375;5.35;0.0
2020-07-13;20.45;5.0;72.0;3.358;2.445
2020-07-14;22.612;0.0;58.625;5.446;0.0
2020-07-15;20.8;0.0;47.625;6.379;0.0
2020-07-16;21.75;0.0;46.875;6.742;0.0
2020-07-17;25.738;0.0;55.0;6.726;0.0
2020-07-18;22.212;0.0;44.5;7.183;0.0
2020-07-19;23.088;0.0;45.0;7.385;0.0
2020-07-20;24.362;0.0;57.125;6.066;0.0
2020-07-21;19.662;0.0;65.5;3.996;0.0
2020-07-22;18.375;0.0;62.875;4.056;0.0
2020-07-23;16.912;3.0;63.0;3.774;1.774
2020-07-24;18.338;0.0;47.875;5.684;0.0
2020-07-25;17.588;11.0;71.0;3.054;6.254
2020-07-26;17.362;2.0;77.25;2.371;1.152
2020-07-27;18.512;4.5;67.25;3.6;2.431
2020-07-28;19.225;0.0;64.0;4.088;0.0
2020-07-29;18.825;4.1;71.375;3.192;2.178
2020-07-30;17.25;13.0;67.625;3.356;7.536
2020-07-31;15.675;3.0;70.625;2.822;1.914
2020-08-01;19.438;1.0;64.25;4.099;0.514
2020-08-02;22.45;0.0;55.875;5.769;0.0
2020-08-03;23.462;0.0;46.5;7.296;0.0
2020-08-04;24.25;0.0;46.25;7.57;0.0
2020-08-05;23.362;0.0;44.625;7.52;0.0
2020-08-06;22.788;0.0;52.0;6.365;0.0
2020-08-07;21.238;0.3;69.0;3.848;0.141
2020-08-08;22.188;2.0;67.25;4.234;0.901
2020-08-09;24.262;0.0;57.125;6.042;0.0
2020-08-10;24.862;0.0;51.5;7.002;0.0
2020-08-11;24.962;0.0;49.75;7.283;0.0
2020-08-12;22.012;0.0;63.875;4.636;0.0
2020-08-13;19.175;3.4;73.75;2.974;1.773
2020-08-14;18.112;2.0;80.125;2.145;1.104
2020-08-15;17.25;0.0;74.0;2.695;0.0
2020-08-16;17.4;0.0;69.75;3.158;0.0
2020-08-17;20.4;0.0;62.875;4.443;0.0
2020-08-18;20.025;0.8;67.0;3.884;0.4
2020-08-19;17.525;4.3;68.0;3.36;2.454
2020-08-20;16.8;2.0;64.75;3.576;1.19
2020-08-21;17.338;0.0;54.25;4.762;0.0
2020-08-22;16.112;7.0;68.625;3.079;4.344
2020-08-23;16.588;2.0;71.0;2.912;1.206
2020-08-24;16.038;6.0;76.125;2.335;3.741
2020-08-25;15.912;0.0;71.25;2.794;0.0
2020-08-26;14.612;2.0;75.375;2.244;1.369
2020-08-27;16.2;12.0;79.0;2.07;7.407
2020-08-28;17.262;0.0;67.0;3.422;0.0
2020-08-29;17.588;0.0;62.25;3.976;0.0
2020-08-30;19.612;0.0;60.625;4.55;0.0
2020-08-31;18.875;0.0;66.25;3.772;0.0
2020-09-01;18.612;0.1;67.25;3.738;0.054
2020-09-02;17.0;3.0;73.5;2.805;1.765
2020-09-03;21.175;0.0;56.0;5.629;0.0
2020-09-04;10.838;0.0;66.5;2.581;0.0
2020-09-05;8.6;0.4;76.75;1.575;
2020-09-06;9.975;0.1;73.75;1.927;
2020-09-07;10.562;0.0;68.625;2.381;0.0
2020-09-08;8.113;11.0;83.75;1.069;
2020-09-09;9.212;0.0;82.125;1.255;
2020-09-10;9.488;0.0;78.375;1.543;
2020-09-11;12.0;1.0;73.875;2.146;0.833
2020-09-12;12.75;0.0;67.25;2.8;0.0
2020-09-13;13.925;0.0;53.375;4.239;0.0
2020-09-14;14.3;0.0;53.125;4.344;0.0
2020-09-15;14.9;0.0;52.625;4.525;0.0
2020-09-16;14.438;0.0;63.125;3.441;0.0
2020-09-17;15.588;0.5;56.375;4.312;0.321
2020-09-18;11.15;1.6;73.25;2.097;1.435
2020-09-19;11.6;1.0;73.0;2.17;0.862
2020-09-20;15.025;0.0;59.875;3.857;0.0
2020-09-21;15.775;0.0;55.5;4.439;0.0
2020-09-22;13.45;0.0;46.75;4.723;0.0
2020-09-23;9.125;0.7;68.25;2.218;
2020-09-24;8.7;6.0;75.0;1.704;
2020-09-25;8.025;0.3;79.125;1.366;
2020-09-26;8.0;4.0;72.75;1.781;
2020-09-27;7.85;0.0;68.625;2.031;
2020-09-28;7.762;0.0;69.375;1.972;
2020-09-29;6.012;19.1;68.625;1.811;
2020-09-30;4.25;0.0;59.875;2.06;
2020-10-01;5.412;0.0;72.75;1.463;
2020-10-02;5.9;0.0;73.0;1.497;
2020-10-03;7.925;0.0;74.125;1.629;
2020-10-04;8.725;0.0;67.375;2.155;
2020-10-05;1.9;1.3;76.125;1.003;
2020-10-06;0.338;0.0;73.625;0.983;
2020-10-07;1.6;5.0;74.75;1.037;
2020-10-08;-0.488;1.0;72.625;0.955;
2020-10-09;1.075;0.4;74.5;1.007;
2020-10-10;1.538;1.5;85.25;0.603;
2020-10-11;4.037;2.0;91.75;0.404;
2020-10-12;5.738;4.0;90.5;0.521;
2020-10-13;7.438;7.6;82.875;1.046;
2020-10-14;7.438;0.0;75.75;1.482;
2020-10-15;9.388;0.0;62.75;2.558;
2020-10-16;5.188;3.0;81.625;0.972;
2020-10-17;10.388;0.0;54.5;3.308;0.0
2020-10-18;6.375;0.3;51.0;2.801;
2020-10-19;1.425;0.0;59.625;1.637;
2020-10-20;5.675;0.0;56.75;2.363;
2020-10-21;9.175;0.0;46.0;3.662;
2020-10-22;7.225;0.0;55.625;2.676;
2020-10-23;2.15;0.4;70.25;1.273;
2020-10-24;-1.175;3.0;81.5;0.61;
2020-10-25;-2.5;0.9;73.625;0.775;
2020-10-26;3.162;9.0;91.125;0.409;
2020-10-27;7.788;2.0;60.5;2.466;
2020-10-28;1.638;4.0;83.25;0.69;
2020-10-29;-4.5;1.0;73.875;0.637;
2020-10-30;0.4;10.0;91.75;0.309;
2020-10-31;1.362;0.3;86.375;0.55;
2020-11-01;2.1;0.0;82.375;0.777;
2020-11-02;1.638;1.0;81.0;0.809;
2020-11-03;-1.088;0.1;82.375;0.605;
2020-11-04;-1.825;2.2;81.125;0.608;
2020-11-05;1.362;0.5;79.5;0.855;
2020-11-06;1.888;0.9;84.5;0.672;
2020-11-07;4.225;0.0;70.625;1.505;
2020-11-08;7.362;0.0;49.375;3.181;
2020-11-09;5.625;0.0;62.0;2.138;
2020-11-10;1.925;5.0;85.375;0.636;
2020-11-11;1.6;2.1;78.0;0.934;
2020-11-12;-1.312;1.4;73.25;0.901;
2020-11-13;-3.55;9.4;84.375;0.431;
2020-11-14;-5.175;2.2;83.5;0.389;
2020-11-15;-5.55;0.0;84.5;0.352;
2020-11-16;-6.475;4.0;82.0;0.371;
2020-11-17;-13.825;0.2;83.375;0.125;
2020-11-18;-14.038;1.3;81.625;0.132;
2020-11-19;-11.975;0.5;78.125;0.223;
2020-11-20;-6.65;0.0;83.5;0.333;
2020-11-21;-5.475;0.0;74.125;0.592;
2020-11-22;-6.85;0.0;73.5;0.524;
2020-11-23;-5.238;0.0;79.5;0.48;
2020-11-24;-4.55;0.3;80.875;0.48;
2020-11-25;-5.562;0.0;75.25;0.561;
2020-11-26;-11.625;0.6;83.875;0.173;
2020-11-27;-10.7;0.0;79.375;0.253;
2020-11-28;-11.9;0.0;80.375;0.202;
2020-11-29;-12.225;0.0;79.625;0.2;
2020-11-30;-11.188;0.0;87.25;0.146;
2020-12-01;-14.375;0.0;82.625;0.114;
2020-12-02;-15.338;0.2;79.375;0.112;
2020-12-03;-13.362;0.0;81.5;0.145;
2020-12-04;-17.412;0.0;81.875;0.061;
2020-12-05;-16.5;0.0;80.0;0.084;
2020-12-06;-16.888;0.0;79.5;0.078;
2020-12-07;-16.5;0.0;79.125;0.088;
2020-12-08;-12.962;8.0;83.0;0.143;
2020-12-09;-15.862;0.6;81.75;0.088;
2020-12-10;-14.488;3.5;83.5;0.106;
2020-12-11;-8.038;2.2;74.375;0.428;
2020-12-12;-10.312;0.3;79.25;0.26;
2020-12-13;-12.1;0.0;77.25;0.22;
2020-12-14;-11.512;0.5;80.75;0.203;
2020-12-15;-10.4;2.7;82.0;0.223;
2020-12-16;-13.138;1.3;81.125;0.154;
2020-12-17;-10.488;1.5;73.25;0.327;
2020-12-18;-9.25;0.0;67.875;0.463;
2020-12-19;-7.112;0.0;67.625;0.601;
2020-12-20;-9.925;2.0;75.75;0.32;
2020-12-21;-17.362;3.0;79.125;0.071;
2020-12-22;-15.612;0.8;77.25;0.116;
2020-12-23;-13.525;8.0;82.375;0.135;
2020-12-24;-7.975;5.3;85.0;0.252;
2020-12-25;-20.475;0.9;72.25;0.033;
2020-12-26;-32.7;0.0;65.75;0.118;
2020-12-27;-35.2;0.0;62.625;0.226;
2020-12-28;-30.963;0.0;67.0;0.068;
2020-12-29;-18.888;0.0;63.0;0.08;
2020-12-30;-12.0;2.2;76.875;0.227;
2020-12-31;-24.25;1.0;68.25;0.001;
2021-01-01;-27.612;0.0;70.875;0.012;
2021-01-02;-33.275;0.0;65.0;0.139;
2021-01-03;-32.15;0.0;66.0;0.101;
2021-01-04;-29.288;0.0;68.875;0.033;
2021-01-05;-25.625;0.0;71.375;0.001;
2021-01-06;-22.1;0.0;65.5;0.017;
2021-01-07;-20.55;0.0;68.75;0.036;
2021-01-08;-21.9;0.0;72.625;0.015;
2021-01-09;-25.025;0.3;69.5;0.0;
2021-01-10;-14.25;4.5;77.375;0.152;
2021-01-11;-14.25;4.8;81.375;0.125;
2021-01-12;-24.338;0.0;69.0;0.001;
2021-01-13;-23.125;0.0;65.25;0.007;
2021-01-14;-22.875;0.8;73.5;0.007;
2021-01-15;-19.838;0.0;75.375;0.038;
2021-01-16;-15.8;0.0;66.5;0.165;
2021-01-17;-10.0;0.0;62.75;0.487;
2021-01-18;-8.675;0.4;79.125;0.323;
2021-01-19;-19.212;0.0;77.625;0.044;
2021-01-20;-23.2;0.0;71.875;0.005;
2021-01-21;-16.1;0.4;73.0;0.124;
2021-01-22;-15.725;1.4;76.125;0.119;
2021-01-23;-20.362;0.6;72.75;0.034;
2021-01-24;-27.312;0.5;67.5;0.01;
2021-01-25;-34.825;0.0;62.625;0.209;
2021-01-26;-30.038;0.0;67.125;0.048;
2021-01-27;-10.062;8.0;84.25;0.204;
2021-01-28;-5.425;1.4;85.25;0.328;
2021-01-29;-5.912;5.0;84.625;0.325;
2021-01-30;-13.288;2.0;68.125;0.254;
2021-01-31;-21.138;0.0;56.875;0.037;
2021-02-01;-19.425;0.0;66.625;0.067;
2021-02-02;-15.725;0.0;68.125;0.176;
2021-02-03;-9.038;5.0;82.125;0.293;
2021-02-04;-6.85;2.0;78.625;0.453;
2021-02-05;-11.3;0.2;79.125;0.252;
2021-02-06;-2.788;0.2;85.0;0.476;
2021-02-07;-0.65;1.0;70.875;1.11;
2021-02-08;-4.85;9.0;81.625;0.48;
2021-02-09;-15.362;2.3;67.875;0.192;
2021-02-10;-20.262;1.5;70.125;0.043;
2021-02-11;-26.875;0.0;67.875;0.007;
2021-02-12;-26.638;0.0;68.5;0.005;
2021-02-13;-25.571;0.0;65.143;0.001;
2021-02-14;-14.217;2.0;67.667;0.242;
2021-02-15;-4.567;0.3;76.167;0.64;
2021-02-16;-3.538;3.0;80.125;0.589;
2021-02-17;-7.325;8.2;76.375;0.474;
2021-02-18;-15.575;0.0;64.625;0.202;
2021-02-19;-11.875;3.7;76.0;0.266;
2021-02-20;-20.675;0.0;67.0;0.04;
2021-02-21;-17.688;0.0;69.5;0.105;
2021-02-22;-19.138;0.0;71.625;0.063;
2021-02-23;-20.762;0.0;71.875;0.032;
2021-02-24;-16.112;2.0;73.875;0.133;
2021-02-25;-18.938;2.0;66.625;0.079;
2021-02-26;-23.462;0.3;62.375;0.006;
2021-02-27;-23.362;0.4;66.25;0.006;
2021-02-28;-20.262;0.0;70.0;0.043;
2021-03-01;-8.3;7.0;86.0;0.227;
2021-03-02;-12.7;1.0;74.25;0.226;
2021-03-03;-13.55;0.0;76.75;0.177;
2021-03-04;-7.862;0.9;78.375;0.369;
2021-03-05;-3.7;0.4;70.25;0.784;
2021-03-06;-3.788;3.9;78.625;0.558;
2021-03-07;-5.45;1.0;68.5;0.699;
2021-03-08;-4.075;0.0;72.0;0.712;
2021-03-09;-9.15;0.4;67.0;0.481;
2021-03-10;-8.52;0.0;75.0;0.394;
2021-03-11;-4.029;0.0;65.286;0.886;
2021-03-12;-8.562;1.0;64.875;0.551;
2021-03-13;-16.45;0.0;71.875;0.119;
2021-03-14;-15.712;0.0;65.75;0.172;
2021-03-15;-13.238;0.0;67.375;0.262;
2021-03-16;-12.2;0.0;65.5;0.328;
2021-03-17;-9.2;0.0;57.125;0.621;
2021-03-18;-7.875;2.5;74.0;0.443;
2021-03-19;-4.75;0.0;71.125;0.688;
2021-03-20;-0.737;0.0;50.875;1.679;
2021-03-21;1.7;0.0;71.875;1.164;
2021-03-22;0.888;0.6;76.25;0.924;
2021-03-23;0.125;2.0;68.375;1.159;
2021-03-24;-0.738;3.0;75.75;0.829;
2021-03-25;-1.85;1.3;76.5;0.731;
2021-03-26;-1.95;2.1;76.125;0.737;
2021-03-27;-0.45;0.0;63.125;1.29;
2021-03-28;0.975;0.7;75.5;0.96;
2021-03-29;-1.112;5.0;85.375;0.485;
2021-03-30;-3.438;2.8;78.125;0.591;
2021-03-31;-5.488;0.0;69.5;0.674;
2021-04-01;-3.312;0.0;58.625;1.168;
2021-04-02;-2.212;0.0;61.125;1.211;
2021-04-03;2.075;0.1;65.25;1.528;
2021-04-04;1.325;0.0;58.75;1.715;
2021-04-05;5.825;0.0;35.875;3.656;
2021-04-06;4.2;0.0;66.25;1.727;
2021-04-07;2.412;0.0;65.75;1.544;
2021-04-08;1.95;0.0;69.0;1.351;
2021-04-09;3.525;0.0;65.25;1.697;
2021-04-10;5.862;0.0;43.375;3.236;
2021-04-11;6.35;0.0;41.0;3.479;
2021-04-12;5.362;0.0;48.5;2.849;
2021-04-13;5.375;2.0;58.375;2.304;
2021-04-14;5.088;0.0;55.25;2.431;
2021-04-15;7.225;0.0;62.5;2.337;
2021-04-16;11.2;0.0;54.5;3.578;0.0
2021-04-17;1.725;0.0;51.125;2.094;
2021-04-18;3.4;0.0;51.25;2.359;
2021-04-19;-3.362;0.7;60.875;1.099;
2021-04-20;-4.512;0.0;44.375;1.401;
2021-04-21;-1.875;3.0;65.75;1.099;
2021-04-22;1.362;0.0;49.375;2.111;
2021-04-23;5.488;0.0;28.5;3.988;
2021-04-24;6.888;0.0;24.875;4.583;
2021-04-25;7.8;0.0;28.5;4.615;
2021-04-26;10.488;0.0;27.875;5.45;0.0
2021-04-27;11.15;0.1;54.5;3.568;0.09
2021-04-28;10.612;6.0;77.75;1.693;5.654
2021-04-29;10.7;0.0;57.875;3.221;0.0
2021-04-30;11.525;0.0;43.375;4.533;0.0
2021-05-01;6.912;14.0;58.625;2.447;
2021-05-02;7.25;0.0;53.0;2.838;
2021-05-03;12.825;0.0;33.5;5.524;0.0
2021-05-04;10.425;3.0;51.0;3.57;2.878
2021-05-05;13.012;0.0;32.625;5.653;0.0
2021-05-06;19.775;0.0;24.0;8.847;0.0
2021-05-07;16.638;0.0;34.0;6.644;0.0
2021-05-08;15.388;0.0;34.75;6.18;0.0
2021-05-09;10.912;0.0;36.875;4.727;0.0
2021-05-10;13.487;0.0;33.0;5.763;0.0
2021-05-11;16.538;0.0;24.25;7.589;0.0
2021-05-12;17.488;0.0;25.375;7.822;0.0
2021-05-13;14.512;0.0;44.875;4.997;0.0
2021-05-14;13.8;0.0;47.875;4.556;0.0
2021-05-15;18.438;0.0;31.25;7.532;0.0
2021-05-16;18.788;0.5;58.5;4.62;0.266
2021-05-17;17.3;0.0;64.875;3.649;0.0
2021-05-18;17.8;5.0;67.75;3.43;2.809
2021-05-19;13.038;1.4;54.625;3.812;1.074
2021-05-20;6.425;0.0;45.625;3.118;
2021-05-21;7.587;0.0;40.5;3.669;
2021-05-22;12.338;7.0;69.5;2.469;5.674
2021-05-23;21.638;0.0;55.5;5.62;0.0
2021-05-24;21.288;2.0;50.25;6.189;0.94
2021-05-25;21.588;0.0;45.625;6.852;0.0
2021-05-26;23.988;0.0;47.875;7.263;0.0
2021-05-27;21.838;0.9;45.625;6.926;0.412
2021-05-28;10.05;0.0;46.625;3.807;0.0
2021-05-29;13.238;0.0;46.125;4.574;0.0
2021-05-30;17.225;0.0;49.25;5.254;0.0
2021-05-31;21.8;0.0;47.5;6.677;0.0
2021-06-01;23.0;0.0;35.125;8.968;0.0
2021-06-02;22.512;0.0;46.0;7.314;0.0
2021-06-03;18.45;0.0;51.875;5.451;0.0
2021-06-04;14.512;2.0;62.25;3.536;1.378
2021-06-05;12.562;20.3;59.0;3.471;16.159
2021-06-06;18.038;2.0;50.625;5.487;1.109
2021-06-07;20.7;0.0;37.5;7.832;0.0
2021-06-08;21.2;0.0;42.25;7.396;0.0
2021-06-09;12.212;0.0;45.75;4.507;0.0
2021-06-10;12.738;0.0;38.25;5.276;0.0
2021-06-11;13.438;0.0;37.125;5.574;0.0
2021-06-12;14.838;0.0;38.25;5.88;0.0
2021-06-13;14.988;3.0;61.625;3.682;2.002
2021-06-14;17.95;0.3;54.125;5.078;0.167
2021-06-15;20.575;0.0;50.75;6.138;0.0
2021-06-16;24.662;0.0;42.625;8.49;0.0
2021-06-17;24.475;0.0;43.875;8.243;0.0
2021-06-18;25.438;0.0;45.625;8.3;0.0
2021-06-19;19.85;0.0;59.25;4.918;0.0
2021-06-20;11.05;0.8;65.75;2.671;0.724
2021-06-21;12.7;4.6;71.5;2.43;3.622
2021-06-22;12.275;11.0;86.875;1.094;8.961
2021-06-23;13.85;1.0;69.625;2.751;0.722
2021-06-24;13.0;3.0;77.125;1.982;2.308
2021-06-25;13.375;7.0;76.0;2.121;5.234
2021-06-26;16.087;0.0;62.0;3.849;0.0
2021-06-27;18.412;0.0;53.375;5.272;0.0
2021-06-28;16.188;12.6;78.25;2.214;7.784
2021-06-29;19.15;0.0;62.75;4.357;0.0
2021-06-30;17.962;3.6;80.0;2.215;2.004
2021-07-01;20.525;0.0;64.5;4.272;0.0
2021-07-02;20.538;0.0;46.625;6.427;0.0
2021-07-03;24.037;0.0;53.5;6.493;0.0
2021-07-04;26.55;0.0;62.5;5.786;0.0
2021-07-05;28.325;0.0;55.5;7.347;0.0
2021-07-06;25.788;0.0;62.25;5.654;0.0
2021-07-07;15.975;20.4;65.25;3.388;12.77
2021-07-08;17.45;0.0;52.75;4.944;0.0
2021-07-09;20.2;0.0;54.625;5.383;0.0
2021-07-10;21.662;0.0;53.75;5.847;0.0
2021-07-11;22.225;0.0;48.25;6.701;0.0
2021-07-12;22.862;0.0;51.25;6.484;0.0
2021-07-13;23.1;0.0;59.25;5.474;0.0
2021-07-14;22.75;0.6;58.75;5.461;0.264
2021-07-15;16.888;5.0;70.0;3.056;2.961
2021-07-16;17.138;0.0;52.75;4.871;0.0
2021-07-17;16.95;2.0;70.625;3.002;1.18
2021-07-18;17.088;3.0;81.125;1.941;1.756
2021-07-19;17.325;0.0;72.375;2.873;0.0
2021-07-20;20.125;0.0;62.125;4.478;0.0
2021-07-21;21.738;0.0;53.0;5.961;0.0
2021-07-22;22.925;0.0;52.875;6.285;0.0
2021-07-23;25.062;0.0;45.125;7.986;0.0
2021-07-24;23.488;0.0;58.125;5.716;0.0
2021-07-25;24.488;0.0;66.0;4.835;0.0
2021-07-26;23.538;5.0;68.75;4.275;2.124
2021-07-27;16.938;0.0;59.75;4.11;0.0
2021-07-28;17.375;0.0;58.625;4.314;0.0
2021-07-29;19.788;0.0;52.875;5.489;0.0
2021-07-30;19.9;0.0;53.625;5.429;0.0
2021-07-31;20.2;0.0;47.875;6.183;0.0
2021-08-01;24.038;0.0;42.125;8.081;0.0
2021-08-02;22.55;0.0;58.5;5.448;0.0
2021-08-03;21.062;1.0;64.125;4.42;0.475
2021-08-04;19.7;0.0;66.875;3.843;0.0
2021-08-05;18.3;0.3;73.0;2.939;0.164
2021-08-06;17.375;12.0;84.5;1.616;6.906
2021-08-07;19.525;0.0;75.25;2.849;0.0
2021-08-08;21.188;0.0;69.625;3.762;0.0
2021-08-09;21.575;1.1;74.0;3.275;0.51
2021-08-10;21.538;0.7;66.625;4.197;0.325
2021-08-11;18.2;24.4;81.75;1.978;13.407
2021-08-12;17.175;4.0;85.625;1.485;2.329
2021-08-13;12.688;0.0;78.5;1.773;0.0
2021-08-14;14.7;0.0;76.125;2.185;0.0
2021-08-15;17.9;0.0;64.625;3.78;0.0
2021-08-16;20.088;0.0;61.625;4.53;0.0
2021-08-17;21.525;0.0;60.125;5.012;0.0
2021-08-18;20.075;0.0;58.125;4.94;0.0
2021-08-19;19.288;0.8;62.5;4.271;0.415
2021-08-20;16.188;0.0;58.875;4.051;0.0
2021-08-21;13.462;0.0;55.5;3.822;0.0
2021-08-22;16.087;0.0;56.375;4.276;0.0
2021-08-23;19.525;0.0;65.75;3.943;0.0
2021-08-24;20.038;0.0;68.5;3.71;0.0
2021-08-25;21.912;0.0;55.125;5.734;0.0
2021-08-26;23.188;0.0;50.125;6.725;0.0
2021-08-27;23.2;0.0;49.875;6.762;0.0
2021-08-28;21.575;0.0;54.25;5.762;0.0
2021-08-29;19.825;0.0;72.125;3.252;0.0
2021-08-30;15.238;2.0;82.75;1.622;1.313
2021-08-31;11.575;0.1;67.75;2.505;0.086
2021-09-01;12.962;1.0;71.25;2.486;0.771
2021-09-02;13.488;0.0;64.875;3.122;0.0
2021-09-03;14.075;0.0;55.25;4.1;0.0
2021-09-04;16.588;0.0;53.0;4.877;0.0
2021-09-05;18.438;0.0;47.625;5.929;0.0
2021-09-06;19.138;0.0;50.75;5.757;0.0
2021-09-07;17.95;0.0;54.0;5.091;0.0
2021-09-08;15.225;1.0;71.75;2.743;0.657
2021-09-09;11.55;2.0;66.5;2.685;1.732
2021-09-10;11.562;2.1;66.125;2.717;1.816
2021-09-11;13.575;2.0;67.0;2.946;1.473
2021-09-12;10.138;13.5;73.0;2.0;13.317
2021-09-13;8.45;0.0;63.125;2.476;
2021-09-14;8.012;3.0;72.25;1.815;
2021-09-15;13.438;7.0;70.875;2.582;5.209
2021-09-16;16.05;0.0;55.375;4.512;0.0
2021-09-17;17.512;0.0;48.25;5.612;0.0
2021-09-18;10.775;6.0;69.0;2.381;5.568
2021-09-19;9.6;0.6;66.75;2.388;
2021-09-20;4.962;1.0;80.0;1.077;
2021-09-21;5.025;4.0;80.25;1.068;
2021-09-22;3.962;1.1;80.375;0.988;
2021-09-23;4.3;1.5;84.25;0.811;
2021-09-24;3.662;0.0;73.0;1.331;
2021-09-25;4.512;2.4;81.5;0.967;
2021-09-26;2.4;1.2;82.25;0.8;
2021-09-27;5.388;0.4;76.875;1.281;
2021-09-28;3.912;0.0;70.25;1.492;
2021-09-29;3.088;3.0;81.25;0.888;
2021-09-30;4.212;1.7;86.5;0.691;
2021-10-01;4.212;2.8;85.25;0.731;
2021-10-02;2.775;5.0;88.125;0.532;
2021-10-03;2.238;0.4;83.125;0.727;
2021-10-04;2.4;4.0;88.0;0.523;
2021-10-05;2.475;7.0;86.5;0.592;
2021-10-06;4.662;0.0;57.0;2.197;
2021-10-07;1.862;0.0;72.875;1.137;
2021-10-08;6.1;0.7;80.0;1.123;
2021-10-09;7.675;0.0;64.75;2.185;
2021-10-10;5.912;0.0;64.625;1.963;
2021-10-11;1.588;2.0;67.5;1.334;
2021-10-12;0.05;0.0;53.625;1.69;
2021-10-13;1.525;0.0;59.25;1.665;
2021-10-14;3.85;0.0;72.625;1.323;
2021-10-15;4.088;0.0;59.875;1.971;
2021-10-16;4.988;0.0;63.25;1.919;
2021-10-17;3.425;0.0;75.375;1.155;
2021-10-18;4.975;0.0;71.375;1.493;
2021-10-19;6.525;0.0;62.5;2.164;
2021-10-20;7.862;0.0;51.5;3.041;
2021-10-21;9.062;0.0;48.125;3.495;
2021-10-22;5.9;0.0;56.25;2.426;
2021-10-23;3.9;1.0;66.5;1.625;
2021-10-24;8.75;0.0;70.375;1.959;
2021-10-25;9.538;0.0;59.25;2.822;
2021-10-26;7.85;0.0;56.375;2.733;
2021-10-27;0.137;0.0;51.25;1.789;
2021-10-28;-0.588;0.0;55.875;1.527;
2021-10-29;2.65;0.0;53.5;2.064;
2021-10-30;-0.4;0.9;62.375;1.322;
2021-10-31;-1.238;6.0;84.5;0.508;
2021-11-01;-3.15;4.0;82.875;0.491;
2021-11-02;-8.512;7.4;80.125;0.324;
2021-11-03;-16.025;0.0;77.125;0.111;
2021-11-04;-14.988;0.4;76.625;0.141;
2021-11-05;-8.088;0.8;80.25;0.339;
2021-11-06;-4.062;3.0;79.875;0.529;
2021-11-07;-1.162;0.0;72.25;0.946;
2021-11-08;0.175;0.0;58.75;1.569;
2021-11-09;-0.725;0.0;62.625;1.321;
2021-11-10;1.25;0.0;56.875;1.783;
2021-11-11;1.1;10.3;87.5;0.511;
2021-11-12;0.4;6.0;91.5;0.329;
2021-11-13;-0.462;5.5;82.875;0.619;
2021-11-14;-1.388;2.9;84.875;0.506;
2021-11-15;-1.612;1.6;85.75;0.468;
2021-11-16;-10.338;1.9;81.875;0.234;
2021-11-17;-13.475;0.0;83.625;0.131;
2021-11-18;-9.925;0.8;79.5;0.28;
2021-11-19;-15.95;0.0;72.625;0.135;
2021-11-20;-11.362;2.0;75.75;0.271;
2021-11-21;-7.15;0.0;55.375;0.853;
2021-11-22;-2.887;0.0;64.625;1.038;
2021-11-23;-0.388;2.0;82.625;0.632;
2021-11-24;-3.662;0.5;70.625;0.802;
2021-11-25;-5.762;5.8;86.875;0.291;
2021-11-26;-14.0;2.0;81.375;0.135;
2021-11-27;-10.412;2.0;82.0;0.23;
2021-11-28;-6.2;1.9;81.125;0.4;
2021-11-29;-8.975;0.0;73.125;0.414;
2021-11-30;-8.662;0.0;67.875;0.514;
2021-12-01;-9.738;0.0;76.0;0.325;
2021-12-02;-7.338;0.0;70.875;0.528;
2021-12-03;-0.475;6.0;68.0;1.118;
2021-12-04;-3.7;1.5;79.75;0.533;
2021-12-05;-1.925;0.2;86.125;0.429;
2021-12-06;-2.975;0.0;86.875;0.37;
2021-12-07;-2.825;2.5;82.25;0.507;
2021-12-08;-17.662;0.0;77.875;0.069;
2021-12-09;-20.213;0.2;75.25;0.033;
2021-12-10;-14.938;2.0;79.375;0.121;
2021-12-11;-8.062;0.0;66.375;0.56;
2021-12-12;-12.35;0.0;71.125;0.268;
2021-12-13;-15.238;4.2;81.75;0.101;
2021-12-14;-15.838;0.9;78.375;0.105;
2021-12-15;-15.888;0.3;78.875;0.102;
2021-12-16;-7.512;5.0;85.25;0.262;
2021-12-17;-4.938;4.5;85.125;0.348;
2021-12-18;-2.925;2.8;83.875;0.456;
2021-12-19;-7.675;0.0;75.375;0.429;
2021-12-20;-6.412;3.3;85.0;0.301;
2021-12-21;-7.875;0.3;82.125;0.304;
2021-12-22;-3.825;0.2;83.25;0.436;
2021-12-23;-6.875;0.7;80.125;0.379;
2021-12-24;-0.587;0.7;76.5;0.813;
2021-12-25;-7.862;0.0;87.0;0.222;
2021-12-26;-8.088;1.3;80.0;0.332;
2021-12-27;-6.162;2.0;87.5;0.258;
2021-12-28;-10.9;0.5;78.125;0.253;
2021-12-29;-7.712;2.4;79.25;0.36;
2021-12-30;-16.438;2.2;79.125;0.089;
2021-12-31;-20.312;0.5;74.75;0.032;
2022-01-01;-14.225;1.0;75.75;0.163;
2022-01-02;-15.9;0.0;71.75;0.136;
2022-01-03;-9.688;0.0;70.625;0.4;
2022-01-04;-3.275;0.0;70.625;0.805;
2022-01-05;-5.625;0.0;73.75;0.572;
2022-01-06;-13.612;0.2;76.5;0.177;
2022-01-07;-12.038;0.0;74.75;0.246;
2022-01-08;-7.662;0.7;83.375;0.29;
2022-01-09;-1.688;5.0;85.125;0.469;
2022-01-10;-11.062;0.3;77.0;0.259;
2022-01-11;-15.45;0.2;78.5;0.114;
2022-01-12;-15.75;0.0;77.75;0.111;
2022-01-13;-20.338;0.2;77.75;0.028;
2022-01-14;-21.8;0.0;77.25;0.014;
2022-01-15;-10.362;0.3;81.125;0.235;
2022-01-16;-6.062;2.0;72.25;0.578;
2022-01-17;-1.162;1.0;73.375;0.878;
2022-01-18;-10.088;0.0;76.625;0.302;
2022-01-19;-12.512;0.2;84.625;0.139;
2022-01-20;-16.312;0.0;82.375;0.077;
2022-01-21;-14.438;0.6;79.125;0.135;
2022-01-22;-19.175;0.0;78.5;0.042;
2022-01-23;-18.275;0.2;81.125;0.05;
2022-01-24;-16.05;0.0;81.0;0.088;
2022-01-25;-17.475;1.2;78.75;0.07;
2022-01-26;-16.6;2.3;79.0;0.086;
2022-01-27;-19.812;0.5;78.5;0.034;
2022-01-28;-15.925;0.3;76.5;0.112;
2022-01-29;-13.062;0.2;75.625;0.202;
2022-01-30;-12.175;0.0;71.625;0.271;
2022-01-31;-8.588;0.0;75.75;0.379;
2022-02-01;-7.462;0.4;80.75;0.381;
2022-02-02;-6.362;3.0;84.375;0.349;
2022-02-03;-8.712;0.4;84.375;0.266;
2022-02-04;-10.912;0.0;80.75;0.246;
2022-02-05;-11.012;0.0;63.25;0.462;
2022-02-06;-9.175;0.0;61.75;0.616;
2022-02-07;-10.988;0.0;71.875;0.355;
2022-02-08;-13.425;0.0;72.0;0.241;
2022-02-09;-15.525;0.0;65.5;0.199;
2022-02-10;-18.238;0.0;58.125;0.123;
2022-02-11;-18.125;0.0;60.75;0.119;
2022-02-12;-18.325;0.0;64.5;0.102;
2022-02-13;-14.262;0.2;70.0;0.222;
2022-02-14;-9.3;3.4;78.125;0.347;
2022-02-15;-6.362;2.5;83.375;0.371;
2022-02-16;-13.962;1.0;76.25;0.186;
2022-02-17;-15.5;0.6;77.75;0.129;
2022-02-18;-7.538;4.0;81.625;0.36;
2022-02-19;-8.188;0.0;74.125;0.47;
2022-02-20;-11.438;0.0;66.875;0.392;
2022-02-21;-7.362;0.0;49.0;1.02;
2022-02-22;-5.075;0.0;63.5;0.932;
2022-02-23;-3.55;3.5;77.625;0.662;
2022-02-24;-3.588;0.0;77.25;0.671;
2022-02-25;-2.638;0.0;80.0;0.643;
2022-02-26;-4.05;0.2;73.625;0.744;
2022-02-27;-8.012;0.0;79.0;0.39;
2022-02-28;-8.25;3.0;83.625;0.295;
2022-03-01;-7.85;0.8;80.625;0.331;
2022-03-02;-6.475;1.6;71.0;0.578;
2022-03-03;-9.138;0.0;69.5;0.446;
2022-03-04;-6.388;0.0;72.75;0.548;
2022-03-05;-7.25;0.0;75.125;0.455;
2022-03-06;0.525;3.0;75.25;0.936;
2022-03-07;1.75;2.0;77.25;0.945;
2022-03-08;-8.712;2.3;69.75;0.466;
2022-03-09;-13.843;0.0;64.286;0.258;
2022-03-10;-13.938;0.0;61.875;0.271;
2022-03-11;-15.55;0.0;50.375;0.257;
2022-03-12;-13.025;0.0;47.875;0.434;
2022-03-13;-11.938;0.0;47.5;0.52;
2022-03-14;-11.65;0.0;43.125;0.589;
2022-03-15;-10.662;0.0;41.875;0.694;
2022-03-16;-10.275;0.0;50.875;0.618;
2022-03-17;-10.162;0.0;52.0;0.614;
2022-03-18;-8.462;0.0;55.125;0.713;
2022-03-19;-7.862;0.2;72.0;0.477;
2022-03-20;-6.488;0.0;63.375;0.729;
2022-03-21;-7.4;0.0;69.5;0.549;
2022-03-22;-6.075;0.5;70.75;0.608;
2022-03-23;-5.512;0.3;77.875;0.488;
2022-03-24;-3.25;1.9;83.25;0.46;
2022-03-25;-3.838;2.0;78.5;0.559;
2022-03-26;-2.788;0.5;66.125;0.97;
2022-03-27;-5.65;0.0;50.25;1.082;
2022-03-28;-1.212;0.0;42.625;1.885;
2022-03-29;1.162;0.4;79.625;0.81;
2022-03-30;0.55;1.4;77.25;0.862;
2022-03-31;3.438;0.3;68.625;1.473;
2022-04-01;4.375;0.0;63.5;1.89;
2022-04-02;2.612;0.0;71.875;1.287;
2022-04-03;1.288;9.6;86.0;0.58;
2022-04-04;4.062;0.9;82.75;0.874;
2022-04-05;8.812;0.0;55.0;3.087;
2022-04-06;9.788;0.0;55.375;3.24;
2022-04-07;3.725;0.0;60.0;1.98;
2022-04-08;2.975;0.0;64.625;1.661;
2022-04-09;0.738;1.7;70.75;1.163;
2022-04-10;1.2;0.0;51.375;2.003;
2022-04-11;1.4;0.0;33.5;2.781;
2022-04-12;4.488;0.0;34.375;3.424;
2022-04-13;7.275;0.0;35.375;4.039;
2022-04-14;8.8;0.0;25.625;5.098;
2022-04-15;10.888;0.0;24.75;5.815;0.0
2022-04-16;14.575;0.0;23.125;7.224;0.0
2022-04-17;14.938;0.0;29.125;6.783;0.0
2022-04-18;9.975;0.0;43.0;4.184;
2022-04-19;4.462;0.0;35.375;3.366;
2022-04-20;4.238;0.0;53.75;2.372;
2022-04-21;2.938;3.0;85.625;0.673;
2022-04-22;-0.187;0.7;62.125;1.399;
2022-04-23;-1.7;0.1;53.0;1.531;
2022-04-24;-1.712;0.9;65.375;1.127;
2022-04-25;4.25;0.0;52.375;2.445;
2022-04-26;7.775;0.0;40.875;3.811;
2022-04-27;10.95;0.0;31.0;5.351;0.0
2022-04-28;14.438;0.0;29.75;6.556;0.0
2022-04-29;20.5;0.0;26.875;9.083;0.0
2022-04-30;21.262;0.0;22.25;9.984;0.0
2022-05-01;13.188;0.0;48.875;4.329;0.0
2022-05-02;11.362;1.0;55.0;3.455;0.88
2022-05-03;7.925;0.0;39.875;3.785;
2022-05-04;8.137;0.0;29.25;4.511;
2022-05-05;11.575;0.0;19.25;6.272;0.0
2022-05-06;14.725;0.0;26.625;6.723;0.0
2022-05-07;9.375;0.0;30.25;4.786;
2022-05-08;4.875;0.0;36.625;3.284;
2022-05-09;8.738;0.0;44.5;3.668;
2022-05-10;12.4;0.0;20.375;6.467;0.0
2022-05-11;12.738;0.0;19.0;6.698;0.0
2022-05-12;16.7;0.0;16.0;8.481;0.0
2022-05-13;18.225;0.0;25.0;8.137;0.0
2022-05-14;21.075;0.0;24.125;9.353;0.0
2022-05-15;19.875;0.0;42.5;6.723;0.0
2022-05-16;20.125;0.0;47.0;6.266;0.0
2022-05-17;23.325;0.0;35.625;8.729;0.0
2022-05-18;21.875;0.0;31.375;8.755;0.0
2022-05-19;20.562;6.0;49.5;6.087;2.918
2022-05-20;17.962;2.0;35.75;6.886;1.113
2022-05-21;20.55;0.0;36.25;7.68;0.0
2022-05-22;23.888;0.0;33.25;9.263;0.0
2022-05-23;17.175;0.1;37.0;6.507;0.058
2022-05-24;19.325;0.0;33.375;7.601;0.0
2022-05-25;22.675;0.0;28.875;9.387;0.0
2022-05-26;22.912;0.0;36.375;8.481;0.0
2022-05-27;20.662;0.0;31.75;8.263;0.0
2022-05-28;20.45;0.0;34.0;7.916;0.0
2022-05-29;16.612;0.1;60.25;3.997;0.06
2022-05-30;19.775;2.0;39.625;7.028;1.011
2022-05-31;18.788;0.0;43.875;6.248;0.0
2022-06-01;15.038;6.0;71.125;2.777;3.99
2022-06-02;9.675;14.4;70.5;2.128;
2022-06-03;9.1;0.1;44.375;3.881;
2022-06-04;8.225;0.0;41.5;3.875;
2022-06-05;10.675;0.0;47.25;4.028;0.0
2022-06-06;10.425;0.0;50.25;3.746;0.0
2022-06-07;13.95;0.0;47.875;4.745;0.0
2022-06-08;13.238;5.0;60.25;3.487;3.777
2022-06-09;15.612;0.0;41.0;5.839;0.0
2022-06-10;20.8;0.0;32.75;8.464;0.0
2022-06-11;24.712;0.0;32.25;10.046;0.0
2022-06-12;24.412;0.0;35.0;9.522;0.0
2022-06-13;25.05;0.0;36.875;9.488;0.0
2022-06-14;23.975;0.0;47.125;7.609;0.0
2022-06-15;19.4;2.0;63.0;4.376;1.031
2022-06-16;16.562;4.3;72.0;2.902;2.596
2022-06-17;15.325;3.0;77.625;2.183;1.958
2022-06-18;16.7;2.0;76.0;2.504;1.198
2022-06-19;18.625;0.6;70.5;3.369;0.322
2022-06-20;19.262;4.0;69.25;3.615;2.077
2022-06-21;20.962;0.0;59.625;5.118;0.0
2022-06-22;22.0;0.0;56.625;5.749;0.0
2022-06-23;19.438;26.0;70.625;3.48;13.376
2022-06-24;20.425;0.9;64.75;4.364;0.441
2022-06-25;24.375;0.0;55.25;6.546;0.0
2022-06-26;25.312;0.9;59.375;6.17;0.356
2022-06-27;20.8;0.8;74.625;3.194;0.385
2022-06-28;16.812;2.0;62.0;3.986;1.19
2022-06-29;21.2;0.0;52.0;6.147;0.0
2022-06-30;16.138;6.0;55.125;4.557;3.718
2022-07-01;14.725;0.0;60.875;3.585;0.0
2022-07-02;15.9;0.0;65.5;3.351;0.0
2022-07-03;17.612;0.0;58.25;4.402;0.0
2022-07-04;19.075;0.0;53.75;5.217;0.0
2022-07-05;20.6;0.0;56.375;5.267;0.0
2022-07-06;17.7;14.5;76.375;2.501;8.192
2022-07-07;18.988;0.0;75.625;2.739;0.0
2022-07-08;22.188;0.0;54.125;5.931;0.0
2022-07-09;23.612;0.0;44.375;7.633;0.0
2022-07-10;25.075;0.0;45.625;7.917;0.0
2022-07-11;24.575;0.0;50.625;7.046;0.0
2022-07-12;21.862;0.0;45.0;7.013;0.0
2022-07-13;17.775;0.0;48.875;5.432;0.0
2022-07-14;17.6;0.0;46.875;5.598;0.0
2022-07-15;19.688;0.0;47.75;6.059;0.0
2022-07-16;20.225;0.0;51.0;5.819;0.0
2022-07-17;18.488;0.0;59.25;4.475;0.0
2022-07-18;16.45;2.0;62.75;3.716;1.216
2022-07-19;18.662;0.0;58.125;4.635;0.0
2022-07-20;18.55;0.4;61.625;4.226;0.216
2022-07-21;20.288;0.7;65.75;4.079;0.345
2022-07-22;19.712;13.0;68.375;3.671;6.595
2022-07-23;19.188;0.0;59.25;4.62;0.0
2022-07-24;15.912;10.0;73.375;2.588;6.284
2022-07-25;15.638;4.3;74.25;2.469;2.75
2022-07-26;20.275;0.1;63.625;4.329;0.049
2022-07-27;23.488;0.0;57.75;5.768;0.0
2022-07-28;24.1;0.0;54.875;6.317;0.0
2022-07-29;24.1;0.0;48.5;7.209;0.0
2022-07-30;22.512;0.0;66.75;4.358;0.0
2022-07-31;23.088;1.0;63.5;4.901;0.433
2022-08-01;20.287;0.0;75.0;2.977;0.0
2022-08-02;19.212;0.0;55.375;5.065;0.0
2022-08-03;18.35;0.0;52.0;5.238;0.0
2022-08-04;18.0;0.0;50.875;5.274;0.0
2022-08-05;19.238;0.0;50.375;5.639;0.0
2022-08-06;20.825;0.0;52.5;5.792;0.0
2022-08-07;19.65;0.5;70.375;3.429;0.254
2022-08-08;20.325;6.0;67.25;3.907;2.952
2022-08-09;22.362;0.4;55.625;5.78;0.179
2022-08-10;22.962;0.0;50.75;6.578;0.0
2022-08-11;23.988;0.0;50.5;6.897;0.0
2022-08-12;21.925;0.0;58.25;5.338;0.0
2022-08-13;20.05;2.0;60.625;4.64;0.998
2022-08-14;17.225;4.9;69.25;3.183;2.845
2022-08-15;13.712;4.0;65.875;2.97;2.917
2022-08-16;11.5;0.8;66.5;2.591;0.696
2022-08-17;11.25;6.3;74.375;1.955;5.6
2022-08-18;12.112;0.5;64.875;2.809;0.413
2022-08-19;10.85;0.3;82.25;1.325;0.276
2022-08-20;14.775;0.0;71.125;2.652;0.0
2022-08-21;13.55;3.0;78.0;1.898;2.214
2022-08-22;12.638;2.6;78.125;1.799;2.057
2022-08-23;15.112;0.0;60.0;3.737;0.0
2022-08-24;16.275;0.0;61.875;3.771;0.0
2022-08-25;18.588;0.0;60.375;4.371;0.0
2022-08-26;18.35;0.0;67.375;3.56;0.0
2022-08-27;14.738;0.4;65.0;3.209;0.271
2022-08-28;12.35;0.0;58.125;3.392;0.0
2022-08-29;17.675;0.0;48.625;5.433;0.0
2022-08-30;19.725;0.0;52.125;5.561;0.0
2022-08-31;21.438;0.0;46.5;6.699;0.0
2022-09-01;22.788;0.0;48.875;7.005;0.0
2022-09-02;16.038;0.0;70.125;3.019;0.0
2022-09-03;14.525;0.0;57.125;4.019;0.0
2022-09-04;19.162;0.0;43.625;6.597;0.0
2022-09-05;14.412;0.0;51.625;4.509;0.0
2022-09-06;16.425;1.0;58.75;4.247;0.609
2022-09-07;19.862;0.0;49.75;6.068;0.0
2022-09-08;13.0;0.0;47.625;4.538;0.0
2022-09-09;12.65;0.0;50.0;4.253;0.0
2022-09-10;14.088;0.0;47.875;4.778;0.0
2022-09-11;13.65;0.0;54.375;4.089;0.0
2022-09-12;8.962;3.0;76.5;1.626;
2022-09-13;7.475;0.0;62.0;2.405;
2022-09-14;8.55;0.0;54.5;3.073;
2022-09-15;10.762;0.0;46.625;4.096;0.0
2022-09-16;11.3;0.0;51.625;3.825;0.0
2022-09-17;10.212;0.0;58.25;3.106;0.0
2022-09-18;10.35;0.0;56.375;3.271;0.0
2022-09-19;11.875;0.0;57.75;3.447;0.0
2022-09-20;15.7;0.0;46.5;5.317;0.0
2022-09-21;14.212;0.0;58.125;3.863;0.0
2022-09-22;18.112;0.0;49.625;5.618;0.0
2022-09-23;14.15;0.0;42.125;5.322;0.0
2022-09-24;11.375;0.0;41.125;4.674;0.0
2022-09-25;13.738;0.0;49.25;4.569;0.0
2022-09-26;4.8;2.0;69.0;1.652;
2022-09-27;3.475;0.1;71.875;1.368;
2022-09-28;0.838;9.0;85.5;0.581;
2022-09-29;0.025;1.3;81.375;0.7;
2022-09-30;0.588;5.0;84.25;0.619;
2022-10-01;2.875;0.0;65.375;1.562;
2022-10-02;3.762;0.0;69.125;1.483;
2022-10-03;3.45;0.0;58.25;1.962;
2022-10-04;3.412;0.0;61.0;1.828;
2022-10-05;5.838;0.4;69.25;1.698;
2022-10-06;7.175;0.4;72.125;1.676;
2022-10-07;5.05;0.0;70.875;1.527;
2022-10-08;8.862;0.0;54.875;3.004;
2022-10-09;12.8;0.0;41.25;4.874;0.0
2022-10-10;7.675;4.0;76.25;1.472;
2022-10-11;10.338;0.0;57.875;3.054;0.0
2022-10-12;8.738;0.0;62.5;2.478;
2022-10-13;4.738;0.0;66.875;1.701;
2022-10-14;3.9;0.0;62.375;1.825;
2022-10-15;4.588;0.0;61.0;1.982;
2022-10-16;6.325;0.0;57.25;2.436;
2022-10-17;7.95;3.0;68.5;1.986;
2022-10-18;5.25;1.6;83.625;0.87;
2022-10-19;4.45;2.0;82.625;0.875;
2022-10-20;5.95;0.8;72.375;1.537;
2022-10-21;5.588;0.0;80.875;1.039;
2022-10-22;10.25;0.7;61.25;2.796;0.683
2022-10-23;6.125;4.0;73.5;1.491;
2022-10-24;0.712;2.0;73.625;1.012;
2022-10-25;1.512;0.0;61.375;1.576;
2022-10-26;2.013;0.0;61.375;1.636;
2022-10-27;4.7;4.9;74.5;1.306;
2022-10-28;-0.788;0.5;77.75;0.757;
2022-10-29;-2.212;0.8;74.0;0.784;
2022-10-30;-1.288;0.0;70.75;0.955;
2022-10-31;-1.838;0.0;71.5;0.888;
2022-11-01;-0.412;0.0;80.875;0.694;
2022-11-02;1.375;0.0;81.25;0.783;
2022-11-03;1.388;0.0;79.625;0.851;
2022-11-04;0.75;0.0;74.125;1.029;
2022-11-05;1.612;0.0;67.125;1.397;
2022-11-06;-0.125;0.0;71.0;1.077;
2022-11-07;-0.513;0.1;77.875;0.796;
2022-11-08;-0.075;0.0;75.5;0.913;
2022-11-09;-1.85;0.0;74.0;0.836;
2022-11-10;-1.175;0.4;81.25;0.639;
2022-11-11;-0.938;4.0;87.375;0.439;
2022-11-12;-0.95;5.0;89.0;0.382;
2022-11-13;0.625;5.0;87.75;0.483;
2022-11-14;1.012;1.0;78.25;0.883;
2022-11-15;3.2;2.0;82.5;0.835;
2022-11-16;0.138;0.9;73.625;1.0;
2022-11-17;-6.625;2.0;75.625;0.494;
2022-11-18;-12.312;0.8;79.25;0.2;
2022-11-19;-12.738;0.0;78.25;0.196;
2022-11-20;-13.525;2.0;70.125;0.236;
2022-11-21;-12.812;0.0;70.5;0.263;
2022-11-22;-9.35;0.2;76.875;0.34;
2022-11-23;-17.712;0.6;69.0;0.099;
2022-11-24;-21.738;0.0;72.375;0.018;
2022-11-25;-19.55;0.0;75.0;0.045;
2022-11-26;-27.288;0.0;65.25;0.011;
2022-11-27;-28.012;0.2;65.875;0.019;
2022-11-28;-25.45;0.0;66.75;0.0;
2022-11-29;-23.65;0.0;69.0;0.003;
2022-11-30;-22.712;0.0;73.0;0.008;
2022-12-01;-16.725;0.0;67.0;0.131;
2022-12-02;-15.162;0.0;70.125;0.168;
2022-12-03;-19.438;0.4;77.0;0.041;
2022-12-04;-18.012;0.5;78.625;0.061;
2022-12-05;-21.45;0.0;77.0;0.017;
2022-12-06;-20.938;0.0;76.375;0.023;
2022-12-07;-20.262;0.6;73.375;0.035;
2022-12-08;-21.488;0.0;72.5;0.02;
2022-12-09;-20.375;0.0;73.5;0.033;
2022-12-10;-18.188;0.9;76.375;0.064;
2022-12-11;-19.425;3.0;78.625;0.039;
2022-12-12;-19.65;0.0;77.625;0.037;
2022-12-13;-14.038;5.6;79.75;0.141;
2022-12-14;-24.662;0.0;72.875;0.0;
2022-12-15;-24.312;0.0;71.5;0.001;
2022-12-16;-19.325;0.0;74.25;0.048;
2022-12-17;-18.287;0.0;75.0;0.065;
2022-12-18;-19.162;0.0;76.75;0.046;
2022-12-19;-16.462;3.0;79.5;0.087;
2022-12-20;-4.625;10.0;81.75;0.44;
2022-12-21;-8.875;0.0;70.75;0.442;
2022-12-22;-10.738;3.5;80.125;0.235;
2022-12-23;-20.538;1.0;73.75;0.03;
2022-12-24;-13.0;5.5;81.75;0.153;
2022-12-25;-6.938;5.0;86.375;0.258;
2022-12-26;-6.425;1.0;80.625;0.388;
2022-12-27;-12.088;0.0;71.25;0.278;
2022-12-28;-11.075;0.0;69.25;0.346;
2022-12-29;-16.35;2.0;81.0;0.083;
2022-12-30;-21.1;0.0;77.5;0.02;
2022-12-31;-14.088;0.9;80.625;0.134;
2023-01-01;-6.538;3.0;85.5;0.287;
2023-01-02;-12.388;0.0;82.25;0.164;
2023-01-03;-8.113;0.2;80.25;0.327;
2023-01-04;-3.6;2.0;76.625;0.622;
2023-01-05;-4.588;6.0;84.125;0.384;
2023-01-06;-10.175;0.2;81.375;0.238;
2023-01-07;-10.638;0.8;84.0;0.192;
2023-01-08;-1.75;3.0;81.25;0.589;
2023-01-09;-13.0;0.0;65.25;0.291;
2023-01-10;-28.575;0.0;58.5;0.031;
2023-01-11;-31.062;0.0;63.125;0.079;
2023-01-12;-26.75;0.0;67.625;0.006;
2023-01-13;-15.65;5.0;78.125;0.111;
2023-01-14;-13.075;3.3;77.75;0.184;
2023-01-15;-10.362;1.5;79.5;0.255;
2023-01-16;-10.625;1.0;78.875;0.253;
2023-01-17;-8.443;1.4;82.25;0.283;
2023-01-18;-11.862;1.0;78.25;0.218;
2023-01-19;-13.125;0.3;71.75;0.231;
2023-01-20;-10.575;0.9;79.375;0.249;
2023-01-21;-26.35;0.0;64.125;0.004;
2023-01-22;-26.938;0.0;67.625;0.007;
2023-01-23;-12.725;5.0;84.0;0.14;
2023-01-24;-8.2;1.4;85.25;0.242;
2023-01-25;-7.938;1.4;81.875;0.306;
2023-01-26;-8.162;1.0;77.125;0.377;
2023-01-27;-9.512;0.0;72.875;0.378;
2023-01-28;-8.538;17.0;81.5;0.291;
2023-01-29;-10.85;3.0;76.625;0.272;
2023-01-30;-8.812;0.2;79.25;0.316;
2023-01-31;-10.162;0.0;79.625;0.26;
2023-02-01;-15.987;0.0;79.625;0.106;
2023-02-02;-19.325;0.0;75.75;0.05;
2023-02-03;-16.038;0.0;74.5;0.132;
2023-02-04;-15.275;0.0;77.0;0.14;
2023-02-05;-15.225;0.2;77.625;0.137;
2023-02-06;-14.35;0.0;74.125;0.189;
2023-02-07;-12.188;1.3;77.625;0.236;
2023-02-08;-17.888;0.5;76.0;0.078;
2023-02-09;-20.612;0.3;75.875;0.03;
2023-02-10;-22.988;0.0;72.125;0.007;
2023-02-11;-19.412;0.0;69.875;0.06;
2023-02-12;-13.05;0.0;63.125;0.339;
2023-02-13;-11.412;0.8;70.0;0.356;
2023-02-14;-18.388;0.0;73.625;0.074;
2023-02-15;-17.9;0.0;70.125;0.097;
2023-02-16;-16.337;0.0;68.5;0.152;
2023-02-17;-16.087;0.0;70.0;0.153;
2023-02-18;-12.525;0.0;65.75;0.343;
2023-02-19;-9.1;0.9;76.857;0.376;
2023-02-20;-11.05;0.2;79.375;0.258;
2023-02-21;-5.45;0.5;77.125;0.562;
2023-02-22;-1.412;0.4;77.625;0.8;
2023-02-23;-1.071;2.0;81.0;0.699;
2023-02-24;1.614;3.0;80.571;0.885;
2023-02-25;-8.32;0.1;67.0;0.59;
2023-02-26;-10.333;0.0;70.333;0.41;
2023-02-27;-7.312;5.0;78.125;0.44;
2023-02-28;-3.886;0.0;54.429;1.306;
2023-03-01;-0.738;5.0;82.25;0.607;
2023-03-02;1.712;0.5;72.75;1.129;
2023-03-03;-0.688;2.0;71.75;0.97;
2023-03-04;-6.675;0.2;72.5;0.536;
2023-03-05;-4.725;0.4;72.125;0.665;
2023-03-06;-3.9;0.0;75.167;0.642;
2023-03-07;-1.412;0.3;71.25;0.929;
2023-03-08;-0.612;12.5;81.875;0.626;
2023-03-09;-7.875;1.1;73.875;0.445;
2023-03-10;-3.775;1.0;75.0;0.654;
2023-03-11;0.688;0.0;51.625;1.853;
2023-03-12;-0.112;9.0;71.0;1.043;
2023-03-13;-4.438;0.0;53.0;1.154;
2023-03-14;-3.6;0.0;52.5;1.263;
2023-03-15;0.838;0.0;41.125;2.282;
2023-03-16;-0.062;0.0;66.625;1.205;
2023-03-17;0.15;0.0;57.5;1.561;
2023-03-18;-1.213;0.0;57.875;1.384;
2023-03-19;-5.062;5.0;68.125;0.736;
2023-03-20;-11.162;0.0;48.375;0.574;
2023-03-21;-7.212;0.0;55.875;0.811;
2023-03-22;-6.312;0.0;55.625;0.9;
2023-03-23;-2.662;0.0;44.375;1.612;
2023-03-24;-0.425;0.0;71.25;1.008;
2023-03-25;1.188;0.0;65.875;1.359;
2023-03-26;4.475;0.0;70.375;1.494;
2023-03-27;3.138;0.0;72.25;1.276;
2023-03-28;4.225;0.0;77.625;1.11;
2023-03-29;7.538;0.0;70.125;1.836;
2023-03-30;-2.463;4.0;61.25;1.143;
2023-03-31;-6.35;0.0;51.0;0.99;
2023-04-01;-6.188;0.0;44.25;1.184;
2023-04-02;-5.062;0.0;43.0;1.359;
2023-04-03;-1.213;0.0;42.5;1.952;
2023-04-04;3.475;0.0;48.875;2.487;
2023-04-05;1.888;0.0;46.375;2.326;
2023-04-06;3.912;0.0;49.75;2.52;
2023-04-07;1.85;0.1;59.0;1.773;
2023-04-08;-6.788;0.8;39.75;1.199;
2023-04-09;-2.325;1.6;50.875;1.515;
2023-04-10;2.438;0.0;43.125;2.569;
2023-04-11;0.188;0.0;48.5;1.96;
2023-04-12;0.1;0.0;45.0;2.079;
2023-04-13;5.588;0.0;45.0;3.087;
2023-04-14;0.05;5.0;66.875;1.247;
2023-04-15;-6.85;0.0;48.125;1.025;
2023-04-16;-2.925;0.0;46.5;1.564;
2023-04-17;-2.325;0.6;55.25;1.381;
2023-04-18;-8.4;0.5;50.0;0.827;
2023-04-19;-4.525;0.0;40.125;1.506;
2023-04-20;1.725;0.0;39.625;2.587;
2023-04-21;4.088;0.0;38.75;3.109;
2023-04-22;5.125;0.0;38.25;3.362;
2023-04-23;8.075;0.0;29.875;4.603;
2023-04-24;12.175;0.0;32.625;5.587;0.0
2023-04-25;3.438;0.4;43.875;2.723;
2023-04-26;7.1;0.0;64.375;2.203;
2023-04-27;11.412;0.0;55.375;3.55;0.0
2023-04-28;18.925;0.0;28.25;8.306;0.0
2023-04-29;9.638;0.0;35.625;4.634;
2023-04-30;3.475;0.0;42.375;2.803;
2023-05-01;0.138;2.0;77.875;0.812;
2023-05-02;2.062;0.4;65.125;1.483;
2023-05-03;7.838;0.0;42.625;3.592;
2023-05-04;12.162;0.0;27.625;5.804;0.0
2023-05-05;15.65;0.0;26.25;7.076;0.0
2023-05-06;17.038;0.0;27.625;7.426;0.0
2023-05-07;18.812;0.0;29.625;7.844;0.0
2023-05-08;20.862;0.0;23.125;9.389;0.0
2023-05-09;15.162;0.0;32.0;6.369;0.0
2023-05-10;9.488;0.0;33.75;4.575;
2023-05-11;10.35;0.0;35.125;4.707;0.0
2023-05-12;7.138;0.0;62.375;2.256;
2023-05-13;7.362;0.0;34.625;3.976;
2023-05-14;9.288;0.0;21.0;5.393;
2023-05-15;11.45;0.0;23.5;5.902;0.0
2023-05-16;12.288;0.0;36.375;5.136;0.0
2023-05-17;5.6;4.0;54.875;2.453;
2023-05-18;8.225;0.0;38.625;3.934;
2023-05-19;13.662;0.0;27.25;6.314;0.0
2023-05-20;16.988;0.0;29.75;7.191;0.0
2023-05-21;18.162;0.0;21.625;8.478;0.0
2023-05-22;19.125;0.0;31.25;7.772;0.0
2023-05-23;17.625;0.0;23.375;8.084;0.0
2023-05-24;15.862;0.0;28.75;6.908;0.0
2023-05-25;13.4;0.0;29.625;6.025;0.0
2023-05-26;11.625;0.0;31.75;5.316;0.0
2023-05-27;12.325;0.0;35.875;5.187;0.0
2023-05-28;17.1;0.0;28.625;7.345;0.0
2023-05-29;14.7;0.4;46.25;4.919;0.272
2023-05-30;17.275;0.0;47.0;5.5;0.0
2023-05-31;19.975;0.0;27.75;8.486;0.0
2023-06-01;21.138;0.0;31.0;8.813;0.0
2023-06-02;23.375;0.0;32.125;9.53;0.0
2023-06-03;26.188;0.0;35.625;10.12;0.0
2023-06-04;27.175;0.0;39.125;9.943;0.0
2023-06-05;28.7;0.0;39.143;10.53;0.0
2023-06-06;28.775;0.0;34.125;11.43;0.0
2023-06-07;29.325;0.0;35.25;11.465;0.0
2023-06-08;30.129;0.0;28.571;13.025;0.0
2023-06-09;21.938;0.0;55.375;5.899;0.0
2023-06-10;13.612;5.0;77.625;2.002;3.673
2023-06-11;16.8;0.0;51.125;5.124;0.0
2023-06-12;18.55;0.0;45.375;6.216;0.0
2023-06-13;15.15;0.0;55.75;4.28;0.0
2023-06-14;14.338;0.0;45.875;5.025;0.0
2023-06-15;18.525;0.0;36.875;7.175;0.0
2023-06-16;20.938;0.0;38.625;7.771;0.0
2023-06-17;21.475;0.5;39.25;7.873;0.233
2023-06-18;18.938;0.4;55.875;5.111;0.211
2023-06-19;19.762;0.0;47.875;6.267;0.0
2023-06-20;22.262;0.0;37.375;8.393;0.0
2023-06-21;16.462;0.4;43.875;5.789;0.243
2023-06-22;15.275;0.8;50.375;4.83;0.524
2023-06-23;13.762;1.0;54.125;4.136;0.727
2023-06-24;13.912;0.0;54.375;4.145;0.0
2023-06-25;15.975;0.0;43.125;5.729;0.0
2023-06-26;18.175;2.0;48.875;5.718;1.1
2023-06-27;17.65;0.0;55.0;4.911;0.0
2023-06-28;18.212;6.0;66.625;3.739;3.294
2023-06-29;16.912;7.0;65.0;3.689;4.139
2023-06-30;18.175;0.0;56.5;4.865;0.0
2023-07-01;17.425;3.0;58.875;4.298;1.722
2023-07-02;20.162;0.0;51.375;5.759;0.0
2023-07-03;21.525;1.0;59.375;5.106;0.465
2023-07-04;22.5;0.0;41.625;7.648;0.0
2023-07-05;23.712;0.0;40.25;8.232;0.0
2023-07-06;25.188;0.0;46.25;7.861;0.0
2023-07-07;24.65;0.0;54.375;6.531;0.0
2023-07-08;20.775;0.8;72.125;3.391;0.385
2023-07-09;20.0;25.0;72.125;3.278;12.5
2023-07-10;21.125;0.0;54.125;5.667;0.0
2023-07-11;23.475;0.5;63.625;4.963;0.213
2023-07-12;27.138;0.3;62.375;5.939;0.111
2023-07-13;26.812;0.0;62.5;5.845;0.0
2023-07-14;28.15;0.0;52.75;7.75;0.0
2023-07-15;26.312;1.1;48.5;7.873;0.418
2023-07-16;20.438;0.0;56.25;5.245;0.0
2023-07-17;19.562;0.0;64.5;4.093;0.0
2023-07-18;20.92;;60.0;4.898;
2023-07-19;24.362;0.0;49.125;7.198;0.0
2023-07-20;21.038;1.0;65.0;4.307;0.475
2023-07-21;20.938;4.0;75.375;3.017;1.91
2023-07-22;21.525;1.9;67.625;4.069;0.883
2023-07-23;19.562;0.0;71.875;3.243;0.0
2023-07-24;22.6;1.0;62.75;4.901;0.442
2023-07-25;22.638;0.9;58.125;5.518;0.398
2023-07-26;22.425;2.0;56.625;5.665;0.892
2023-07-27;22.512;0.0;57.375;5.587;0.0
2023-07-28;21.75;0.0;62.875;4.711;0.0
2023-07-29;21.7;0.0;61.375;4.891;0.0
2023-07-30;21.15;8.0;73.125;3.324;3.783
2023-07-31;21.038;0.7;73.0;3.323;0.333
2023-08-01;22.862;14.0;65.125;4.639;6.124
2023-08-02;24.238;0.4;58.0;5.912;0.165
2023-08-03;25.025;0.3;58.5;6.03;0.12
2023-08-04;22.025;9.0;75.875;3.098;4.086
2023-08-05;24.275;0.0;59.125;5.763;0.0
2023-08-06;20.325;0.0;45.0;6.561;0.0
2023-08-07;19.9;0.0;52.625;5.546;0.0
2023-08-08;22.414;0.0;48.0;6.788;0.0
2023-08-09;20.643;0.0;59.429;4.908;0.0
2023-08-10;20.15;0.6;64.0;4.261;0.298
2023-08-11;17.188;2.0;67.125;3.397;1.164
2023-08-12;14.138;41.0;85.5;1.29;29.001
2023-08-13;12.575;0.4;76.0;1.968;0.318
2023-08-14;12.375;1.5;79.5;1.663;1.212
2023-08-15;13.929;2.4;80.857;1.684;1.723
2023-08-16;13.538;4.6;82.375;1.52;3.398
2023-08-17;15.65;1.0;74.0;2.495;0.639
2023-08-18;14.85;0.1;65.875;3.147;0.067
2023-08-19;16.3;0.4;75.5;2.426;0.245
2023-08-20;18.9;4.0;77.375;2.532;2.116
2023-08-21;15.775;1.0;77.75;2.148;0.634
2023-08-22;16.675;0.0;72.25;2.798;0.0
2023-08-23;20.212;0.0;58.5;4.926;0.0
2023-08-24;23.312;0.0;55.0;6.099;0.0
2023-08-25;20.175;20.0;78.625;2.533;9.913
2023-08-26;15.0;0.0;72.875;2.52;0.0
2023-08-27;16.912;0.0;69.75;3.085;0.0
2023-08-28;17.625;10.0;84.875;1.596;5.674
2023-08-29;18.788;0.6;74.0;2.895;0.319
2023-08-30;18.75;0.0;66.5;3.723;0.0
2023-08-31;19.962;0.3;70.75;3.434;0.15
2023-09-01;18.0;3.0;65.429;3.835;1.667
2023-09-02;17.575;0.8;63.75;3.942;0.455
2023-09-03;18.25;0.0;60.5;4.433;0.0
2023-09-04;15.588;24.0;72.625;2.706;15.397
2023-09-05;13.25;6.0;78.625;1.876;4.528
2023-09-06;11.575;0.0;70.875;2.338;0.0
2023-09-07;12.012;2.4;68.625;2.579;1.998
2023-09-08;12.338;0.3;78.875;1.767;0.243
2023-09-09;13.088;0.0;70.375;2.579;0.0
2023-09-10;14.412;0.0;60.25;3.705;0.0
2023-09-11;13.45;0.0;62.25;3.349;0.0
2023-09-12;9.488;0.0;78.0;1.57;
2023-09-13;12.488;0.0;78.875;1.781;0.0
2023-09-14;14.162;0.0;75.75;2.232;0.0
2023-09-15;15.6;0.0;65.0;3.462;0.0
2023-09-16;16.138;0.0;60.5;4.011;0.0
2023-09-17;14.375;0.0;68.625;2.919;0.0
2023-09-18;14.85;0.0;71.875;2.68;0.0
2023-09-19;14.625;0.0;71.571;2.678;0.0
2023-09-20;14.8;0.0;78.25;2.067;0.0
2023-09-21;14.95;0.0;72.5;2.633;0.0
2023-09-22;14.8;0.0;68.125;3.029;0.0
2023-09-23;9.525;9.0;71.75;2.02;
2023-09-24;6.012;0.6;81.875;1.046;
2023-09-25;5.85;0.5;78.375;1.235;
2023-09-26;4.988;0.0;77.25;1.227;
2023-09-27;8.462;0.0;65.875;2.293;
2023-09-28;9.075;6.7;76.625;1.628;
2023-09-29;8.95;2.9;85.125;1.029;
2023-09-30;9.8;0.4;76.625;1.698;
2023-10-01;3.112;0.0;62.375;1.727;
2023-10-02;3.975;0.0;70.375;1.444;
2023-10-03;7.062;0.0;67.5;1.94;
2023-10-04;8.45;0.0;68.25;2.063;
2023-10-05;10.338;0.0;56.625;3.145;0.0
2023-10-06;12.212;0.0;61.75;3.076;0.0
2023-10-07;12.4;0.0;72.625;2.223;0.0
2023-10-08;11.237;0.0;75.125;1.897;0.0
2023-10-09;13.075;0.0;68.75;2.631;0.0
2023-10-10;16.138;0.0;57.125;4.213;0.0
2023-10-11;16.186;0.0;55.286;4.404;0.0
2023-10-12;7.262;0.0;71.625;1.715;
2023-10-13;7.0;0.0;67.25;1.947;
2023-10-14;7.712;0.0;57.625;2.633;
2023-10-15;6.912;3.0;83.625;0.968;
2023-10-16;6.162;0.0;78.5;1.212;
2023-10-17;10.1;0.5;80.375;1.404;0.495
2023-10-18;12.257;0.0;69.857;2.429;0.0
2023-10-19;10.612;0.0;65.125;2.568;0.0
2023-10-20;6.038;0.0;58.75;2.307;
2023-10-21;5.062;0.4;72.375;1.45;
2023-10-22;4.75;0.0;69.875;1.548;
2023-10-23;3.562;8.0;89.875;0.48;
2023-10-24;0.25;1.1;86.75;0.491;
2023-10-25;5.3;3.4;78.125;1.166;
2023-10-26;8.65;7.0;79.25;1.364;
2023-10-27;-2.65;1.4;71.125;0.838;
2023-10-28;-3.3;0.0;72.5;0.752;
2023-10-29;-3.538;0.0;69.5;0.816;
2023-10-30;-4.712;0.0;76.25;0.568;
2023-10-31;-4.438;0.7;81.0;0.466;
2023-11-01;-5.738;0.0;84.25;0.351;
2023-11-02;-4.188;8.0;91.75;0.214;
2023-11-03;-8.357;0.2;77.857;0.368;
2023-11-04;-5.425;0.0;79.875;0.463;
2023-11-05;-1.625;3.0;73.625;0.865;
2023-11-06;-4.988;0.0;87.5;0.3;
2023-11-07;-1.075;0.5;89.5;0.361;
2023-11-08;-0.75;0.0;90.875;0.322;
2023-11-09;-1.488;0.0;90.125;0.328;
2023-11-10;-0.162;0.0;90.5;0.352;
2023-11-11;3.5;0.0;86.75;0.646;
2023-11-12;4.2;0.0;81.875;0.927;
2023-11-13;3.412;2.0;94.625;0.26;
2023-11-14;1.138;3.0;93.0;0.287;
2023-11-15;3.462;0.0;82.625;0.845;
2023-11-16;4.725;0.0;62.125;2.008;
2023-11-17;4.229;0.5;87.286;0.652;
2023-11-18;5.262;0.8;87.125;0.707;
2023-11-19;0.825;6.0;79.5;0.82;
2023-11-20;-8.425;0.2;79.5;0.338;
2023-11-21;-11.162;0.2;84.0;0.184;
2023-11-22;-11.912;0.0;68.75;0.321;
2023-11-23;-7.0;0.0;64.875;0.683;
2023-11-24;-0.25;1.3;89.875;0.372;
2023-11-25;-1.862;3.4;83.75;0.522;
2023-11-26;-2.762;3.0;89.25;0.319;
2023-11-27;-1.55;0.0;90.25;0.322;
2023-11-28;-6.35;0.0;90.0;0.209;
2023-11-29;-6.875;0.0;80.25;0.389;
2023-11-30;-2.2;0.0;74.625;0.791;
2023-12-01;0.762;1.3;91.375;0.332;
2023-12-02;-2.825;1.1;89.75;0.293;
2023-12-03;0.262;7.0;91.5;0.315;
2023-12-04;-10.312;1.0;80.25;0.247;
2023-12-05;-12.875;3.0;87.375;0.108;
2023-12-06;-8.962;16.0;94.5;0.082;
2023-12-07;-25.414;2.0;80.5;0.0;
2023-12-08;-34.075;0.0;71.375;0.137;
2023-12-09;-34.1;0.0;71.125;0.139;
2023-12-10;-27.45;0.0;78.625;0.007;
2023-12-11;-28.062;0.0;78.125;0.012;
2023-12-12;-29.175;0.0;77.0;0.023;
2023-12-13;-29.95;0.0;76.0;0.034;
2023-12-14;-20.85;4.7;85.0;0.015;
2023-12-15;-21.788;0.2;78.375;0.013;
2023-12-16;-18.175;0.7;72.625;0.074;
2023-12-17;-24.7;0.0;80.125;0.0;
2023-12-18;-25.1;0.0;79.25;0.0;
2023-12-19;-18.612;0.0;70.375;0.07;
2023-12-20;-6.975;5.0;93.5;0.123;
2023-12-21;-6.438;3.2;92.0;0.16;
2023-12-22;-0.938;2.8;97.25;0.092;
2023-12-23;-1.45;0.1;99.5;0.016;
2023-12-24;-5.012;0.0;99.25;0.017;
2023-12-25;-7.312;0.0;96.875;0.057;
2023-12-26;-1.25;0.0;82.0;0.59;
2023-12-27;-3.612;0.7;81.0;0.505;
2023-12-28;-0.338;4.0;86.625;0.472;
2023-12-29;0.675;0.3;78.375;0.828;
2023-12-30;-3.85;0.6;84.125;0.412;
2023-12-31;-3.9;;97.0;0.078;
2024-01-01;-9.433;1.9;89.5;0.148;
2024-01-02;-1.1;5.0;97.857;0.071;
2024-01-03;-11.857;3.0;91.143;0.089;
2024-01-04;-23.4;0.0;82.75;0.003;
2024-01-05;-11.788;0.0;82.25;0.18;
2024-01-06;-4.975;1.2;83.25;0.39;
2024-01-07;-15.825;0.0;85.875;0.069;
2024-01-08;-2.214;3.0;91.857;0.245;
2024-01-09;-16.025;1.2;76.25;0.111;
2024-01-10;-16.538;1.0;80.375;0.082;
2024-01-11;-11.825;5.0;81.286;0.189;
2024-01-12;-19.875;0.5;73.0;0.041;
2024-01-13;-12.438;0.0;63.375;0.336;
2024-01-14;-5.625;0.7;63.875;0.787;
2024-01-15;-20.988;0.0;70.625;0.027;
2024-01-16;-22.438;0.0;79.625;0.008;
2024-01-17;-22.862;0.0;82.625;0.005;
2024-01-18;-21.6;0.0;83.75;0.011;
2024-01-19;-18.7;0.0;75.125;0.057;
2024-01-20;-15.612;0.0;73.375;0.136;
2024-01-21;-17.112;0.0;81.375;0.067;
2024-01-22;-17.688;0.0;83.375;0.052;
2024-01-23;-15.312;0.0;74.75;0.138;
2024-01-24;-11.675;0.0;62.0;0.392;
2024-01-25;-9.85;0.2;68.375;0.421;
2024-01-26;-4.8;0.0;57.0;1.019;
2024-01-27;-7.6;0.0;77.375;0.398;
2024-01-28;-6.962;0.6;89.5;0.198;
2024-01-29;-14.938;2.0;84.375;0.092;
2024-01-30;-17.812;0.9;81.5;0.055;
2024-01-31;-14.125;0.0;82.625;0.119;
2024-02-01;-8.675;0.2;88.0;0.199;
2024-02-02;-4.925;0.0;80.25;0.494;
2024-02-03;-10.35;0.4;81.875;0.241;
2024-02-04;-5.788;6.0;93.875;0.14;
2024-02-05;-3.725;0.5;81.875;0.509;
2024-02-06;-3.988;0.0;69.625;0.832;
2024-02-07;-4.312;0.0;61.25;1.029;
2024-02-08;-2.525;0.0;68.875;0.976;
2024-02-09;-1.425;3.4;84.5;0.535;
2024-02-10;-0.788;5.0;79.375;0.75;
2024-02-11;-13.312;0.0;73.625;0.224;
2024-02-12;-17.175;1.8;79.125;0.079;
2024-02-13;-16.05;1.3;81.75;0.091;
2024-02-14;-8.85;5.0;78.125;0.354;
2024-02-15;-23.738;0.0;64.75;0.003;
2024-02-16;-28.025;0.0;72.375;0.016;
2024-02-17;-24.788;2.4;77.75;0.0;
2024-02-18;-22.362;0.9;77.125;0.01;
2024-02-19;-24.512;0.0;71.875;0.0;
2024-02-20;-23.95;0.0;70.125;0.002;
2024-02-21;-22.8;0.0;72.714;0.008;
2024-02-22;-19.45;0.0;61.625;0.073;
2024-02-23;-20.138;0.0;64.875;0.052;
2024-02-24;-18.712;0.0;67.125;0.081;
2024-02-25;-15.2;0.6;68.625;0.187;
2024-02-26;-15.875;0.4;80.5;0.101;
2024-02-27;-14.438;0.0;79.5;0.142;
2024-02-28;-10.838;0.0;82.0;0.224;
2024-02-29;-6.0;0.0;84.25;0.353;
2024-03-01;-5.7;4.0;91.0;0.195;
2024-03-02;-4.475;1.1;83.375;0.407;
2024-03-03;-10.075;0.0;79.125;0.27;
2024-03-04;-8.812;6.0;92.125;0.12;
2024-03-05;-5.08;1.5;88.8;0.258;
2024-03-06;-4.788;0.5;81.875;0.43;
2024-03-07;-5.838;0.6;81.5;0.394;
2024-03-08;-8.475;4.4;78.625;0.339;
2024-03-09;-8.688;0.0;82.375;0.272;
2024-03-10;0.175;3.0;89.625;0.382;
2024-03-11;-1.625;0.6;86.25;0.436;
2024-03-12;-5.6;0.4;77.25;0.497;
2024-03-13;-8.1;2.0;79.125;0.346;
2024-03-14;-8.038;0.0;77.875;0.37;
2024-03-15;-10.488;1.0;84.625;0.188;
2024-03-16;-6.525;2.4;90.125;0.196;
2024-03-17;-3.388;3.0;85.875;0.383;
2024-03-18;-1.25;0.0;68.0;1.048;
2024-03-19;-0.362;0.0;73.875;0.921;
2024-03-20;-0.912;0.0;71.875;0.948;
2024-03-21;-5.15;0.0;67.625;0.741;
2024-03-22;-4.488;0.4;75.0;0.611;
2024-03-23;-2.288;0.0;72.375;0.827;
2024-03-24;-0.238;0.0;67.125;1.17;
2024-03-25;-0.05;0.1;79.625;0.736;
2024-03-26;-0.788;0.0;64.125;1.221;
2024-03-27;1.175;0.0;60.625;1.566;
2024-03-28;3.862;0.0;74.625;1.227;
2024-03-29;3.2;4.0;86.625;0.618;
2024-03-30;3.6;1.0;81.5;0.879;
2024-03-31;1.2;0.4;83.5;0.658;
2024-04-01;0.387;0.3;91.25;0.338;
2024-04-02;2.638;0.7;88.0;0.55;
2024-04-03;2.2;0.0;88.125;0.527;
2024-04-04;4.788;0.0;79.5;1.091;
2024-04-05;8.638;0.0;73.375;1.808;
2024-04-06;9.475;0.0;69.625;2.166;
2024-04-07;2.612;0.1;71.0;1.327;
2024-04-08;0.725;0.0;55.0;1.787;
2024-04-09;5.95;1.0;87.0;0.747;
2024-04-10;2.725;3.0;88.875;0.513;
2024-04-11;0.538;0.0;54.875;1.766;
2024-04-12;-3.362;0.0;45.75;1.524;
2024-04-13;2.962;0.8;69.25;1.443;
2024-04-14;7.775;5.0;80.0;1.289;
2024-04-15;6.675;3.0;84.5;0.933;
2024-04-16;2.125;0.0;56.375;1.926;
2024-04-17;5.95;0.0;52.625;2.723;
2024-04-18;9.762;0.3;69.125;2.239;
2024-04-19;10.475;3.0;63.75;2.737;2.864
2024-04-20;4.975;0.0;50.75;2.655;
2024-04-21;7.712;0.0;39.75;3.868;
2024-04-22;8.588;0.0;57.5;2.877;
2024-04-23;0.925;0.8;59.25;1.643;
2024-04-24;-2.4;0.0;54.625;1.391;
2024-04-25;2.925;0.0;55.125;2.1;
2024-04-26;5.088;0.0;54.875;2.451;
2024-04-27;8.5;0.0;42.0;3.905;
2024-04-28;11.538;0.0;36.25;5.106;0.0
2024-04-29;10.175;6.0;66.875;2.459;5.897
2024-04-30;2.362;0.0;49.5;2.269;
2024-05-01;4.55;0.0;37.0;3.194;
2024-05-02;4.012;9.0;77.625;1.094;
2024-05-03;5.662;1.6;72.875;1.481;
2024-05-04;9.888;0.0;52.625;3.348;
2024-05-05;12.138;0.7;74.375;2.052;0.577
2024-05-06;9.262;8.0;55.375;3.042;
2024-05-07;10.7;0.0;40.75;4.385;0.0
2024-05-08;14.275;0.0;43.625;5.049;0.0
2024-05-09;15.9;0.0;37.0;6.119;0.0
2024-05-10;19.812;0.1;40.0;6.996;0.05
2024-05-11;16.988;0.0;47.25;5.4;0.0
2024-05-12;14.575;0.0;30.125;6.354;0.0
2024-05-13;16.5;0.0;37.5;6.25;0.0
2024-05-14;19.6;0.0;37.875;7.175;0.0
2024-05-15;11.412;10.5;71.75;2.175;9.2
2024-05-16;9.925;0.0;42.75;4.055;
2024-05-17;13.15;0.0;43.5;4.775;0.0
2024-05-18;17.125;0.0;40.375;6.144;0.0
2024-05-19;16.45;0.1;57.75;4.215;0.061
2024-05-20;13.1;5.0;84.625;1.296;3.817
2024-05-21;15.0;2.0;72.375;2.566;1.333
2024-05-22;15.138;3.0;68.625;2.935;1.982
2024-05-23;15.375;4.0;65.25;3.289;2.602
2024-05-24;12.438;0.4;74.375;2.085;0.322
2024-05-25;7.587;0.0;76.125;1.472;
2024-05-26;10.375;0.8;77.625;1.626;0.771
2024-05-27;10.088;3.4;72.125;1.993;3.371
2024-05-28;6.25;0.4;64.0;2.041;
2024-05-29;7.4;6.7;58.625;2.522;
2024-05-30;6.088;0.0;45.125;3.079;
2024-05-31;8.7;0.0;42.5;3.792;
2024-06-01;10.913;0.0;41.5;4.527;0.0
2024-06-02;14.138;0.0;44.25;5.124;0.0
2024-06-03;16.275;0.0;45.375;5.584;0.0
2024-06-04;12.1;0.5;73.625;2.178;0.413
2024-06-05;11.5;0.0;63.25;2.938;0.0
2024-06-06;15.362;28.0;87.25;1.246;18.226
2024-06-07;17.312;5.0;89.625;1.114;2.888
2024-06-08;17.243;24.0;93.857;0.658;13.919
2024-06-09;17.575;0.4;66.375;3.657;0.228
2024-06-10;18.95;0.0;54.875;5.23;0.0
2024-06-11;21.225;0.0;48.125;6.651;0.0
2024-06-12;19.762;3.0;74.25;3.096;1.518
2024-06-13;21.988;1.0;77.625;2.964;0.455
2024-06-14;25.188;0.0;50.5;7.481;0.0
2024-06-15;26.225;0.0;43.5;8.895;0.0
2024-06-16;24.4;0.0;63.5;5.344;0.0
2024-06-17;22.325;6.0;79.625;2.738;2.688
2024-06-18;18.65;20.0;75.875;2.758;10.724
2024-06-19;14.85;0.0;54.75;4.311;0.0
2024-06-20;16.825;0.0;57.25;4.487;0.0
2024-06-21;18.562;0.8;73.0;3.074;0.431
2024-06-22;25.062;1.0;58.125;6.297;0.399
2024-06-23;26.15;0.0;59.5;6.358;0.0
2024-06-24;27.675;0.3;61.0;6.493;0.108
2024-06-25;26.712;2.0;68.125;5.114;0.749
2024-06-26;26.35;0.0;62.75;5.893;0.0
2024-06-27;26.8;1.0;59.0;6.601;0.373
2024-06-28;28.125;0.0;57.75;7.154;0.0
2024-06-29;28.962;0.0;55.25;7.819;0.0
2024-06-30;26.288;0.0;55.75;6.984;0.0
2024-07-01;22.0;0.0;68.375;4.056;0.0
2024-07-02;21.438;0.8;71.5;3.569;0.373
2024-07-03;21.675;0.4;67.0;4.174;0.185
2024-07-04;20.738;3.0;72.0;3.401;1.447
2024-07-05;21.3;1.0;73.75;3.267;0.469
2024-07-06;24.0;0.0;66.375;4.688;0.0
2024-07-07;23.875;0.0;65.0;4.855;0.0
2024-07-08;19.588;31.0;79.625;2.352;15.826
2024-07-09;18.283;0.0;71.833;3.064;0.0
2024-07-10;20.914;0.5;61.857;4.669;0.239
2024-07-11;21.125;1.5;65.0;4.324;0.71
2024-07-12;22.412;0.0;55.75;5.776;0.0
2024-07-13;24.038;0.0;50.875;6.859;0.0
2024-07-14;25.438;0.0;52.625;6.998;0.0
2024-07-15;26.788;0.0;52.75;7.358;0.0
2024-07-16;25.525;0.0;58.25;6.188;0.0
2024-07-17;22.138;4.0;79.625;2.629;1.807
2024-07-18;23.125;0.3;74.75;3.396;0.13
2024-07-19;21.912;5.0;81.75;2.332;2.282
2024-07-20;21.05;5.0;75.0;3.078;2.375
2024-07-21;22.025;0.0;71.5;3.659;0.0
2024-07-22;21.9;0.0;76.5;3.001;0.0
2024-07-23;20.938;0.0;78.5;2.634;0.0
2024-07-24;24.25;0.0;64.0;5.07;0.0
2024-07-25;25.112;5.0;69.75;4.411;1.991
2024-07-26;25.257;6.0;68.857;4.567;2.376
2024-07-27;27.412;0.0;62.25;6.021;0.0
2024-07-28;21.962;18.0;83.25;2.145;8.196
2024-07-29;22.0;0.0;74.5;3.271;0.0
2024-07-30;23.162;0.0;57.75;5.691;0.0
2024-07-31;22.462;4.0;61.25;5.069;1.781
2024-08-01;24.3;0.0;61.0;5.504;0.0
2024-08-02;25.512;0.0;58.75;6.111;0.0
2024-08-03;25.762;0.0;55.75;6.621;0.0
2024-08-04;21.9;0.6;78.125;2.794;0.274
2024-08-05;20.638;0.7;79.625;2.464;0.339
2024-08-06;20.425;2.0;73.75;3.145;0.979
2024-08-07;20.762;7.0;75.875;2.934;3.371
2024-08-08;21.3;0.0;76.0;2.987;0.0
2024-08-09;19.112;0.0;79.375;2.33;0.0
2024-08-10;17.475;15.0;90.5;0.995;8.584
2024-08-11;16.912;5.0;75.25;2.524;2.956
2024-08-12;17.712;0.0;63.875;3.827;0.0
2024-08-13;19.825;0.0;63.375;4.273;0.0
2024-08-14;24.262;0.0;53.875;6.5;0.0
2024-08-15;23.45;7.0;61.75;5.214;2.985
2024-08-16;21.362;4.0;70.75;3.651;1.872
2024-08-17;19.825;0.9;69.75;3.529;0.454
2024-08-18;18.025;0.4;74.125;2.781;0.222
2024-08-19;17.162;5.0;80.5;2.013;2.913
2024-08-20;17.525;3.0;84.5;1.628;1.712
2024-08-21;16.825;10.0;85.625;1.46;5.944
2024-08-22;17.65;0.0;73.875;2.759;0.0
2024-08-23;19.862;0.0;65.5;4.032;0.0
2024-08-24;20.188;3.0;68.75;3.705;1.486
2024-08-25;16.538;4.5;84.125;1.59;2.721
2024-08-26;15.338;15.0;88.0;1.134;9.78
2024-08-27;15.338;9.0;82.625;1.642;5.868
2024-08-28;15.025;0.0;80.875;1.779;0.0
2024-08-29;15.412;0.0;80.625;1.837;0.0
2024-08-30;16.488;2.0;74.875;2.511;1.213
2024-08-31;13.8;2.0;81.75;1.595;1.449
2024-09-01;13.35;0.0;73.5;2.338;0.0
2024-09-02;9.375;0.6;83.125;1.196;
2024-09-03;12.788;14.4;81.125;1.617;11.261
2024-09-04;12.938;40.0;91.625;0.723;30.918
2024-09-05;12.562;1.2;86.875;1.111;0.955
2024-09-06;12.912;0.4;83.375;1.434;0.31
2024-09-07;12.1;0.0;84.875;1.249;0.0
2024-09-08;11.912;3.0;90.625;0.766;2.518
2024-09-09;13.675;2.0;86.75;1.189;1.463
2024-09-10;12.088;0.0;65.875;2.816;0.0
2024-09-11;9.188;0.0;73.375;1.867;
2024-09-12;10.05;0.0;64.375;2.626;0.0
2024-09-13;9.712;0.0;74.25;1.862;
2024-09-14;12.075;0.0;75.25;2.041;0.0
2024-09-15;9.538;0.0;66.875;2.371;
2024-09-16;6.238;0.0;69.25;1.8;
2024-09-17;5.7;0.7;76.375;1.336;
2024-09-18;8.962;0.0;68.625;2.171;
2024-09-19;12.062;0.0;73.125;2.215;0.0
2024-09-20;13.1;0.0;73.75;2.286;0.0
2024-09-21;14.738;0.0;65.875;3.233;0.0
2024-09-22;14.262;0.0;66.125;3.133;0.0
2024-09-23;12.462;0.5;61.125;3.274;0.401
2024-09-24;7.812;0.0;62.625;2.414;
2024-09-25;5.375;0.0;69.125;1.709;
2024-09-26;3.35;3.0;80.375;0.946;
2024-09-27;3.3;2.3;88.875;0.535;
2024-09-28;5.512;0.0;75.0;1.397;
2024-09-29;8.212;0.0;58.125;2.771;
2024-09-30;12.025;0.0;55.25;3.681;0.0
2024-10-01;14.088;0.0;55.625;3.937;0.0
2024-10-02;9.75;0.0;52.125;3.357;
2024-10-03;6.25;0.0;60.0;2.268;
2024-10-04;8.612;0.0;59.0;2.69;
2024-10-05;10.038;0.0;48.5;3.671;0.0
2024-10-06;9.95;0.0;57.375;3.023;
2024-10-07;10.038;2.0;60.625;2.807;1.993
2024-10-08;5.9;0.0;56.125;2.432;
2024-10-09;9.212;2.0;61.875;2.591;
2024-10-10;2.225;0.0;67.25;1.409;
2024-10-11;-0.588;0.0;56.5;1.505;
2024-10-12;-1.612;0.0;56.25;1.389;
2024-10-13;-1.688;0.0;60.375;1.25;
2024-10-14;-1.712;0.0;63.125;1.161;
2024-10-15;1.388;0.0;57.125;1.733;
2024-10-16;1.8;0.0;68.125;1.329;
2024-10-17;1.762;0.0;74.875;1.045;
2024-10-18;0.712;0.0;81.5;0.71;
2024-10-19;-1.125;0.0;93.25;0.223;
2024-10-20;1.638;0.0;84.25;0.649;
2024-10-21;5.488;0.3;72.25;1.498;
2024-10-22;3.275;0.1;84.75;0.708;
2024-10-23;2.85;0.0;78.875;0.951;
2024-10-24;4.7;2.0;90.875;0.467;
2024-10-25;6.462;1.4;89.75;0.589;
2024-10-26;7.312;0.0;75.375;1.493;
2024-10-27;5.875;4.0;92.25;0.429;
2024-10-28;4.012;0.0;88.25;0.574;
2024-10-29;3.025;9.0;96.0;0.182;
2024-10-30;0.762;2.0;96.25;0.145;
2024-10-31;-0.225;0.5;85.0;0.535;
2024-11-01;-1.1;0.0;80.0;0.685;
2024-11-02;-1.175;0.2;89.75;0.349;
2024-11-03;5.575;0.0;85.625;0.806;
2024-11-04;9.775;0.0;71.125;2.095;
2024-11-05;0.213;0.9;72.0;1.068;
2024-11-06;-1.175;0.0;81.625;0.626;
2024-11-07;0.825;6.1;67.875;1.286;
2024-11-08;-4.025;1.0;78.625;0.564;
2024-11-09;-6.575;0.0;81.625;0.374;
2024-11-10;-3.95;4.0;89.25;0.286;
2024-11-11;-3.412;5.0;87.0;0.363;
2024-11-12;-10.088;0.2;77.75;0.297;
2024-11-13;-10.5;0.2;82.25;0.224;
2024-11-14;-10.9;1.2;82.625;0.207;
2024-11-15;-6.65;4.0;95.0;0.101;
2024-11-16;-2.312;1.0;88.0;0.371;
2024-11-17;-4.688;0.0;85.625;0.356;
2024-11-18;-1.462;0.0;78.125;0.727;
2024-11-19;-0.938;0.0;72.875;0.942;
2024-11-20;-3.275;0.0;76.25;0.673;
2024-11-21;-0.9;0.0;73.25;0.932;
2024-11-22;-3.088;1.3;83.875;0.465;
2024-11-23;-9.3;0.0;67.0;0.488;
2024-11-24;-5.6;0.6;91.875;0.183;
2024-11-25;-6.65;0.0;90.75;0.187;
2024-11-26;-7.3;0.0;92.5;0.141;
2024-11-27;-7.462;0.0;92.0;0.148;
2024-11-28;-7.988;0.0;94.625;0.093;
2024-11-29;-7.662;0.0;87.5;0.225;
2024-11-30;-3.7;0.0;84.25;0.429;
2024-12-01;-13.862;0.2;89.125;0.078;
2024-12-02;-12.362;0.0;88.375;0.108;
2024-12-03;-5.8;2.0;91.75;0.177;
2024-12-04;-5.7;2.0;88.625;0.246;
2024-12-05;-6.575;0.0;89.125;0.214;
2024-12-06;-5.912;0.3;89.625;0.219;
2024-12-07;-6.4;2.5;94.125;0.118;
2024-12-08;-10.075;1.9;84.625;0.199;
2024-12-09;-16.075;0.4;87.375;0.058;
2024-12-10;-19.475;0.0;86.875;0.023;
2024-12-11;-15.025;2.0;82.875;0.099;
2024-12-12;-7.7;0.0;64.25;0.621;
2024-12-13;-6.225;0.0;63.375;0.75;
2024-12-14;-4.85;0.0;57.25;1.008;
2024-12-15;-0.688;0.0;66.0;1.167;
2024-12-16;-8.588;2.0;80.875;0.299;
2024-12-17;-12.75;0.0;73.375;0.232;
2024-12-18;-11.975;0.0;72.875;0.267;
2024-12-19;-7.8;0.0;71.25;0.494;
2024-12-20;-7.662;0.0;71.0;0.506;
2024-12-21;-5.988;1.7;85.75;0.299;
2024-12-22;-9.962;0.0;86.625;0.176;
2024-12-23;-13.775;0.0;91.5;0.062;
2024-12-24;-16.95;0.0;88.375;0.044;
2024-12-25;-16.712;0.0;88.0;0.048;
2024-12-26;-16.125;0.0;83.0;0.078;
2024-12-27;-11.888;0.0;71.75;0.282;
2024-12-28;-7.438;5.0;92.875;0.128;
2024-12-29;-3.8;0.7;83.0;0.444;
2025-01-01;-12.5;0.2;91.333;0.079;
2025-01-02;-4.45;0.7;90.125;0.242;
2025-01-03;-6.112;2.4;89.25;0.223;
2025-01-04;-0.262;2.4;97.625;0.084;
2025-01-05;-2.788;0.6;94.0;0.172;
2025-01-06;-8.438;0.0;90.75;0.147;
2025-01-07;-8.957;0.3;93.143;0.102;
2025-01-08;-7.512;4.0;92.875;0.127;
2025-01-09;-12.6;1.0;87.0;0.116;
2025-01-10;-6.55;3.0;84.75;0.301;
2025-01-11;-4.288;0.6;86.875;0.327;
2025-01-12;-6.712;0.0;86.25;0.267;
2025-01-13;-10.65;0.2;90.0;0.12;
2025-01-14;-9.075;0.0;79.5;0.302;
2025-01-15;-6.675;0.0;63.875;0.704;
2025-01-16;-7.95;0.0;75.875;0.407;
2025-01-17;-6.538;1.0;86.5;0.267;
2025-01-18;-5.45;1.9;89.875;0.225;
2025-01-19;-7.788;0.5;84.5;0.267;
2025-01-20;-4.6;0.6;91.5;0.205;
2025-01-21;-1.075;0.9;87.0;0.432;
2025-01-22;-5.15;1.2;80.5;0.446;
2025-01-23;-21.088;0.0;67.375;0.029;
2025-01-24;-25.075;0.0;71.625;0.0;
2025-01-25;-18.712;0.5;64.75;0.081;
2025-01-26;-13.425;0.0;61.875;0.297;
2025-01-27;-13.2;0.0;60.5;0.319;
2025-01-28;-11.8;0.8;73.0;0.273;
2025-01-29;-11.562;0.9;84.125;0.166;
2025-01-30;-10.425;0.3;87.25;0.157;
2025-01-31;-12.638;1.5;85.875;0.125;
2025-02-01;-18.075;0.7;80.625;0.06;
2025-02-02;-13.837;0.6;86.25;0.11;
2025-02-03;-9.338;0.0;91.625;0.132;
2025-02-04;-4.562;6.0;89.875;0.272;
2025-02-05;-8.1;0.0;75.375;0.452;
2025-02-06;-12.712;0.0;68.875;0.302;
2025-02-07;-13.75;0.0;74.375;0.208;
2025-02-08;-16.012;0.0;81.375;0.097;
2025-02-09;-9.388;7.0;92.75;0.114;
2025-02-10;-4.462;0.7;87.875;0.329;
2025-02-11;-5.525;2.2;90.875;0.222;
2025-02-12;-6.462;0.0;84.625;0.34;
2025-02-13;-7.838;3.2;91.0;0.17;
2025-02-14;-8.638;2.4;82.625;0.299;
2025-02-15;-12.55;0.0;87.25;0.127;
2025-02-16;-6.725;0.6;90.0;0.215;
2025-02-17;-6.825;0.0;91.625;0.178;
2025-02-18;-8.438;0.0;88.125;0.209;
2025-02-19;-9.488;0.0;87.875;0.188;
2025-02-20;-8.9;0.0;83.875;0.269;
2025-02-21;-7.588;0.0;74.375;0.499;
2025-02-22;-6.462;0.0;78.5;0.475;
2025-02-23;-7.775;0.7;64.625;0.675;
2025-02-24;-10.462;0.0;67.75;0.438;
2025-02-25;-10.4;0.0;70.375;0.406;
2025-02-26;-9.025;0.0;63.5;0.599;
2025-02-27;-9.312;0.0;79.375;0.326;
2025-02-28;-7.475;2.3;88.375;0.23;
2025-03-01;-8.65;1.0;84.125;0.246;
2025-03-02;-8.95;0.8;87.0;0.194;
2025-03-03;-8.2;0.0;88.875;0.182;
2025-03-04;-9.062;0.0;86.625;0.197;
2025-03-05;-7.163;0.2;80.625;0.358;
2025-03-06;-5.362;0.2;67.75;0.722;
2025-03-07;0.138;0.4;75.375;0.904;
2025-03-08;-7.512;0.2;80.125;0.353;
2025-03-09;-7.8;0.0;81.375;0.32;
2025-03-10;-10.85;0.0;78.75;0.247;
2025-03-11;-7.012;2.0;84.625;0.289;
2025-03-12;-11.025;0.0;76.125;0.271;
2025-03-13;-11.438;0.0;71.75;0.302;
2025-03-14;-4.625;0.0;48.375;1.244;
2025-03-15;-2.1;0.0;50.25;1.515;
2025-03-16;0.425;0.0;42.625;2.154;
2025-03-17;1.35;0.0;56.0;1.774;
2025-03-18;3.6;4.1;77.375;1.075;
2025-03-19;5.988;0.1;62.375;2.098;
2025-03-20;6.012;0.0;54.125;2.562;
2025-03-21;4.575;0.3;72.625;1.39;
2025-03-22;-0.85;3.0;67.75;1.092;
2025-03-23;-1.462;0.0;67.125;1.058;
2025-03-24;-3.812;3.0;77.75;0.58;
2025-03-25;-4.762;1.0;72.625;0.651;
2025-03-26;-5.05;0.0;64.625;0.818;
2025-03-27;-1.325;0.0;63.25;1.196;
2025-03-28;2.075;0.0;68.0;1.362;
2025-03-29;4.2;0.0;64.25;1.77;
2025-03-30;5.475;0.0;63.75;1.955;
2025-03-31;5.788;0.0;66.125;1.864;
2025-04-01;4.712;2.0;75.625;1.291;
2025-04-02;1.488;2.0;64.75;1.484;
2025-04-03;4.712;0.0;60.5;2.092;
2025-04-04;9.462;0.0;55.0;3.207;
2025-04-05;4.4;4.0;74.5;1.322;
2025-04-06;8.938;0.0;58.5;2.868;
2025-04-07;9.95;0.0;59.75;2.95;
2025-04-08;12.4;0.4;56.0;3.693;0.323
2025-04-09;4.075;0.0;71.875;1.427;
2025-04-10;4.875;0.0;43.875;3.006;
2025-04-11;13.65;0.0;46.25;4.818;0.0
2025-04-12;18.788;0.0;31.125;7.923;0.0
2025-04-13;15.012;0.0;50.0;4.803;0.0
2025-04-14;6.862;1.0;76.25;1.447;
2025-04-15;4.788;2.5;85.25;0.785;
2025-04-16;3.312;0.0;65.75;1.647;
2025-04-17;5.938;5.0;71.75;1.622;
2025-04-18;-1.025;5.1;74.125;0.892;
2025-04-19;-2.288;8.0;73.375;0.824;
2025-04-20;-0.35;9.0;78.25;0.793;
2025-04-21;4.988;6.0;67.75;1.74;
2025-04-22;4.412;0.0;48.25;2.686;
2025-04-23;11.225;0.8;46.625;4.202;0.713
2025-04-24;3.9;0.0;41.625;2.925;
2025-04-25;7.562;0.0;31.125;4.382;
2025-04-26;15.325;0.0;28.875;6.939;0.0
2025-04-27;17.35;0.0;35.5;6.941;0.0
2025-04-28;14.425;6.0;85.875;1.317;4.159
2025-04-29;16.988;0.1;62.75;3.94;0.059
2025-04-30;7.775;0.9;49.0;3.287;
2025-05-01;9.762;0.0;45.75;3.807;
2025-05-02;12.088;0.0;40.125;4.782;0.0
2025-05-03;6.338;4.0;59.0;2.338;
2025-05-04;7.988;0.0;45.125;3.467;
2025-05-05;13.188;0.4;39.75;5.102;0.303
2025-05-06;12.412;1.0;55.875;3.586;0.806
2025-05-07;14.075;0.4;51.0;4.344;0.284
2025-05-08;19.0;0.0;52.375;5.354;0.0
2025-05-09;22.188;0.0;49.75;6.497;0.0
2025-05-10;20.288;5.0;64.75;4.198;2.465
2025-05-11;10.425;8.0;73.875;1.904;7.674
2025-05-12;8.075;0.0;51.125;3.105;
2025-05-13;10.025;5.0;80.875;1.362;4.988
2025-05-14;12.838;0.0;57.875;3.502;0.0
2025-05-15;11.462;0.0;33.0;5.172;0.0
2025-05-16;9.688;6.0;65.875;2.384;
2025-05-17;12.975;0.0;71.125;2.418;0.0
2025-05-18;13.7;0.0;75.25;2.152;0.0
2025-05-19;13.538;4.0;59.25;3.514;2.955
2025-05-20;17.812;0.0;44.125;5.947;0.0
2025-05-21;20.038;0.0;43.25;6.684;0.0
2025-05-22;21.438;0.0;41.75;7.294;0.0
2025-05-23;23.225;0.0;39.375;8.187;0.0
2025-05-24;17.0;0.5;62.5;3.841;0.294
2025-05-25;12.5;0.0;60.0;3.266;0.0
2025-05-26;9.05;0.0;59.75;2.71;
2025-05-27;3.438;1.0;64.5;1.667;
2025-05-28;5.012;5.6;76.125;1.249;
2025-05-29;7.838;0.9;62.25;2.364;
2025-05-30;13.075;0.0;63.375;3.083;0.0
2025-05-31;16.812;0.0;67.75;3.274;0.0
2025-06-01;21.262;0.0;49.5;6.485;0.0
2025-06-02;23.3;0.0;50.125;6.981;0.0
2025-06-03;22.812;0.0;51.375;6.67;0.0
2025-06-04;23.425;0.0;50.625;6.947;0.0
2025-06-05;23.638;0.0;52.5;6.742;0.0
2025-06-06;19.888;8.0;73.5;3.204;4.023
2025-06-07;22.7;0.0;61.5;5.256;0.0
2025-06-08;15.688;19.0;81.75;1.813;12.112
2025-06-09;17.488;0.0;58.25;4.522;0.0
2025-06-10;20.025;0.0;54.75;5.504;0.0
2025-06-11;21.3;2.0;65.375;4.454;0.939
2025-06-12;23.738;1.0;61.25;5.523;0.421
2025-06-13;25.686;0.0;51.714;7.443;0.0
2025-06-14;26.05;;52.25;7.466;
2025-06-15;24.5;0.0;65.25;5.109;0.0
2025-06-16;22.012;3.0;69.25;4.078;1.363
2025-06-17;23.4;0.0;59.0;5.763;0.0
2025-06-18;25.257;0.0;50.571;7.491;0.0
2025-06-19;27.65;0.0;50.625;8.212;0.0
2025-06-20;24.725;0.0;58.375;6.175;0.0
2025-06-21;19.788;1.0;75.5;2.949;0.505
2025-06-22;22.05;0.0;55.125;5.96;0.0
2025-06-23;22.388;0.5;53.75;6.231;0.223
2025-06-24;19.65;5.1;70.0;3.589;2.595
2025-06-25;17.1;0.0;70.375;3.15;0.0
2025-06-26;18.788;0.1;45.25;6.298;0.053
2025-06-27;20.025;0.0;46.625;6.492;0.0
2025-06-28;20.875;0.0;60.375;5.003;0.0
2025-06-29;19.525;4.0;75.625;2.899;2.049
2025-06-30;21.362;0.0;67.875;4.143;0.0
2025-07-01;19.712;13.0;80.75;2.235;6.595
2025-07-02;21.625;2.0;70.125;3.771;0.925
2025-07-03;24.275;0.0;60.25;5.604;0.0
2025-07-04;25.562;0.0;56.75;6.42;0.0
2025-07-05;24.25;0.1;63.5;5.141;0.041
2025-07-06;19.738;11.0;84.0;1.859;5.573
2025-07-07;20.8;0.0;72.75;3.319;0.0
2025-07-08;18.612;4.0;89.75;1.132;2.149
2025-07-09;18.175;0.0;73.0;2.922;0.0
2025-07-10;20.262;0.0;64.25;4.253;0.0
2025-07-11;21.962;0.0;57.75;5.411;0.0
2025-07-12;20.6;0.1;73.0;3.26;0.049
2025-07-13;17.35;1.3;78.375;2.252;0.749
2025-07-14;18.25;0.1;70.75;3.177;0.055
2025-07-15;17.95;11.0;90.125;1.058;6.128
2025-07-16;20.25;0.4;72.875;3.225;0.198
2025-07-17;22.862;0.0;62.125;5.038;0.0
2025-07-18;21.0;30.0;70.125;3.671;14.286
2025-07-19;19.138;0.4;72.375;3.125;0.209
2025-07-20;16.438;0.3;64.5;3.539;0.183
2025-07-21;15.125;0.0;65.25;3.249;0.0
2025-07-22;12.9;0.4;58.5;3.461;0.31
2025-07-23;15.2;1.0;55.875;4.14;0.658
2025-07-24;16.525;0.0;54.75;4.531;0.0
2025-07-25;19.2;0.0;50.75;5.587;0.0
2025-07-26;22.2;0.0;54.143;5.932;0.0
2025-12-19;-8.45;3.0;92.0;0.127;
2025-12-20;-6.312;6.0;95.625;0.089;
2025-12-21;-18.175;4.6;82.875;0.046;
2025-12-22;-19.038;2.0;78.75;0.044;
2025-12-23;-8.938;1.5;86.25;0.206;
2025-12-24;-5.25;0.0;82.125;0.405;
2025-12-25;-5.45;0.5;87.0;0.289;
2025-12-26;-7.9;5.0;92.75;0.123;
2025-12-27;-19.2;2.9;79.5;0.04;
2025-12-28;-15.975;0.7;77.75;0.105;
2025-12-29;-17.138;0.0;82.25;0.064;
2025-12-30;-7.025;0.0;53.0;0.882;
2025-12-31;-1.8;0.0;74.25;0.805;
2026-01-01;-3.588;1.0;85.75;0.379;
